,excluded_column,imbalanced_approach,imbalanced_input,scaler,learning_rate_init,alpha,batch_size,hidden_layer_sizes,activation,solver,prediction_threshold,duration,f1_score
0,none,resampling,SMOTETomek,power,0.001,0.001,16,"(16, 8)",relu,adam,0.89,16.0,66.0
1,none,resampling,SMOTETomek,power,0.001,0.001,16,"(16, 8)",relu,sgd,0.89,44.0,66.0
2,none,resampling,SMOTETomek,power,0.001,0.001,16,"(16, 8)",relu,lbfgs,0.89,8.0,59.0
3,none,resampling,SMOTETomek,power,0.001,0.001,16,"(16, 8)",tanh,adam,0.86,44.0,64.0
4,none,resampling,SMOTETomek,power,0.001,0.001,16,"(16, 8)",tanh,sgd,0.89,30.0,62.0
5,none,resampling,SMOTETomek,power,0.001,0.001,16,"(16, 8)",tanh,lbfgs,0.89,15.0,63.0
6,none,resampling,SMOTETomek,power,0.001,0.001,64,"(16, 8)",relu,adam,0.88,9.0,62.0
7,none,resampling,SMOTETomek,power,0.001,0.001,64,"(16, 8)",relu,sgd,0.89,15.0,65.0
8,none,resampling,SMOTETomek,power,0.001,0.001,64,"(16, 8)",relu,lbfgs,0.89,9.0,59.0
9,none,resampling,SMOTETomek,power,0.001,0.001,64,"(16, 8)",tanh,adam,0.89,9.0,64.0
10,none,resampling,SMOTETomek,power,0.001,0.001,64,"(16, 8)",tanh,sgd,0.89,13.0,58.0
11,none,resampling,SMOTETomek,power,0.001,0.001,64,"(16, 8)",tanh,lbfgs,0.89,16.0,63.0
12,none,resampling,SMOTETomek,power,0.001,0.001,256,"(16, 8)",relu,adam,0.89,5.0,68.0
13,none,resampling,SMOTETomek,power,0.001,0.001,256,"(16, 8)",relu,sgd,0.89,5.0,57.0
14,none,resampling,SMOTETomek,power,0.001,0.001,256,"(16, 8)",relu,lbfgs,0.89,7.0,59.0
15,none,resampling,SMOTETomek,power,0.001,0.001,256,"(16, 8)",tanh,adam,0.89,3.0,64.0
16,none,resampling,SMOTETomek,power,0.001,0.001,256,"(16, 8)",tanh,sgd,0.87,5.0,54.0
17,none,resampling,SMOTETomek,power,0.001,0.001,256,"(16, 8)",tanh,lbfgs,0.89,14.0,63.0
18,none,resampling,SMOTETomek,power,0.01,0.001,16,"(16, 8)",relu,adam,0.86,11.0,70.0
19,none,resampling,SMOTETomek,power,0.01,0.001,16,"(16, 8)",relu,sgd,0.89,41.0,64.0
20,none,resampling,SMOTETomek,power,0.01,0.001,16,"(16, 8)",relu,lbfgs,0.89,7.0,59.0
21,none,resampling,SMOTETomek,power,0.01,0.001,16,"(16, 8)",tanh,adam,0.88,9.0,61.0
22,none,resampling,SMOTETomek,power,0.01,0.001,16,"(16, 8)",tanh,sgd,0.88,45.0,64.0
23,none,resampling,SMOTETomek,power,0.01,0.001,16,"(16, 8)",tanh,lbfgs,0.89,14.0,63.0
24,none,resampling,SMOTETomek,power,0.01,0.001,64,"(16, 8)",relu,adam,0.89,3.0,68.0
25,none,resampling,SMOTETomek,power,0.01,0.001,64,"(16, 8)",relu,sgd,0.88,12.0,66.0
26,none,resampling,SMOTETomek,power,0.01,0.001,64,"(16, 8)",relu,lbfgs,0.89,7.0,59.0
27,none,resampling,SMOTETomek,power,0.01,0.001,64,"(16, 8)",tanh,adam,0.87,5.0,60.0
28,none,resampling,SMOTETomek,power,0.01,0.001,64,"(16, 8)",tanh,sgd,0.88,9.0,62.0
29,none,resampling,SMOTETomek,power,0.01,0.001,64,"(16, 8)",tanh,lbfgs,0.89,16.0,63.0
30,none,resampling,SMOTETomek,power,0.01,0.001,256,"(16, 8)",relu,adam,0.89,1.0,68.0
31,none,resampling,SMOTETomek,power,0.01,0.001,256,"(16, 8)",relu,sgd,0.87,4.0,62.0
32,none,resampling,SMOTETomek,power,0.01,0.001,256,"(16, 8)",relu,lbfgs,0.89,8.0,59.0
33,none,resampling,SMOTETomek,power,0.01,0.001,256,"(16, 8)",tanh,adam,0.89,3.0,61.0
34,none,resampling,SMOTETomek,power,0.01,0.001,256,"(16, 8)",tanh,sgd,0.89,5.0,60.0
35,none,resampling,SMOTETomek,power,0.01,0.001,256,"(16, 8)",tanh,lbfgs,0.89,15.0,63.0
36,none,resampling,SMOTETomek,power,0.001,0.01,16,"(16, 8)",relu,adam,0.88,20.0,68.0
37,none,resampling,SMOTETomek,power,0.001,0.01,16,"(16, 8)",relu,sgd,0.88,31.0,64.0
38,none,resampling,SMOTETomek,power,0.001,0.01,16,"(16, 8)",relu,lbfgs,0.86,7.0,60.0
39,none,resampling,SMOTETomek,power,0.001,0.01,16,"(16, 8)",tanh,adam,0.88,18.0,67.0
40,none,resampling,SMOTETomek,power,0.001,0.01,16,"(16, 8)",tanh,sgd,0.88,31.0,61.0
41,none,resampling,SMOTETomek,power,0.001,0.01,16,"(16, 8)",tanh,lbfgs,0.89,16.0,59.0
42,none,resampling,SMOTETomek,power,0.001,0.01,64,"(16, 8)",relu,adam,0.88,8.0,62.0
43,none,resampling,SMOTETomek,power,0.001,0.01,64,"(16, 8)",relu,sgd,0.89,15.0,64.0
44,none,resampling,SMOTETomek,power,0.001,0.01,64,"(16, 8)",relu,lbfgs,0.86,8.0,60.0
45,none,resampling,SMOTETomek,power,0.001,0.01,64,"(16, 8)",tanh,adam,0.89,11.0,66.0
46,none,resampling,SMOTETomek,power,0.001,0.01,64,"(16, 8)",tanh,sgd,0.89,16.0,61.0
47,none,resampling,SMOTETomek,power,0.001,0.01,64,"(16, 8)",tanh,lbfgs,0.89,15.0,59.0
48,none,resampling,SMOTETomek,power,0.001,0.01,256,"(16, 8)",relu,adam,0.89,5.0,65.0
49,none,resampling,SMOTETomek,power,0.001,0.01,256,"(16, 8)",relu,sgd,0.8400000000000001,6.0,53.0
50,none,resampling,SMOTETomek,power,0.001,0.01,256,"(16, 8)",relu,lbfgs,0.86,8.0,60.0
51,none,resampling,SMOTETomek,power,0.001,0.01,256,"(16, 8)",tanh,adam,0.89,3.0,66.0
52,none,resampling,SMOTETomek,power,0.001,0.01,256,"(16, 8)",tanh,sgd,0.88,6.0,54.0
53,none,resampling,SMOTETomek,power,0.001,0.01,256,"(16, 8)",tanh,lbfgs,0.89,15.0,59.0
54,none,resampling,SMOTETomek,power,0.01,0.01,16,"(16, 8)",relu,adam,0.88,10.0,69.0
55,none,resampling,SMOTETomek,power,0.01,0.01,16,"(16, 8)",relu,sgd,0.86,41.0,63.0
56,none,resampling,SMOTETomek,power,0.01,0.01,16,"(16, 8)",relu,lbfgs,0.86,7.0,60.0
57,none,resampling,SMOTETomek,power,0.01,0.01,16,"(16, 8)",tanh,adam,0.88,7.0,59.0
58,none,resampling,SMOTETomek,power,0.01,0.01,16,"(16, 8)",tanh,sgd,0.87,34.0,69.0
59,none,resampling,SMOTETomek,power,0.01,0.01,16,"(16, 8)",tanh,lbfgs,0.89,14.0,59.0
60,none,resampling,SMOTETomek,power,0.01,0.01,64,"(16, 8)",relu,adam,0.89,5.0,58.0
61,none,resampling,SMOTETomek,power,0.01,0.01,64,"(16, 8)",relu,sgd,0.89,11.0,65.0
62,none,resampling,SMOTETomek,power,0.01,0.01,64,"(16, 8)",relu,lbfgs,0.86,7.0,60.0
63,none,resampling,SMOTETomek,power,0.01,0.01,64,"(16, 8)",tanh,adam,0.89,5.0,67.0
64,none,resampling,SMOTETomek,power,0.01,0.01,64,"(16, 8)",tanh,sgd,0.89,9.0,64.0
65,none,resampling,SMOTETomek,power,0.01,0.01,64,"(16, 8)",tanh,lbfgs,0.89,14.0,59.0
66,none,resampling,SMOTETomek,power,0.01,0.01,256,"(16, 8)",relu,adam,0.89,2.0,62.0
67,none,resampling,SMOTETomek,power,0.01,0.01,256,"(16, 8)",relu,sgd,0.87,4.0,63.0
68,none,resampling,SMOTETomek,power,0.01,0.01,256,"(16, 8)",relu,lbfgs,0.86,7.0,60.0
69,none,resampling,SMOTETomek,power,0.01,0.01,256,"(16, 8)",tanh,adam,0.88,5.0,63.0
70,none,resampling,SMOTETomek,power,0.01,0.01,256,"(16, 8)",tanh,sgd,0.89,5.0,60.0
71,none,resampling,SMOTETomek,power,0.01,0.01,256,"(16, 8)",tanh,lbfgs,0.89,14.0,59.0
72,none,resampling,SMOTETomek,power,0.001,0.001,16,"(128, 64, 32)",relu,adam,0.8200000000000001,30.0,64.0
73,none,resampling,SMOTETomek,power,0.001,0.001,16,"(128, 64, 32)",relu,sgd,0.72,91.0,71.0
74,none,resampling,SMOTETomek,power,0.001,0.001,16,"(128, 64, 32)",relu,lbfgs,0.2,140.0,58.0
75,none,resampling,SMOTETomek,power,0.001,0.001,16,"(128, 64, 32)",tanh,adam,0.81,25.0,65.0
76,none,resampling,SMOTETomek,power,0.001,0.001,16,"(128, 64, 32)",tanh,sgd,0.73,95.0,60.0
77,none,resampling,SMOTETomek,power,0.001,0.001,16,"(128, 64, 32)",tanh,lbfgs,0.08,76.0,58.0
78,none,resampling,SMOTETomek,power,0.001,0.001,64,"(128, 64, 32)",relu,adam,0.86,12.0,62.0
79,none,resampling,SMOTETomek,power,0.001,0.001,64,"(128, 64, 32)",relu,sgd,0.76,46.0,67.0
80,none,resampling,SMOTETomek,power,0.001,0.001,64,"(128, 64, 32)",relu,lbfgs,0.2,133.0,58.0
81,none,resampling,SMOTETomek,power,0.001,0.001,64,"(128, 64, 32)",tanh,adam,0.81,19.0,61.0
82,none,resampling,SMOTETomek,power,0.001,0.001,64,"(128, 64, 32)",tanh,sgd,0.86,62.0,62.0
83,none,resampling,SMOTETomek,power,0.001,0.001,64,"(128, 64, 32)",tanh,lbfgs,0.08,62.0,58.0
84,none,resampling,SMOTETomek,power,0.001,0.001,256,"(128, 64, 32)",relu,adam,0.88,8.0,66.0
85,none,resampling,SMOTETomek,power,0.001,0.001,256,"(128, 64, 32)",relu,sgd,0.86,32.0,68.0
86,none,resampling,SMOTETomek,power,0.001,0.001,256,"(128, 64, 32)",relu,lbfgs,0.2,146.0,58.0
87,none,resampling,SMOTETomek,power,0.001,0.001,256,"(128, 64, 32)",tanh,adam,0.8200000000000001,18.0,61.0
88,none,resampling,SMOTETomek,power,0.001,0.001,256,"(128, 64, 32)",tanh,sgd,0.88,38.0,66.0
89,none,resampling,SMOTETomek,power,0.001,0.001,256,"(128, 64, 32)",tanh,lbfgs,0.08,57.0,58.0
90,none,resampling,SMOTETomek,power,0.01,0.001,16,"(128, 64, 32)",relu,adam,0.89,24.0,70.0
91,none,resampling,SMOTETomek,power,0.01,0.001,16,"(128, 64, 32)",relu,sgd,0.89,67.0,69.0
92,none,resampling,SMOTETomek,power,0.01,0.001,16,"(128, 64, 32)",relu,lbfgs,0.2,149.0,58.0
93,none,resampling,SMOTETomek,power,0.01,0.001,16,"(128, 64, 32)",tanh,adam,0.87,15.0,60.0
94,none,resampling,SMOTETomek,power,0.01,0.001,16,"(128, 64, 32)",tanh,sgd,0.89,84.0,60.0
95,none,resampling,SMOTETomek,power,0.01,0.001,16,"(128, 64, 32)",tanh,lbfgs,0.08,62.0,58.0
96,none,resampling,SMOTETomek,power,0.01,0.001,64,"(128, 64, 32)",relu,adam,0.89,20.0,61.0
97,none,resampling,SMOTETomek,power,0.01,0.001,64,"(128, 64, 32)",relu,sgd,0.87,34.0,69.0
98,none,resampling,SMOTETomek,power,0.01,0.001,64,"(128, 64, 32)",relu,lbfgs,0.2,145.0,58.0
99,none,resampling,SMOTETomek,power,0.01,0.001,64,"(128, 64, 32)",tanh,adam,0.89,9.0,59.0
100,none,resampling,SMOTETomek,power,0.01,0.001,64,"(128, 64, 32)",tanh,sgd,0.87,41.0,61.0
101,none,resampling,SMOTETomek,power,0.01,0.001,64,"(128, 64, 32)",tanh,lbfgs,0.08,74.0,58.0
102,none,resampling,SMOTETomek,power,0.01,0.001,256,"(128, 64, 32)",relu,adam,0.89,6.0,66.0
103,none,resampling,SMOTETomek,power,0.01,0.001,256,"(128, 64, 32)",relu,sgd,0.89,18.0,68.0
104,none,resampling,SMOTETomek,power,0.01,0.001,256,"(128, 64, 32)",relu,lbfgs,0.2,142.0,58.0
105,none,resampling,SMOTETomek,power,0.01,0.001,256,"(128, 64, 32)",tanh,adam,0.89,6.0,65.0
106,none,resampling,SMOTETomek,power,0.01,0.001,256,"(128, 64, 32)",tanh,sgd,0.63,48.0,59.0
107,none,resampling,SMOTETomek,power,0.01,0.001,256,"(128, 64, 32)",tanh,lbfgs,0.08,74.0,58.0
108,none,resampling,SMOTETomek,power,0.001,0.01,16,"(128, 64, 32)",relu,adam,0.89,23.0,67.0
109,none,resampling,SMOTETomek,power,0.001,0.01,16,"(128, 64, 32)",relu,sgd,0.87,70.0,69.0
110,none,resampling,SMOTETomek,power,0.001,0.01,16,"(128, 64, 32)",relu,lbfgs,0.74,150.0,57.0
111,none,resampling,SMOTETomek,power,0.001,0.01,16,"(128, 64, 32)",tanh,adam,0.89,26.0,66.0
112,none,resampling,SMOTETomek,power,0.001,0.01,16,"(128, 64, 32)",tanh,sgd,0.78,80.0,64.0
113,none,resampling,SMOTETomek,power,0.001,0.01,16,"(128, 64, 32)",tanh,lbfgs,0.8400000000000001,68.0,60.0
114,none,resampling,SMOTETomek,power,0.001,0.01,64,"(128, 64, 32)",relu,adam,0.88,12.0,66.0
115,none,resampling,SMOTETomek,power,0.001,0.01,64,"(128, 64, 32)",relu,sgd,0.85,40.0,67.0
116,none,resampling,SMOTETomek,power,0.001,0.01,64,"(128, 64, 32)",relu,lbfgs,0.74,142.0,57.0
117,none,resampling,SMOTETomek,power,0.001,0.01,64,"(128, 64, 32)",tanh,adam,0.8200000000000001,16.0,67.0
118,none,resampling,SMOTETomek,power,0.001,0.01,64,"(128, 64, 32)",tanh,sgd,0.88,66.0,62.0
119,none,resampling,SMOTETomek,power,0.001,0.01,64,"(128, 64, 32)",tanh,lbfgs,0.8400000000000001,64.0,60.0
120,none,resampling,SMOTETomek,power,0.001,0.01,256,"(128, 64, 32)",relu,adam,0.86,11.0,65.0
121,none,resampling,SMOTETomek,power,0.001,0.01,256,"(128, 64, 32)",relu,sgd,0.86,25.0,68.0
122,none,resampling,SMOTETomek,power,0.001,0.01,256,"(128, 64, 32)",relu,lbfgs,0.74,141.0,57.0
123,none,resampling,SMOTETomek,power,0.001,0.01,256,"(128, 64, 32)",tanh,adam,0.88,11.0,67.0
124,none,resampling,SMOTETomek,power,0.001,0.01,256,"(128, 64, 32)",tanh,sgd,0.89,35.0,65.0
125,none,resampling,SMOTETomek,power,0.001,0.01,256,"(128, 64, 32)",tanh,lbfgs,0.8400000000000001,66.0,60.0
126,none,resampling,SMOTETomek,power,0.01,0.01,16,"(128, 64, 32)",relu,adam,0.88,14.0,70.0
127,none,resampling,SMOTETomek,power,0.01,0.01,16,"(128, 64, 32)",relu,sgd,0.85,74.0,69.0
128,none,resampling,SMOTETomek,power,0.01,0.01,16,"(128, 64, 32)",relu,lbfgs,0.74,167.0,57.0
129,none,resampling,SMOTETomek,power,0.01,0.01,16,"(128, 64, 32)",tanh,adam,0.87,31.0,69.0
130,none,resampling,SMOTETomek,power,0.01,0.01,16,"(128, 64, 32)",tanh,sgd,0.87,79.0,64.0
131,none,resampling,SMOTETomek,power,0.01,0.01,16,"(128, 64, 32)",tanh,lbfgs,0.8400000000000001,67.0,60.0
132,none,resampling,SMOTETomek,power,0.01,0.01,64,"(128, 64, 32)",relu,adam,0.87,11.0,63.0
133,none,resampling,SMOTETomek,power,0.01,0.01,64,"(128, 64, 32)",relu,sgd,0.81,34.0,69.0
134,none,resampling,SMOTETomek,power,0.01,0.01,64,"(128, 64, 32)",relu,lbfgs,0.74,156.0,57.0
135,none,resampling,SMOTETomek,power,0.01,0.01,64,"(128, 64, 32)",tanh,adam,0.89,22.0,68.0
136,none,resampling,SMOTETomek,power,0.01,0.01,64,"(128, 64, 32)",tanh,sgd,0.81,44.0,63.0
137,none,resampling,SMOTETomek,power,0.01,0.01,64,"(128, 64, 32)",tanh,lbfgs,0.8400000000000001,65.0,60.0
138,none,resampling,SMOTETomek,power,0.01,0.01,256,"(128, 64, 32)",relu,adam,0.89,7.0,65.0
139,none,resampling,SMOTETomek,power,0.01,0.01,256,"(128, 64, 32)",relu,sgd,0.89,19.0,68.0
140,none,resampling,SMOTETomek,power,0.01,0.01,256,"(128, 64, 32)",relu,lbfgs,0.74,158.0,57.0
141,none,resampling,SMOTETomek,power,0.01,0.01,256,"(128, 64, 32)",tanh,adam,0.85,9.0,58.0
142,none,resampling,SMOTETomek,power,0.01,0.01,256,"(128, 64, 32)",tanh,sgd,0.86,43.0,61.0
143,none,resampling,SMOTETomek,power,0.01,0.01,256,"(128, 64, 32)",tanh,lbfgs,0.8400000000000001,68.0,60.0
144,none,resampling,SMOTETomek,power,0.001,0.001,16,"(256, 128, 64, 32)",relu,adam,0.89,77.0,60.0
145,none,resampling,SMOTETomek,power,0.001,0.001,16,"(256, 128, 64, 32)",relu,sgd,0.8400000000000001,248.0,64.0
146,none,resampling,SMOTETomek,power,0.001,0.001,16,"(256, 128, 64, 32)",relu,lbfgs,0.06999999999999999,130.0,58.0
147,none,resampling,SMOTETomek,power,0.001,0.001,16,"(256, 128, 64, 32)",tanh,adam,0.89,85.0,66.0
148,none,resampling,SMOTETomek,power,0.001,0.001,16,"(256, 128, 64, 32)",tanh,sgd,0.75,283.0,63.0
149,none,resampling,SMOTETomek,power,0.001,0.001,16,"(256, 128, 64, 32)",tanh,lbfgs,0.12,86.0,57.0
150,none,resampling,SMOTETomek,power,0.001,0.001,64,"(256, 128, 64, 32)",relu,adam,0.86,23.0,64.0
151,none,resampling,SMOTETomek,power,0.001,0.001,64,"(256, 128, 64, 32)",relu,sgd,0.77,74.0,66.0
152,none,resampling,SMOTETomek,power,0.001,0.001,64,"(256, 128, 64, 32)",relu,lbfgs,0.06999999999999999,127.0,58.0
153,none,resampling,SMOTETomek,power,0.001,0.001,64,"(256, 128, 64, 32)",tanh,adam,0.7000000000000001,38.0,58.0
154,none,resampling,SMOTETomek,power,0.001,0.001,64,"(256, 128, 64, 32)",tanh,sgd,0.89,192.0,66.0
155,none,resampling,SMOTETomek,power,0.001,0.001,64,"(256, 128, 64, 32)",tanh,lbfgs,0.12,84.0,57.0
156,none,resampling,SMOTETomek,power,0.001,0.001,256,"(256, 128, 64, 32)",relu,adam,0.63,21.0,64.0
157,none,resampling,SMOTETomek,power,0.001,0.001,256,"(256, 128, 64, 32)",relu,sgd,0.8300000000000001,67.0,64.0
158,none,resampling,SMOTETomek,power,0.001,0.001,256,"(256, 128, 64, 32)",relu,lbfgs,0.06999999999999999,127.0,58.0
159,none,resampling,SMOTETomek,power,0.001,0.001,256,"(256, 128, 64, 32)",tanh,adam,0.88,28.0,63.0
160,none,resampling,SMOTETomek,power,0.001,0.001,256,"(256, 128, 64, 32)",tanh,sgd,0.86,104.0,66.0
161,none,resampling,SMOTETomek,power,0.001,0.001,256,"(256, 128, 64, 32)",tanh,lbfgs,0.12,85.0,57.0
162,none,resampling,SMOTETomek,power,0.01,0.001,16,"(256, 128, 64, 32)",relu,adam,0.89,60.0,67.0
163,none,resampling,SMOTETomek,power,0.01,0.001,16,"(256, 128, 64, 32)",relu,sgd,0.79,216.0,69.0
164,none,resampling,SMOTETomek,power,0.01,0.001,16,"(256, 128, 64, 32)",relu,lbfgs,0.06999999999999999,140.0,58.0
165,none,resampling,SMOTETomek,power,0.01,0.001,16,"(256, 128, 64, 32)",tanh,adam,0.8300000000000001,39.0,44.0
166,none,resampling,SMOTETomek,power,0.01,0.001,16,"(256, 128, 64, 32)",tanh,sgd,0.86,262.0,62.0
167,none,resampling,SMOTETomek,power,0.01,0.001,16,"(256, 128, 64, 32)",tanh,lbfgs,0.12,88.0,57.0
168,none,resampling,SMOTETomek,power,0.01,0.001,64,"(256, 128, 64, 32)",relu,adam,0.86,31.0,63.0
169,none,resampling,SMOTETomek,power,0.01,0.001,64,"(256, 128, 64, 32)",relu,sgd,0.88,73.0,68.0
170,none,resampling,SMOTETomek,power,0.01,0.001,64,"(256, 128, 64, 32)",relu,lbfgs,0.06999999999999999,131.0,58.0
171,none,resampling,SMOTETomek,power,0.01,0.001,64,"(256, 128, 64, 32)",tanh,adam,0.89,19.0,58.0
172,none,resampling,SMOTETomek,power,0.01,0.001,64,"(256, 128, 64, 32)",tanh,sgd,0.8200000000000001,101.0,65.0
173,none,resampling,SMOTETomek,power,0.01,0.001,64,"(256, 128, 64, 32)",tanh,lbfgs,0.12,85.0,57.0
174,none,resampling,SMOTETomek,power,0.01,0.001,256,"(256, 128, 64, 32)",relu,adam,0.89,10.0,66.0
175,none,resampling,SMOTETomek,power,0.01,0.001,256,"(256, 128, 64, 32)",relu,sgd,0.78,37.0,65.0
176,none,resampling,SMOTETomek,power,0.01,0.001,256,"(256, 128, 64, 32)",relu,lbfgs,0.06999999999999999,130.0,58.0
177,none,resampling,SMOTETomek,power,0.01,0.001,256,"(256, 128, 64, 32)",tanh,adam,0.86,17.0,60.0
178,none,resampling,SMOTETomek,power,0.01,0.001,256,"(256, 128, 64, 32)",tanh,sgd,0.65,85.0,62.0
179,none,resampling,SMOTETomek,power,0.01,0.001,256,"(256, 128, 64, 32)",tanh,lbfgs,0.12,84.0,57.0
180,none,resampling,SMOTETomek,power,0.001,0.01,16,"(256, 128, 64, 32)",relu,adam,0.89,89.0,69.0
181,none,resampling,SMOTETomek,power,0.001,0.01,16,"(256, 128, 64, 32)",relu,sgd,0.8200000000000001,155.0,69.0
182,none,resampling,SMOTETomek,power,0.001,0.01,16,"(256, 128, 64, 32)",relu,lbfgs,0.7000000000000001,123.0,59.0
183,none,resampling,SMOTETomek,power,0.001,0.01,16,"(256, 128, 64, 32)",tanh,adam,0.79,67.0,63.0
184,none,resampling,SMOTETomek,power,0.001,0.01,16,"(256, 128, 64, 32)",tanh,sgd,0.89,270.0,68.0
185,none,resampling,SMOTETomek,power,0.001,0.01,16,"(256, 128, 64, 32)",tanh,lbfgs,0.23,81.0,60.0
186,none,resampling,SMOTETomek,power,0.001,0.01,64,"(256, 128, 64, 32)",relu,adam,0.77,36.0,67.0
187,none,resampling,SMOTETomek,power,0.001,0.01,64,"(256, 128, 64, 32)",relu,sgd,0.85,73.0,68.0
188,none,resampling,SMOTETomek,power,0.001,0.01,64,"(256, 128, 64, 32)",relu,lbfgs,0.7000000000000001,126.0,59.0
189,none,resampling,SMOTETomek,power,0.001,0.01,64,"(256, 128, 64, 32)",tanh,adam,0.61,47.0,61.0
190,none,resampling,SMOTETomek,power,0.001,0.01,64,"(256, 128, 64, 32)",tanh,sgd,0.89,192.0,65.0
191,none,resampling,SMOTETomek,power,0.001,0.01,64,"(256, 128, 64, 32)",tanh,lbfgs,0.23,78.0,60.0
192,none,resampling,SMOTETomek,power,0.001,0.01,256,"(256, 128, 64, 32)",relu,adam,0.89,15.0,67.0
193,none,resampling,SMOTETomek,power,0.001,0.01,256,"(256, 128, 64, 32)",relu,sgd,0.87,61.0,65.0
194,none,resampling,SMOTETomek,power,0.001,0.01,256,"(256, 128, 64, 32)",relu,lbfgs,0.7000000000000001,132.0,59.0
195,none,resampling,SMOTETomek,power,0.001,0.01,256,"(256, 128, 64, 32)",tanh,adam,0.89,30.0,62.0
196,none,resampling,SMOTETomek,power,0.001,0.01,256,"(256, 128, 64, 32)",tanh,sgd,0.89,118.0,67.0
197,none,resampling,SMOTETomek,power,0.001,0.01,256,"(256, 128, 64, 32)",tanh,lbfgs,0.23,79.0,60.0
198,none,resampling,SMOTETomek,power,0.01,0.01,16,"(256, 128, 64, 32)",relu,adam,0.89,61.0,72.0
199,none,resampling,SMOTETomek,power,0.01,0.01,16,"(256, 128, 64, 32)",relu,sgd,0.8300000000000001,167.0,68.0
200,none,resampling,SMOTETomek,power,0.01,0.01,16,"(256, 128, 64, 32)",relu,lbfgs,0.7000000000000001,126.0,59.0
201,none,resampling,SMOTETomek,power,0.01,0.01,16,"(256, 128, 64, 32)",tanh,adam,0.89,56.0,62.0
202,none,resampling,SMOTETomek,power,0.01,0.01,16,"(256, 128, 64, 32)",tanh,sgd,0.77,179.0,65.0
203,none,resampling,SMOTETomek,power,0.01,0.01,16,"(256, 128, 64, 32)",tanh,lbfgs,0.23,74.0,60.0
204,none,resampling,SMOTETomek,power,0.01,0.01,64,"(256, 128, 64, 32)",relu,adam,0.89,24.0,65.0
205,none,resampling,SMOTETomek,power,0.01,0.01,64,"(256, 128, 64, 32)",relu,sgd,0.85,74.0,68.0
206,none,resampling,SMOTETomek,power,0.01,0.01,64,"(256, 128, 64, 32)",relu,lbfgs,0.7000000000000001,107.0,59.0
207,none,resampling,SMOTETomek,power,0.01,0.01,64,"(256, 128, 64, 32)",tanh,adam,0.89,26.0,60.0
208,none,resampling,SMOTETomek,power,0.01,0.01,64,"(256, 128, 64, 32)",tanh,sgd,0.67,89.0,62.0
209,none,resampling,SMOTETomek,power,0.01,0.01,64,"(256, 128, 64, 32)",tanh,lbfgs,0.23,73.0,60.0
210,none,resampling,SMOTETomek,power,0.01,0.01,256,"(256, 128, 64, 32)",relu,adam,0.81,10.0,66.0
211,none,resampling,SMOTETomek,power,0.01,0.01,256,"(256, 128, 64, 32)",relu,sgd,0.79,35.0,66.0
212,none,resampling,SMOTETomek,power,0.01,0.01,256,"(256, 128, 64, 32)",relu,lbfgs,0.7000000000000001,106.0,59.0
213,none,resampling,SMOTETomek,power,0.01,0.01,256,"(256, 128, 64, 32)",tanh,adam,0.89,18.0,67.0
214,none,resampling,SMOTETomek,power,0.01,0.01,256,"(256, 128, 64, 32)",tanh,sgd,0.66,82.0,63.0
215,none,resampling,SMOTETomek,power,0.01,0.01,256,"(256, 128, 64, 32)",tanh,lbfgs,0.23,74.0,60.0
216,none,resampling,ADASYN,power,0.001,0.001,16,"(16, 8)",relu,adam,0.89,23.0,60.0
217,none,resampling,ADASYN,power,0.001,0.001,16,"(16, 8)",relu,sgd,0.88,31.0,59.0
218,none,resampling,ADASYN,power,0.001,0.001,16,"(16, 8)",relu,lbfgs,0.8300000000000001,6.0,53.0
219,none,resampling,ADASYN,power,0.001,0.001,16,"(16, 8)",tanh,adam,0.76,29.0,54.0
220,none,resampling,ADASYN,power,0.001,0.001,16,"(16, 8)",tanh,sgd,0.88,36.0,60.0
221,none,resampling,ADASYN,power,0.001,0.001,16,"(16, 8)",tanh,lbfgs,0.79,13.0,56.0
222,none,resampling,ADASYN,power,0.001,0.001,64,"(16, 8)",relu,adam,0.87,7.0,58.0
223,none,resampling,ADASYN,power,0.001,0.001,64,"(16, 8)",relu,sgd,0.8400000000000001,11.0,55.0
224,none,resampling,ADASYN,power,0.001,0.001,64,"(16, 8)",relu,lbfgs,0.8300000000000001,6.0,53.0
225,none,resampling,ADASYN,power,0.001,0.001,64,"(16, 8)",tanh,adam,0.88,8.0,58.0
226,none,resampling,ADASYN,power,0.001,0.001,64,"(16, 8)",tanh,sgd,0.89,16.0,60.0
227,none,resampling,ADASYN,power,0.001,0.001,64,"(16, 8)",tanh,lbfgs,0.79,13.0,56.0
228,none,resampling,ADASYN,power,0.001,0.001,256,"(16, 8)",relu,adam,0.89,3.0,61.0
229,none,resampling,ADASYN,power,0.001,0.001,256,"(16, 8)",relu,sgd,0.87,6.0,55.0
230,none,resampling,ADASYN,power,0.001,0.001,256,"(16, 8)",relu,lbfgs,0.8300000000000001,6.0,53.0
231,none,resampling,ADASYN,power,0.001,0.001,256,"(16, 8)",tanh,adam,0.89,4.0,61.0
232,none,resampling,ADASYN,power,0.001,0.001,256,"(16, 8)",tanh,sgd,0.89,7.0,54.0
233,none,resampling,ADASYN,power,0.001,0.001,256,"(16, 8)",tanh,lbfgs,0.79,13.0,56.0
234,none,resampling,ADASYN,power,0.01,0.001,16,"(16, 8)",relu,adam,0.88,16.0,64.0
235,none,resampling,ADASYN,power,0.01,0.001,16,"(16, 8)",relu,sgd,0.88,41.0,61.0
236,none,resampling,ADASYN,power,0.01,0.001,16,"(16, 8)",relu,lbfgs,0.8300000000000001,6.0,53.0
237,none,resampling,ADASYN,power,0.01,0.001,16,"(16, 8)",tanh,adam,0.89,8.0,62.0
238,none,resampling,ADASYN,power,0.01,0.001,16,"(16, 8)",tanh,sgd,0.87,35.0,58.0
239,none,resampling,ADASYN,power,0.01,0.001,16,"(16, 8)",tanh,lbfgs,0.79,13.0,56.0
240,none,resampling,ADASYN,power,0.01,0.001,64,"(16, 8)",relu,adam,0.89,5.0,62.0
241,none,resampling,ADASYN,power,0.01,0.001,64,"(16, 8)",relu,sgd,0.8200000000000001,11.0,60.0
242,none,resampling,ADASYN,power,0.01,0.001,64,"(16, 8)",relu,lbfgs,0.8300000000000001,6.0,53.0
243,none,resampling,ADASYN,power,0.01,0.001,64,"(16, 8)",tanh,adam,0.89,5.0,58.0
244,none,resampling,ADASYN,power,0.01,0.001,64,"(16, 8)",tanh,sgd,0.89,11.0,59.0
245,none,resampling,ADASYN,power,0.01,0.001,64,"(16, 8)",tanh,lbfgs,0.79,13.0,56.0
246,none,resampling,ADASYN,power,0.01,0.001,256,"(16, 8)",relu,adam,0.87,3.0,58.0
247,none,resampling,ADASYN,power,0.01,0.001,256,"(16, 8)",relu,sgd,0.89,5.0,57.0
248,none,resampling,ADASYN,power,0.01,0.001,256,"(16, 8)",relu,lbfgs,0.8300000000000001,6.0,53.0
249,none,resampling,ADASYN,power,0.01,0.001,256,"(16, 8)",tanh,adam,0.89,2.0,60.0
250,none,resampling,ADASYN,power,0.01,0.001,256,"(16, 8)",tanh,sgd,0.89,5.0,56.0
251,none,resampling,ADASYN,power,0.01,0.001,256,"(16, 8)",tanh,lbfgs,0.79,13.0,56.0
252,none,resampling,ADASYN,power,0.001,0.01,16,"(16, 8)",relu,adam,0.88,21.0,63.0
253,none,resampling,ADASYN,power,0.001,0.01,16,"(16, 8)",relu,sgd,0.88,44.0,65.0
254,none,resampling,ADASYN,power,0.001,0.01,16,"(16, 8)",relu,lbfgs,0.79,6.0,61.0
255,none,resampling,ADASYN,power,0.001,0.01,16,"(16, 8)",tanh,adam,0.8200000000000001,33.0,60.0
256,none,resampling,ADASYN,power,0.001,0.01,16,"(16, 8)",tanh,sgd,0.89,36.0,57.0
257,none,resampling,ADASYN,power,0.001,0.01,16,"(16, 8)",tanh,lbfgs,0.89,13.0,60.0
258,none,resampling,ADASYN,power,0.001,0.01,64,"(16, 8)",relu,adam,0.86,3.0,57.0
259,none,resampling,ADASYN,power,0.001,0.01,64,"(16, 8)",relu,sgd,0.89,10.0,57.0
260,none,resampling,ADASYN,power,0.001,0.01,64,"(16, 8)",relu,lbfgs,0.79,6.0,61.0
261,none,resampling,ADASYN,power,0.001,0.01,64,"(16, 8)",tanh,adam,0.89,12.0,62.0
262,none,resampling,ADASYN,power,0.001,0.01,64,"(16, 8)",tanh,sgd,0.89,16.0,60.0
263,none,resampling,ADASYN,power,0.001,0.01,64,"(16, 8)",tanh,lbfgs,0.89,13.0,60.0
264,none,resampling,ADASYN,power,0.001,0.01,256,"(16, 8)",relu,adam,0.89,3.0,63.0
265,none,resampling,ADASYN,power,0.001,0.01,256,"(16, 8)",relu,sgd,0.88,6.0,59.0
266,none,resampling,ADASYN,power,0.001,0.01,256,"(16, 8)",relu,lbfgs,0.79,6.0,61.0
267,none,resampling,ADASYN,power,0.001,0.01,256,"(16, 8)",tanh,adam,0.86,4.0,58.0
268,none,resampling,ADASYN,power,0.001,0.01,256,"(16, 8)",tanh,sgd,0.89,7.0,54.0
269,none,resampling,ADASYN,power,0.001,0.01,256,"(16, 8)",tanh,lbfgs,0.89,13.0,60.0
270,none,resampling,ADASYN,power,0.01,0.01,16,"(16, 8)",relu,adam,0.89,14.0,69.0
271,none,resampling,ADASYN,power,0.01,0.01,16,"(16, 8)",relu,sgd,0.87,38.0,65.0
272,none,resampling,ADASYN,power,0.01,0.01,16,"(16, 8)",relu,lbfgs,0.79,6.0,61.0
273,none,resampling,ADASYN,power,0.01,0.01,16,"(16, 8)",tanh,adam,0.89,15.0,65.0
274,none,resampling,ADASYN,power,0.01,0.01,16,"(16, 8)",tanh,sgd,0.89,37.0,66.0
275,none,resampling,ADASYN,power,0.01,0.01,16,"(16, 8)",tanh,lbfgs,0.89,13.0,60.0
276,none,resampling,ADASYN,power,0.01,0.01,64,"(16, 8)",relu,adam,0.88,4.0,60.0
277,none,resampling,ADASYN,power,0.01,0.01,64,"(16, 8)",relu,sgd,0.86,13.0,63.0
278,none,resampling,ADASYN,power,0.01,0.01,64,"(16, 8)",relu,lbfgs,0.79,6.0,61.0
279,none,resampling,ADASYN,power,0.01,0.01,64,"(16, 8)",tanh,adam,0.88,6.0,61.0
280,none,resampling,ADASYN,power,0.01,0.01,64,"(16, 8)",tanh,sgd,0.89,17.0,61.0
281,none,resampling,ADASYN,power,0.01,0.01,64,"(16, 8)",tanh,lbfgs,0.89,13.0,60.0
282,none,resampling,ADASYN,power,0.01,0.01,256,"(16, 8)",relu,adam,0.89,3.0,60.0
283,none,resampling,ADASYN,power,0.01,0.01,256,"(16, 8)",relu,sgd,0.89,4.0,61.0
284,none,resampling,ADASYN,power,0.01,0.01,256,"(16, 8)",relu,lbfgs,0.79,6.0,61.0
285,none,resampling,ADASYN,power,0.01,0.01,256,"(16, 8)",tanh,adam,0.89,2.0,58.0
286,none,resampling,ADASYN,power,0.01,0.01,256,"(16, 8)",tanh,sgd,0.89,5.0,57.0
287,none,resampling,ADASYN,power,0.01,0.01,256,"(16, 8)",tanh,lbfgs,0.89,13.0,60.0
288,none,resampling,ADASYN,power,0.001,0.001,16,"(128, 64, 32)",relu,adam,0.86,35.0,67.0
289,none,resampling,ADASYN,power,0.001,0.001,16,"(128, 64, 32)",relu,sgd,0.81,65.0,66.0
290,none,resampling,ADASYN,power,0.001,0.001,16,"(128, 64, 32)",relu,lbfgs,0.04,144.0,59.0
291,none,resampling,ADASYN,power,0.001,0.001,16,"(128, 64, 32)",tanh,adam,0.88,27.0,60.0
292,none,resampling,ADASYN,power,0.001,0.001,16,"(128, 64, 32)",tanh,sgd,0.86,82.0,62.0
293,none,resampling,ADASYN,power,0.001,0.001,16,"(128, 64, 32)",tanh,lbfgs,0.09999999999999999,61.0,54.0
294,none,resampling,ADASYN,power,0.001,0.001,64,"(128, 64, 32)",relu,adam,0.76,11.0,68.0
295,none,resampling,ADASYN,power,0.001,0.001,64,"(128, 64, 32)",relu,sgd,0.8200000000000001,39.0,65.0
296,none,resampling,ADASYN,power,0.001,0.001,64,"(128, 64, 32)",relu,lbfgs,0.04,146.0,59.0
297,none,resampling,ADASYN,power,0.001,0.001,64,"(128, 64, 32)",tanh,adam,0.87,15.0,59.0
298,none,resampling,ADASYN,power,0.001,0.001,64,"(128, 64, 32)",tanh,sgd,0.89,62.0,62.0
299,none,resampling,ADASYN,power,0.001,0.001,64,"(128, 64, 32)",tanh,lbfgs,0.09999999999999999,59.0,54.0
300,none,resampling,ADASYN,power,0.001,0.001,256,"(128, 64, 32)",relu,adam,0.8200000000000001,8.0,58.0
301,none,resampling,ADASYN,power,0.001,0.001,256,"(128, 64, 32)",relu,sgd,0.8300000000000001,30.0,63.0
302,none,resampling,ADASYN,power,0.001,0.001,256,"(128, 64, 32)",relu,lbfgs,0.04,143.0,59.0
303,none,resampling,ADASYN,power,0.001,0.001,256,"(128, 64, 32)",tanh,adam,0.87,16.0,62.0
304,none,resampling,ADASYN,power,0.001,0.001,256,"(128, 64, 32)",tanh,sgd,0.89,68.0,60.0
305,none,resampling,ADASYN,power,0.001,0.001,256,"(128, 64, 32)",tanh,lbfgs,0.09999999999999999,62.0,54.0
306,none,resampling,ADASYN,power,0.01,0.001,16,"(128, 64, 32)",relu,adam,0.89,27.0,63.0
307,none,resampling,ADASYN,power,0.01,0.001,16,"(128, 64, 32)",relu,sgd,0.85,69.0,63.0
308,none,resampling,ADASYN,power,0.01,0.001,16,"(128, 64, 32)",relu,lbfgs,0.04,146.0,59.0
309,none,resampling,ADASYN,power,0.01,0.001,16,"(128, 64, 32)",tanh,adam,0.89,23.0,51.0
310,none,resampling,ADASYN,power,0.01,0.001,16,"(128, 64, 32)",tanh,sgd,0.86,71.0,62.0
311,none,resampling,ADASYN,power,0.01,0.001,16,"(128, 64, 32)",tanh,lbfgs,0.09999999999999999,58.0,54.0
312,none,resampling,ADASYN,power,0.01,0.001,64,"(128, 64, 32)",relu,adam,0.78,10.0,60.0
313,none,resampling,ADASYN,power,0.01,0.001,64,"(128, 64, 32)",relu,sgd,0.89,33.0,65.0
314,none,resampling,ADASYN,power,0.01,0.001,64,"(128, 64, 32)",relu,lbfgs,0.04,145.0,59.0
315,none,resampling,ADASYN,power,0.01,0.001,64,"(128, 64, 32)",tanh,adam,0.89,18.0,55.0
316,none,resampling,ADASYN,power,0.01,0.001,64,"(128, 64, 32)",tanh,sgd,0.86,45.0,58.0
317,none,resampling,ADASYN,power,0.01,0.001,64,"(128, 64, 32)",tanh,lbfgs,0.09999999999999999,59.0,54.0
318,none,resampling,ADASYN,power,0.01,0.001,256,"(128, 64, 32)",relu,adam,0.88,7.0,67.0
319,none,resampling,ADASYN,power,0.01,0.001,256,"(128, 64, 32)",relu,sgd,0.87,19.0,63.0
320,none,resampling,ADASYN,power,0.01,0.001,256,"(128, 64, 32)",relu,lbfgs,0.04,146.0,59.0
321,none,resampling,ADASYN,power,0.01,0.001,256,"(128, 64, 32)",tanh,adam,0.89,7.0,59.0
322,none,resampling,ADASYN,power,0.01,0.001,256,"(128, 64, 32)",tanh,sgd,0.8400000000000001,38.0,63.0
323,none,resampling,ADASYN,power,0.01,0.001,256,"(128, 64, 32)",tanh,lbfgs,0.09999999999999999,55.0,54.0
324,none,resampling,ADASYN,power,0.001,0.01,16,"(128, 64, 32)",relu,adam,0.89,27.0,67.0
325,none,resampling,ADASYN,power,0.001,0.01,16,"(128, 64, 32)",relu,sgd,0.87,73.0,67.0
326,none,resampling,ADASYN,power,0.001,0.01,16,"(128, 64, 32)",relu,lbfgs,0.05,135.0,57.0
327,none,resampling,ADASYN,power,0.001,0.01,16,"(128, 64, 32)",tanh,adam,0.77,29.0,64.0
328,none,resampling,ADASYN,power,0.001,0.01,16,"(128, 64, 32)",tanh,sgd,0.89,80.0,62.0
329,none,resampling,ADASYN,power,0.001,0.01,16,"(128, 64, 32)",tanh,lbfgs,0.09999999999999999,61.0,55.0
330,none,resampling,ADASYN,power,0.001,0.01,64,"(128, 64, 32)",relu,adam,0.88,10.0,65.0
331,none,resampling,ADASYN,power,0.001,0.01,64,"(128, 64, 32)",relu,sgd,0.87,36.0,65.0
332,none,resampling,ADASYN,power,0.001,0.01,64,"(128, 64, 32)",relu,lbfgs,0.05,134.0,57.0
333,none,resampling,ADASYN,power,0.001,0.01,64,"(128, 64, 32)",tanh,adam,0.86,19.0,58.0
334,none,resampling,ADASYN,power,0.001,0.01,64,"(128, 64, 32)",tanh,sgd,0.88,58.0,62.0
335,none,resampling,ADASYN,power,0.001,0.01,64,"(128, 64, 32)",tanh,lbfgs,0.09999999999999999,58.0,55.0
336,none,resampling,ADASYN,power,0.001,0.01,256,"(128, 64, 32)",relu,adam,0.76,10.0,63.0
337,none,resampling,ADASYN,power,0.001,0.01,256,"(128, 64, 32)",relu,sgd,0.79,31.0,62.0
338,none,resampling,ADASYN,power,0.001,0.01,256,"(128, 64, 32)",relu,lbfgs,0.05,134.0,57.0
339,none,resampling,ADASYN,power,0.001,0.01,256,"(128, 64, 32)",tanh,adam,0.8400000000000001,9.0,62.0
340,none,resampling,ADASYN,power,0.001,0.01,256,"(128, 64, 32)",tanh,sgd,0.89,74.0,60.0
341,none,resampling,ADASYN,power,0.001,0.01,256,"(128, 64, 32)",tanh,lbfgs,0.09999999999999999,57.0,55.0
342,none,resampling,ADASYN,power,0.01,0.01,16,"(128, 64, 32)",relu,adam,0.89,32.0,65.0
343,none,resampling,ADASYN,power,0.01,0.01,16,"(128, 64, 32)",relu,sgd,0.87,79.0,69.0
344,none,resampling,ADASYN,power,0.01,0.01,16,"(128, 64, 32)",relu,lbfgs,0.05,135.0,57.0
345,none,resampling,ADASYN,power,0.01,0.01,16,"(128, 64, 32)",tanh,adam,0.89,15.0,55.0
346,none,resampling,ADASYN,power,0.01,0.01,16,"(128, 64, 32)",tanh,sgd,0.89,70.0,65.0
347,none,resampling,ADASYN,power,0.01,0.01,16,"(128, 64, 32)",tanh,lbfgs,0.09999999999999999,56.0,55.0
348,none,resampling,ADASYN,power,0.01,0.01,64,"(128, 64, 32)",relu,adam,0.89,11.0,65.0
349,none,resampling,ADASYN,power,0.01,0.01,64,"(128, 64, 32)",relu,sgd,0.86,29.0,68.0
350,none,resampling,ADASYN,power,0.01,0.01,64,"(128, 64, 32)",relu,lbfgs,0.05,136.0,57.0
351,none,resampling,ADASYN,power,0.01,0.01,64,"(128, 64, 32)",tanh,adam,0.89,14.0,59.0
352,none,resampling,ADASYN,power,0.01,0.01,64,"(128, 64, 32)",tanh,sgd,0.8300000000000001,37.0,61.0
353,none,resampling,ADASYN,power,0.01,0.01,64,"(128, 64, 32)",tanh,lbfgs,0.09999999999999999,56.0,55.0
354,none,resampling,ADASYN,power,0.01,0.01,256,"(128, 64, 32)",relu,adam,0.88,7.0,65.0
355,none,resampling,ADASYN,power,0.01,0.01,256,"(128, 64, 32)",relu,sgd,0.86,19.0,62.0
356,none,resampling,ADASYN,power,0.01,0.01,256,"(128, 64, 32)",relu,lbfgs,0.05,135.0,57.0
357,none,resampling,ADASYN,power,0.01,0.01,256,"(128, 64, 32)",tanh,adam,0.89,8.0,62.0
358,none,resampling,ADASYN,power,0.01,0.01,256,"(128, 64, 32)",tanh,sgd,0.81,36.0,61.0
359,none,resampling,ADASYN,power,0.01,0.01,256,"(128, 64, 32)",tanh,lbfgs,0.09999999999999999,57.0,55.0
360,none,resampling,ADASYN,power,0.001,0.001,16,"(256, 128, 64, 32)",relu,adam,0.88,41.0,66.0
361,none,resampling,ADASYN,power,0.001,0.001,16,"(256, 128, 64, 32)",relu,sgd,0.89,173.0,67.0
362,none,resampling,ADASYN,power,0.001,0.001,16,"(256, 128, 64, 32)",relu,lbfgs,0.01,122.0,57.0
363,none,resampling,ADASYN,power,0.001,0.001,16,"(256, 128, 64, 32)",tanh,adam,0.87,55.0,54.0
364,none,resampling,ADASYN,power,0.001,0.001,16,"(256, 128, 64, 32)",tanh,sgd,0.89,206.0,66.0
365,none,resampling,ADASYN,power,0.001,0.001,16,"(256, 128, 64, 32)",tanh,lbfgs,0.12,66.0,59.0
366,none,resampling,ADASYN,power,0.001,0.001,64,"(256, 128, 64, 32)",relu,adam,0.76,17.0,61.0
367,none,resampling,ADASYN,power,0.001,0.001,64,"(256, 128, 64, 32)",relu,sgd,0.89,54.0,63.0
368,none,resampling,ADASYN,power,0.001,0.001,64,"(256, 128, 64, 32)",relu,lbfgs,0.01,119.0,57.0
369,none,resampling,ADASYN,power,0.001,0.001,64,"(256, 128, 64, 32)",tanh,adam,0.89,36.0,60.0
370,none,resampling,ADASYN,power,0.001,0.001,64,"(256, 128, 64, 32)",tanh,sgd,0.85,119.0,66.0
371,none,resampling,ADASYN,power,0.001,0.001,64,"(256, 128, 64, 32)",tanh,lbfgs,0.12,67.0,59.0
372,none,resampling,ADASYN,power,0.001,0.001,256,"(256, 128, 64, 32)",relu,adam,0.8200000000000001,9.0,64.0
373,none,resampling,ADASYN,power,0.001,0.001,256,"(256, 128, 64, 32)",relu,sgd,0.87,38.0,62.0
374,none,resampling,ADASYN,power,0.001,0.001,256,"(256, 128, 64, 32)",relu,lbfgs,0.01,119.0,57.0
375,none,resampling,ADASYN,power,0.001,0.001,256,"(256, 128, 64, 32)",tanh,adam,0.87,27.0,67.0
376,none,resampling,ADASYN,power,0.001,0.001,256,"(256, 128, 64, 32)",tanh,sgd,0.87,161.0,62.0
377,none,resampling,ADASYN,power,0.001,0.001,256,"(256, 128, 64, 32)",tanh,lbfgs,0.12,66.0,59.0
378,none,resampling,ADASYN,power,0.01,0.001,16,"(256, 128, 64, 32)",relu,adam,0.89,40.0,68.0
379,none,resampling,ADASYN,power,0.01,0.001,16,"(256, 128, 64, 32)",relu,sgd,0.81,170.0,62.0
380,none,resampling,ADASYN,power,0.01,0.001,16,"(256, 128, 64, 32)",relu,lbfgs,0.01,115.0,57.0
381,none,resampling,ADASYN,power,0.01,0.001,16,"(256, 128, 64, 32)",tanh,adam,0.89,35.0,42.0
382,none,resampling,ADASYN,power,0.01,0.001,16,"(256, 128, 64, 32)",tanh,sgd,0.88,148.0,56.0
383,none,resampling,ADASYN,power,0.01,0.001,16,"(256, 128, 64, 32)",tanh,lbfgs,0.12,65.0,59.0
384,none,resampling,ADASYN,power,0.01,0.001,64,"(256, 128, 64, 32)",relu,adam,0.89,20.0,64.0
385,none,resampling,ADASYN,power,0.01,0.001,64,"(256, 128, 64, 32)",relu,sgd,0.89,62.0,64.0
386,none,resampling,ADASYN,power,0.01,0.001,64,"(256, 128, 64, 32)",relu,lbfgs,0.01,122.0,57.0
387,none,resampling,ADASYN,power,0.01,0.001,64,"(256, 128, 64, 32)",tanh,adam,0.89,19.0,56.0
388,none,resampling,ADASYN,power,0.01,0.001,64,"(256, 128, 64, 32)",tanh,sgd,0.73,76.0,61.0
389,none,resampling,ADASYN,power,0.01,0.001,64,"(256, 128, 64, 32)",tanh,lbfgs,0.12,66.0,59.0
390,none,resampling,ADASYN,power,0.01,0.001,256,"(256, 128, 64, 32)",relu,adam,0.89,11.0,64.0
391,none,resampling,ADASYN,power,0.01,0.001,256,"(256, 128, 64, 32)",relu,sgd,0.8200000000000001,29.0,66.0
392,none,resampling,ADASYN,power,0.01,0.001,256,"(256, 128, 64, 32)",relu,lbfgs,0.01,120.0,57.0
393,none,resampling,ADASYN,power,0.01,0.001,256,"(256, 128, 64, 32)",tanh,adam,0.89,16.0,57.0
394,none,resampling,ADASYN,power,0.01,0.001,256,"(256, 128, 64, 32)",tanh,sgd,0.86,73.0,66.0
395,none,resampling,ADASYN,power,0.01,0.001,256,"(256, 128, 64, 32)",tanh,lbfgs,0.12,66.0,59.0
396,none,resampling,ADASYN,power,0.001,0.01,16,"(256, 128, 64, 32)",relu,adam,0.88,61.0,64.0
397,none,resampling,ADASYN,power,0.001,0.01,16,"(256, 128, 64, 32)",relu,sgd,0.79,148.0,67.0
398,none,resampling,ADASYN,power,0.001,0.01,16,"(256, 128, 64, 32)",relu,lbfgs,0.02,123.0,57.0
399,none,resampling,ADASYN,power,0.001,0.01,16,"(256, 128, 64, 32)",tanh,adam,0.87,38.0,61.0
400,none,resampling,ADASYN,power,0.001,0.01,16,"(256, 128, 64, 32)",tanh,sgd,0.89,190.0,66.0
401,none,resampling,ADASYN,power,0.001,0.01,16,"(256, 128, 64, 32)",tanh,lbfgs,0.08,69.0,59.0
402,none,resampling,ADASYN,power,0.001,0.01,64,"(256, 128, 64, 32)",relu,adam,0.88,14.0,62.0
403,none,resampling,ADASYN,power,0.001,0.01,64,"(256, 128, 64, 32)",relu,sgd,0.8400000000000001,49.0,62.0
404,none,resampling,ADASYN,power,0.001,0.01,64,"(256, 128, 64, 32)",relu,lbfgs,0.02,117.0,57.0
405,none,resampling,ADASYN,power,0.001,0.01,64,"(256, 128, 64, 32)",tanh,adam,0.89,24.0,65.0
406,none,resampling,ADASYN,power,0.001,0.01,64,"(256, 128, 64, 32)",tanh,sgd,0.89,152.0,66.0
407,none,resampling,ADASYN,power,0.001,0.01,64,"(256, 128, 64, 32)",tanh,lbfgs,0.08,74.0,59.0
408,none,resampling,ADASYN,power,0.001,0.01,256,"(256, 128, 64, 32)",relu,adam,0.89,20.0,62.0
409,none,resampling,ADASYN,power,0.001,0.01,256,"(256, 128, 64, 32)",relu,sgd,0.89,43.0,64.0
410,none,resampling,ADASYN,power,0.001,0.01,256,"(256, 128, 64, 32)",relu,lbfgs,0.02,141.0,57.0
411,none,resampling,ADASYN,power,0.001,0.01,256,"(256, 128, 64, 32)",tanh,adam,0.85,28.0,65.0
412,none,resampling,ADASYN,power,0.001,0.01,256,"(256, 128, 64, 32)",tanh,sgd,0.89,128.0,63.0
413,none,resampling,ADASYN,power,0.001,0.01,256,"(256, 128, 64, 32)",tanh,lbfgs,0.08,72.0,59.0
414,none,resampling,ADASYN,power,0.01,0.01,16,"(256, 128, 64, 32)",relu,adam,0.89,48.0,64.0
415,none,resampling,ADASYN,power,0.01,0.01,16,"(256, 128, 64, 32)",relu,sgd,0.86,144.0,70.0
416,none,resampling,ADASYN,power,0.01,0.01,16,"(256, 128, 64, 32)",relu,lbfgs,0.02,142.0,57.0
417,none,resampling,ADASYN,power,0.01,0.01,16,"(256, 128, 64, 32)",tanh,adam,0.87,44.0,50.0
418,none,resampling,ADASYN,power,0.01,0.01,16,"(256, 128, 64, 32)",tanh,sgd,0.86,183.0,64.0
419,none,resampling,ADASYN,power,0.01,0.01,16,"(256, 128, 64, 32)",tanh,lbfgs,0.08,72.0,59.0
420,none,resampling,ADASYN,power,0.01,0.01,64,"(256, 128, 64, 32)",relu,adam,0.89,21.0,70.0
421,none,resampling,ADASYN,power,0.01,0.01,64,"(256, 128, 64, 32)",relu,sgd,0.8200000000000001,75.0,66.0
422,none,resampling,ADASYN,power,0.01,0.01,64,"(256, 128, 64, 32)",relu,lbfgs,0.02,142.0,57.0
423,none,resampling,ADASYN,power,0.01,0.01,64,"(256, 128, 64, 32)",tanh,adam,0.89,32.0,58.0
424,none,resampling,ADASYN,power,0.01,0.01,64,"(256, 128, 64, 32)",tanh,sgd,0.88,81.0,61.0
425,none,resampling,ADASYN,power,0.01,0.01,64,"(256, 128, 64, 32)",tanh,lbfgs,0.08,72.0,59.0
426,none,resampling,ADASYN,power,0.01,0.01,256,"(256, 128, 64, 32)",relu,adam,0.86,10.0,66.0
427,none,resampling,ADASYN,power,0.01,0.01,256,"(256, 128, 64, 32)",relu,sgd,0.8,36.0,63.0
428,none,resampling,ADASYN,power,0.01,0.01,256,"(256, 128, 64, 32)",relu,lbfgs,0.02,141.0,57.0
429,none,resampling,ADASYN,power,0.01,0.01,256,"(256, 128, 64, 32)",tanh,adam,0.88,16.0,60.0
430,none,resampling,ADASYN,power,0.01,0.01,256,"(256, 128, 64, 32)",tanh,sgd,0.89,77.0,62.0
431,none,resampling,ADASYN,power,0.01,0.01,256,"(256, 128, 64, 32)",tanh,lbfgs,0.08,73.0,59.0
432,wear_torque_air_temp,resampling,SMOTETomek,power,0.001,0.001,16,"(16, 8)",relu,adam,0.89,12.0,70.0
433,wear_torque_air_temp,resampling,SMOTETomek,power,0.001,0.001,16,"(16, 8)",relu,sgd,0.89,35.0,67.0
434,wear_torque_air_temp,resampling,SMOTETomek,power,0.001,0.001,16,"(16, 8)",relu,lbfgs,0.89,7.0,64.0
435,wear_torque_air_temp,resampling,SMOTETomek,power,0.001,0.001,16,"(16, 8)",tanh,adam,0.88,17.0,61.0
436,wear_torque_air_temp,resampling,SMOTETomek,power,0.001,0.001,16,"(16, 8)",tanh,sgd,0.89,39.0,63.0
437,wear_torque_air_temp,resampling,SMOTETomek,power,0.001,0.001,16,"(16, 8)",tanh,lbfgs,0.89,14.0,56.0
438,wear_torque_air_temp,resampling,SMOTETomek,power,0.001,0.001,64,"(16, 8)",relu,adam,0.88,4.0,70.0
439,wear_torque_air_temp,resampling,SMOTETomek,power,0.001,0.001,64,"(16, 8)",relu,sgd,0.88,11.0,65.0
440,wear_torque_air_temp,resampling,SMOTETomek,power,0.001,0.001,64,"(16, 8)",relu,lbfgs,0.89,7.0,64.0
441,wear_torque_air_temp,resampling,SMOTETomek,power,0.001,0.001,64,"(16, 8)",tanh,adam,0.88,8.0,64.0
442,wear_torque_air_temp,resampling,SMOTETomek,power,0.001,0.001,64,"(16, 8)",tanh,sgd,0.89,15.0,65.0
443,wear_torque_air_temp,resampling,SMOTETomek,power,0.001,0.001,64,"(16, 8)",tanh,lbfgs,0.89,14.0,56.0
444,wear_torque_air_temp,resampling,SMOTETomek,power,0.001,0.001,256,"(16, 8)",relu,adam,0.88,2.0,61.0
445,wear_torque_air_temp,resampling,SMOTETomek,power,0.001,0.001,256,"(16, 8)",relu,sgd,0.89,4.0,52.0
446,wear_torque_air_temp,resampling,SMOTETomek,power,0.001,0.001,256,"(16, 8)",relu,lbfgs,0.89,7.0,64.0
447,wear_torque_air_temp,resampling,SMOTETomek,power,0.001,0.001,256,"(16, 8)",tanh,adam,0.89,2.0,59.0
448,wear_torque_air_temp,resampling,SMOTETomek,power,0.001,0.001,256,"(16, 8)",tanh,sgd,0.8400000000000001,9.0,56.0
449,wear_torque_air_temp,resampling,SMOTETomek,power,0.001,0.001,256,"(16, 8)",tanh,lbfgs,0.89,14.0,56.0
450,wear_torque_air_temp,resampling,SMOTETomek,power,0.01,0.001,16,"(16, 8)",relu,adam,0.89,18.0,66.0
451,wear_torque_air_temp,resampling,SMOTETomek,power,0.01,0.001,16,"(16, 8)",relu,sgd,0.88,36.0,70.0
452,wear_torque_air_temp,resampling,SMOTETomek,power,0.01,0.001,16,"(16, 8)",relu,lbfgs,0.89,7.0,64.0
453,wear_torque_air_temp,resampling,SMOTETomek,power,0.01,0.001,16,"(16, 8)",tanh,adam,0.85,11.0,64.0
454,wear_torque_air_temp,resampling,SMOTETomek,power,0.01,0.001,16,"(16, 8)",tanh,sgd,0.89,34.0,59.0
455,wear_torque_air_temp,resampling,SMOTETomek,power,0.01,0.001,16,"(16, 8)",tanh,lbfgs,0.89,14.0,56.0
456,wear_torque_air_temp,resampling,SMOTETomek,power,0.01,0.001,64,"(16, 8)",relu,adam,0.89,7.0,64.0
457,wear_torque_air_temp,resampling,SMOTETomek,power,0.01,0.001,64,"(16, 8)",relu,sgd,0.88,14.0,66.0
458,wear_torque_air_temp,resampling,SMOTETomek,power,0.01,0.001,64,"(16, 8)",relu,lbfgs,0.89,6.0,64.0
459,wear_torque_air_temp,resampling,SMOTETomek,power,0.01,0.001,64,"(16, 8)",tanh,adam,0.89,5.0,62.0
460,wear_torque_air_temp,resampling,SMOTETomek,power,0.01,0.001,64,"(16, 8)",tanh,sgd,0.89,11.0,61.0
461,wear_torque_air_temp,resampling,SMOTETomek,power,0.01,0.001,64,"(16, 8)",tanh,lbfgs,0.89,14.0,56.0
462,wear_torque_air_temp,resampling,SMOTETomek,power,0.01,0.001,256,"(16, 8)",relu,adam,0.86,2.0,67.0
463,wear_torque_air_temp,resampling,SMOTETomek,power,0.01,0.001,256,"(16, 8)",relu,sgd,0.87,4.0,70.0
464,wear_torque_air_temp,resampling,SMOTETomek,power,0.01,0.001,256,"(16, 8)",relu,lbfgs,0.89,7.0,64.0
465,wear_torque_air_temp,resampling,SMOTETomek,power,0.01,0.001,256,"(16, 8)",tanh,adam,0.89,2.0,64.0
466,wear_torque_air_temp,resampling,SMOTETomek,power,0.01,0.001,256,"(16, 8)",tanh,sgd,0.87,5.0,64.0
467,wear_torque_air_temp,resampling,SMOTETomek,power,0.01,0.001,256,"(16, 8)",tanh,lbfgs,0.89,14.0,56.0
468,wear_torque_air_temp,resampling,SMOTETomek,power,0.001,0.01,16,"(16, 8)",relu,adam,0.87,15.0,65.0
469,wear_torque_air_temp,resampling,SMOTETomek,power,0.001,0.01,16,"(16, 8)",relu,sgd,0.85,29.0,66.0
470,wear_torque_air_temp,resampling,SMOTETomek,power,0.001,0.01,16,"(16, 8)",relu,lbfgs,0.87,6.0,63.0
471,wear_torque_air_temp,resampling,SMOTETomek,power,0.001,0.01,16,"(16, 8)",tanh,adam,0.88,20.0,63.0
472,wear_torque_air_temp,resampling,SMOTETomek,power,0.001,0.01,16,"(16, 8)",tanh,sgd,0.88,34.0,66.0
473,wear_torque_air_temp,resampling,SMOTETomek,power,0.001,0.01,16,"(16, 8)",tanh,lbfgs,0.89,14.0,56.0
474,wear_torque_air_temp,resampling,SMOTETomek,power,0.001,0.01,64,"(16, 8)",relu,adam,0.89,5.0,70.0
475,wear_torque_air_temp,resampling,SMOTETomek,power,0.001,0.01,64,"(16, 8)",relu,sgd,0.89,11.0,65.0
476,wear_torque_air_temp,resampling,SMOTETomek,power,0.001,0.01,64,"(16, 8)",relu,lbfgs,0.87,7.0,63.0
477,wear_torque_air_temp,resampling,SMOTETomek,power,0.001,0.01,64,"(16, 8)",tanh,adam,0.86,4.0,59.0
478,wear_torque_air_temp,resampling,SMOTETomek,power,0.001,0.01,64,"(16, 8)",tanh,sgd,0.88,14.0,64.0
479,wear_torque_air_temp,resampling,SMOTETomek,power,0.001,0.01,64,"(16, 8)",tanh,lbfgs,0.89,14.0,56.0
480,wear_torque_air_temp,resampling,SMOTETomek,power,0.001,0.01,256,"(16, 8)",relu,adam,0.8400000000000001,3.0,63.0
481,wear_torque_air_temp,resampling,SMOTETomek,power,0.001,0.01,256,"(16, 8)",relu,sgd,0.89,4.0,52.0
482,wear_torque_air_temp,resampling,SMOTETomek,power,0.001,0.01,256,"(16, 8)",relu,lbfgs,0.87,7.0,63.0
483,wear_torque_air_temp,resampling,SMOTETomek,power,0.001,0.01,256,"(16, 8)",tanh,adam,0.89,2.0,60.0
484,wear_torque_air_temp,resampling,SMOTETomek,power,0.001,0.01,256,"(16, 8)",tanh,sgd,0.87,8.0,57.0
485,wear_torque_air_temp,resampling,SMOTETomek,power,0.001,0.01,256,"(16, 8)",tanh,lbfgs,0.89,14.0,56.0
486,wear_torque_air_temp,resampling,SMOTETomek,power,0.01,0.01,16,"(16, 8)",relu,adam,0.88,8.0,67.0
487,wear_torque_air_temp,resampling,SMOTETomek,power,0.01,0.01,16,"(16, 8)",relu,sgd,0.89,36.0,70.0
488,wear_torque_air_temp,resampling,SMOTETomek,power,0.01,0.01,16,"(16, 8)",relu,lbfgs,0.87,7.0,63.0
489,wear_torque_air_temp,resampling,SMOTETomek,power,0.01,0.01,16,"(16, 8)",tanh,adam,0.88,10.0,69.0
490,wear_torque_air_temp,resampling,SMOTETomek,power,0.01,0.01,16,"(16, 8)",tanh,sgd,0.8300000000000001,33.0,66.0
491,wear_torque_air_temp,resampling,SMOTETomek,power,0.01,0.01,16,"(16, 8)",tanh,lbfgs,0.89,14.0,56.0
492,wear_torque_air_temp,resampling,SMOTETomek,power,0.01,0.01,64,"(16, 8)",relu,adam,0.88,5.0,72.0
493,wear_torque_air_temp,resampling,SMOTETomek,power,0.01,0.01,64,"(16, 8)",relu,sgd,0.89,12.0,69.0
494,wear_torque_air_temp,resampling,SMOTETomek,power,0.01,0.01,64,"(16, 8)",relu,lbfgs,0.87,7.0,63.0
495,wear_torque_air_temp,resampling,SMOTETomek,power,0.01,0.01,64,"(16, 8)",tanh,adam,0.89,5.0,69.0
496,wear_torque_air_temp,resampling,SMOTETomek,power,0.01,0.01,64,"(16, 8)",tanh,sgd,0.88,11.0,60.0
497,wear_torque_air_temp,resampling,SMOTETomek,power,0.01,0.01,64,"(16, 8)",tanh,lbfgs,0.89,14.0,56.0
498,wear_torque_air_temp,resampling,SMOTETomek,power,0.01,0.01,256,"(16, 8)",relu,adam,0.88,1.0,67.0
499,wear_torque_air_temp,resampling,SMOTETomek,power,0.01,0.01,256,"(16, 8)",relu,sgd,0.87,4.0,69.0
500,wear_torque_air_temp,resampling,SMOTETomek,power,0.01,0.01,256,"(16, 8)",relu,lbfgs,0.87,6.0,63.0
501,wear_torque_air_temp,resampling,SMOTETomek,power,0.01,0.01,256,"(16, 8)",tanh,adam,0.86,2.0,65.0
502,wear_torque_air_temp,resampling,SMOTETomek,power,0.01,0.01,256,"(16, 8)",tanh,sgd,0.88,5.0,64.0
503,wear_torque_air_temp,resampling,SMOTETomek,power,0.01,0.01,256,"(16, 8)",tanh,lbfgs,0.89,14.0,56.0
504,wear_torque_air_temp,resampling,SMOTETomek,power,0.001,0.001,16,"(128, 64, 32)",relu,adam,0.89,24.0,65.0
505,wear_torque_air_temp,resampling,SMOTETomek,power,0.001,0.001,16,"(128, 64, 32)",relu,sgd,0.79,70.0,65.0
506,wear_torque_air_temp,resampling,SMOTETomek,power,0.001,0.001,16,"(128, 64, 32)",relu,lbfgs,0.03,141.0,58.0
507,wear_torque_air_temp,resampling,SMOTETomek,power,0.001,0.001,16,"(128, 64, 32)",tanh,adam,0.87,28.0,63.0
508,wear_torque_air_temp,resampling,SMOTETomek,power,0.001,0.001,16,"(128, 64, 32)",tanh,sgd,0.86,107.0,61.0
509,wear_torque_air_temp,resampling,SMOTETomek,power,0.001,0.001,16,"(128, 64, 32)",tanh,lbfgs,0.85,54.0,61.0
510,wear_torque_air_temp,resampling,SMOTETomek,power,0.001,0.001,64,"(128, 64, 32)",relu,adam,0.86,13.0,63.0
511,wear_torque_air_temp,resampling,SMOTETomek,power,0.001,0.001,64,"(128, 64, 32)",relu,sgd,0.8,55.0,63.0
512,wear_torque_air_temp,resampling,SMOTETomek,power,0.001,0.001,64,"(128, 64, 32)",relu,lbfgs,0.03,142.0,58.0
513,wear_torque_air_temp,resampling,SMOTETomek,power,0.001,0.001,64,"(128, 64, 32)",tanh,adam,0.79,22.0,60.0
514,wear_torque_air_temp,resampling,SMOTETomek,power,0.001,0.001,64,"(128, 64, 32)",tanh,sgd,0.89,74.0,63.0
515,wear_torque_air_temp,resampling,SMOTETomek,power,0.001,0.001,64,"(128, 64, 32)",tanh,lbfgs,0.85,55.0,61.0
516,wear_torque_air_temp,resampling,SMOTETomek,power,0.001,0.001,256,"(128, 64, 32)",relu,adam,0.8200000000000001,6.0,60.0
517,wear_torque_air_temp,resampling,SMOTETomek,power,0.001,0.001,256,"(128, 64, 32)",relu,sgd,0.89,20.0,68.0
518,wear_torque_air_temp,resampling,SMOTETomek,power,0.001,0.001,256,"(128, 64, 32)",relu,lbfgs,0.03,140.0,58.0
519,wear_torque_air_temp,resampling,SMOTETomek,power,0.001,0.001,256,"(128, 64, 32)",tanh,adam,0.75,17.0,62.0
520,wear_torque_air_temp,resampling,SMOTETomek,power,0.001,0.001,256,"(128, 64, 32)",tanh,sgd,0.8400000000000001,46.0,61.0
521,wear_torque_air_temp,resampling,SMOTETomek,power,0.001,0.001,256,"(128, 64, 32)",tanh,lbfgs,0.85,53.0,61.0
522,wear_torque_air_temp,resampling,SMOTETomek,power,0.01,0.001,16,"(128, 64, 32)",relu,adam,0.89,21.0,69.0
523,wear_torque_air_temp,resampling,SMOTETomek,power,0.01,0.001,16,"(128, 64, 32)",relu,sgd,0.81,74.0,67.0
524,wear_torque_air_temp,resampling,SMOTETomek,power,0.01,0.001,16,"(128, 64, 32)",relu,lbfgs,0.03,142.0,58.0
525,wear_torque_air_temp,resampling,SMOTETomek,power,0.01,0.001,16,"(128, 64, 32)",tanh,adam,0.89,19.0,61.0
526,wear_torque_air_temp,resampling,SMOTETomek,power,0.01,0.001,16,"(128, 64, 32)",tanh,sgd,0.86,71.0,63.0
527,wear_torque_air_temp,resampling,SMOTETomek,power,0.01,0.001,16,"(128, 64, 32)",tanh,lbfgs,0.85,55.0,61.0
528,wear_torque_air_temp,resampling,SMOTETomek,power,0.01,0.001,64,"(128, 64, 32)",relu,adam,0.89,16.0,67.0
529,wear_torque_air_temp,resampling,SMOTETomek,power,0.01,0.001,64,"(128, 64, 32)",relu,sgd,0.6900000000000001,45.0,62.0
530,wear_torque_air_temp,resampling,SMOTETomek,power,0.01,0.001,64,"(128, 64, 32)",relu,lbfgs,0.03,142.0,58.0
531,wear_torque_air_temp,resampling,SMOTETomek,power,0.01,0.001,64,"(128, 64, 32)",tanh,adam,0.89,15.0,67.0
532,wear_torque_air_temp,resampling,SMOTETomek,power,0.01,0.001,64,"(128, 64, 32)",tanh,sgd,0.85,44.0,65.0
533,wear_torque_air_temp,resampling,SMOTETomek,power,0.01,0.001,64,"(128, 64, 32)",tanh,lbfgs,0.85,55.0,61.0
534,wear_torque_air_temp,resampling,SMOTETomek,power,0.01,0.001,256,"(128, 64, 32)",relu,adam,0.87,5.0,63.0
535,wear_torque_air_temp,resampling,SMOTETomek,power,0.01,0.001,256,"(128, 64, 32)",relu,sgd,0.8200000000000001,23.0,58.0
536,wear_torque_air_temp,resampling,SMOTETomek,power,0.01,0.001,256,"(128, 64, 32)",relu,lbfgs,0.03,140.0,58.0
537,wear_torque_air_temp,resampling,SMOTETomek,power,0.01,0.001,256,"(128, 64, 32)",tanh,adam,0.87,6.0,59.0
538,wear_torque_air_temp,resampling,SMOTETomek,power,0.01,0.001,256,"(128, 64, 32)",tanh,sgd,0.8400000000000001,41.0,63.0
539,wear_torque_air_temp,resampling,SMOTETomek,power,0.01,0.001,256,"(128, 64, 32)",tanh,lbfgs,0.85,55.0,61.0
540,wear_torque_air_temp,resampling,SMOTETomek,power,0.001,0.01,16,"(128, 64, 32)",relu,adam,0.89,39.0,68.0
541,wear_torque_air_temp,resampling,SMOTETomek,power,0.001,0.01,16,"(128, 64, 32)",relu,sgd,0.81,85.0,65.0
542,wear_torque_air_temp,resampling,SMOTETomek,power,0.001,0.01,16,"(128, 64, 32)",relu,lbfgs,0.8300000000000001,140.0,59.0
543,wear_torque_air_temp,resampling,SMOTETomek,power,0.001,0.01,16,"(128, 64, 32)",tanh,adam,0.85,25.0,61.0
544,wear_torque_air_temp,resampling,SMOTETomek,power,0.001,0.01,16,"(128, 64, 32)",tanh,sgd,0.89,108.0,66.0
545,wear_torque_air_temp,resampling,SMOTETomek,power,0.001,0.01,16,"(128, 64, 32)",tanh,lbfgs,0.7100000000000001,50.0,67.0
546,wear_torque_air_temp,resampling,SMOTETomek,power,0.001,0.01,64,"(128, 64, 32)",relu,adam,0.86,17.0,60.0
547,wear_torque_air_temp,resampling,SMOTETomek,power,0.001,0.01,64,"(128, 64, 32)",relu,sgd,0.89,38.0,64.0
548,wear_torque_air_temp,resampling,SMOTETomek,power,0.001,0.01,64,"(128, 64, 32)",relu,lbfgs,0.8300000000000001,140.0,59.0
549,wear_torque_air_temp,resampling,SMOTETomek,power,0.001,0.01,64,"(128, 64, 32)",tanh,adam,0.87,15.0,64.0
550,wear_torque_air_temp,resampling,SMOTETomek,power,0.001,0.01,64,"(128, 64, 32)",tanh,sgd,0.8300000000000001,49.0,62.0
551,wear_torque_air_temp,resampling,SMOTETomek,power,0.001,0.01,64,"(128, 64, 32)",tanh,lbfgs,0.7100000000000001,52.0,67.0
552,wear_torque_air_temp,resampling,SMOTETomek,power,0.001,0.01,256,"(128, 64, 32)",relu,adam,0.88,10.0,66.0
553,wear_torque_air_temp,resampling,SMOTETomek,power,0.001,0.01,256,"(128, 64, 32)",relu,sgd,0.88,22.0,68.0
554,wear_torque_air_temp,resampling,SMOTETomek,power,0.001,0.01,256,"(128, 64, 32)",relu,lbfgs,0.8300000000000001,140.0,59.0
555,wear_torque_air_temp,resampling,SMOTETomek,power,0.001,0.01,256,"(128, 64, 32)",tanh,adam,0.8400000000000001,14.0,67.0
556,wear_torque_air_temp,resampling,SMOTETomek,power,0.001,0.01,256,"(128, 64, 32)",tanh,sgd,0.8400000000000001,47.0,62.0
557,wear_torque_air_temp,resampling,SMOTETomek,power,0.001,0.01,256,"(128, 64, 32)",tanh,lbfgs,0.7100000000000001,51.0,67.0
558,wear_torque_air_temp,resampling,SMOTETomek,power,0.01,0.01,16,"(128, 64, 32)",relu,adam,0.89,16.0,66.0
559,wear_torque_air_temp,resampling,SMOTETomek,power,0.01,0.01,16,"(128, 64, 32)",relu,sgd,0.76,75.0,68.0
560,wear_torque_air_temp,resampling,SMOTETomek,power,0.01,0.01,16,"(128, 64, 32)",relu,lbfgs,0.8300000000000001,140.0,59.0
561,wear_torque_air_temp,resampling,SMOTETomek,power,0.01,0.01,16,"(128, 64, 32)",tanh,adam,0.89,22.0,60.0
562,wear_torque_air_temp,resampling,SMOTETomek,power,0.01,0.01,16,"(128, 64, 32)",tanh,sgd,0.88,70.0,66.0
563,wear_torque_air_temp,resampling,SMOTETomek,power,0.01,0.01,16,"(128, 64, 32)",tanh,lbfgs,0.7100000000000001,50.0,67.0
564,wear_torque_air_temp,resampling,SMOTETomek,power,0.01,0.01,64,"(128, 64, 32)",relu,adam,0.89,17.0,65.0
565,wear_torque_air_temp,resampling,SMOTETomek,power,0.01,0.01,64,"(128, 64, 32)",relu,sgd,0.89,31.0,64.0
566,wear_torque_air_temp,resampling,SMOTETomek,power,0.01,0.01,64,"(128, 64, 32)",relu,lbfgs,0.8300000000000001,141.0,59.0
567,wear_torque_air_temp,resampling,SMOTETomek,power,0.01,0.01,64,"(128, 64, 32)",tanh,adam,0.89,18.0,66.0
568,wear_torque_air_temp,resampling,SMOTETomek,power,0.01,0.01,64,"(128, 64, 32)",tanh,sgd,0.89,40.0,68.0
569,wear_torque_air_temp,resampling,SMOTETomek,power,0.01,0.01,64,"(128, 64, 32)",tanh,lbfgs,0.7100000000000001,51.0,67.0
570,wear_torque_air_temp,resampling,SMOTETomek,power,0.01,0.01,256,"(128, 64, 32)",relu,adam,0.89,4.0,62.0
571,wear_torque_air_temp,resampling,SMOTETomek,power,0.01,0.01,256,"(128, 64, 32)",relu,sgd,0.74,20.0,62.0
572,wear_torque_air_temp,resampling,SMOTETomek,power,0.01,0.01,256,"(128, 64, 32)",relu,lbfgs,0.8300000000000001,141.0,59.0
573,wear_torque_air_temp,resampling,SMOTETomek,power,0.01,0.01,256,"(128, 64, 32)",tanh,adam,0.86,8.0,61.0
574,wear_torque_air_temp,resampling,SMOTETomek,power,0.01,0.01,256,"(128, 64, 32)",tanh,sgd,0.87,45.0,62.0
575,wear_torque_air_temp,resampling,SMOTETomek,power,0.01,0.01,256,"(128, 64, 32)",tanh,lbfgs,0.7100000000000001,51.0,67.0
576,wear_torque_air_temp,resampling,SMOTETomek,power,0.001,0.001,16,"(256, 128, 64, 32)",relu,adam,0.8400000000000001,70.0,64.0
577,wear_torque_air_temp,resampling,SMOTETomek,power,0.001,0.001,16,"(256, 128, 64, 32)",relu,sgd,0.66,170.0,64.0
578,wear_torque_air_temp,resampling,SMOTETomek,power,0.001,0.001,16,"(256, 128, 64, 32)",relu,lbfgs,0.12,150.0,56.0
579,wear_torque_air_temp,resampling,SMOTETomek,power,0.001,0.001,16,"(256, 128, 64, 32)",tanh,adam,0.89,64.0,56.0
580,wear_torque_air_temp,resampling,SMOTETomek,power,0.001,0.001,16,"(256, 128, 64, 32)",tanh,sgd,0.87,206.0,58.0
581,wear_torque_air_temp,resampling,SMOTETomek,power,0.001,0.001,16,"(256, 128, 64, 32)",tanh,lbfgs,0.74,70.0,62.0
582,wear_torque_air_temp,resampling,SMOTETomek,power,0.001,0.001,64,"(256, 128, 64, 32)",relu,adam,0.8200000000000001,21.0,60.0
583,wear_torque_air_temp,resampling,SMOTETomek,power,0.001,0.001,64,"(256, 128, 64, 32)",relu,sgd,0.79,71.0,65.0
584,wear_torque_air_temp,resampling,SMOTETomek,power,0.001,0.001,64,"(256, 128, 64, 32)",relu,lbfgs,0.12,151.0,56.0
585,wear_torque_air_temp,resampling,SMOTETomek,power,0.001,0.001,64,"(256, 128, 64, 32)",tanh,adam,0.89,41.0,60.0
586,wear_torque_air_temp,resampling,SMOTETomek,power,0.001,0.001,64,"(256, 128, 64, 32)",tanh,sgd,0.88,115.0,61.0
587,wear_torque_air_temp,resampling,SMOTETomek,power,0.001,0.001,64,"(256, 128, 64, 32)",tanh,lbfgs,0.74,70.0,62.0
588,wear_torque_air_temp,resampling,SMOTETomek,power,0.001,0.001,256,"(256, 128, 64, 32)",relu,adam,0.81,18.0,64.0
589,wear_torque_air_temp,resampling,SMOTETomek,power,0.001,0.001,256,"(256, 128, 64, 32)",relu,sgd,0.89,53.0,67.0
590,wear_torque_air_temp,resampling,SMOTETomek,power,0.001,0.001,256,"(256, 128, 64, 32)",relu,lbfgs,0.12,152.0,56.0
591,wear_torque_air_temp,resampling,SMOTETomek,power,0.001,0.001,256,"(256, 128, 64, 32)",tanh,adam,0.89,29.0,61.0
592,wear_torque_air_temp,resampling,SMOTETomek,power,0.001,0.001,256,"(256, 128, 64, 32)",tanh,sgd,0.89,120.0,61.0
593,wear_torque_air_temp,resampling,SMOTETomek,power,0.001,0.001,256,"(256, 128, 64, 32)",tanh,lbfgs,0.74,70.0,62.0
594,wear_torque_air_temp,resampling,SMOTETomek,power,0.01,0.001,16,"(256, 128, 64, 32)",relu,adam,0.89,79.0,73.0
595,wear_torque_air_temp,resampling,SMOTETomek,power,0.01,0.001,16,"(256, 128, 64, 32)",relu,sgd,0.74,180.0,63.0
596,wear_torque_air_temp,resampling,SMOTETomek,power,0.01,0.001,16,"(256, 128, 64, 32)",relu,lbfgs,0.12,149.0,56.0
597,wear_torque_air_temp,resampling,SMOTETomek,power,0.01,0.001,16,"(256, 128, 64, 32)",tanh,adam,0.89,52.0,52.0
598,wear_torque_air_temp,resampling,SMOTETomek,power,0.01,0.001,16,"(256, 128, 64, 32)",tanh,sgd,0.89,188.0,65.0
599,wear_torque_air_temp,resampling,SMOTETomek,power,0.01,0.001,16,"(256, 128, 64, 32)",tanh,lbfgs,0.74,70.0,62.0
600,wear_torque_air_temp,resampling,SMOTETomek,power,0.01,0.001,64,"(256, 128, 64, 32)",relu,adam,0.75,26.0,67.0
601,wear_torque_air_temp,resampling,SMOTETomek,power,0.01,0.001,64,"(256, 128, 64, 32)",relu,sgd,0.87,60.0,66.0
602,wear_torque_air_temp,resampling,SMOTETomek,power,0.01,0.001,64,"(256, 128, 64, 32)",relu,lbfgs,0.12,149.0,56.0
603,wear_torque_air_temp,resampling,SMOTETomek,power,0.01,0.001,64,"(256, 128, 64, 32)",tanh,adam,0.88,24.0,59.0
604,wear_torque_air_temp,resampling,SMOTETomek,power,0.01,0.001,64,"(256, 128, 64, 32)",tanh,sgd,0.8400000000000001,91.0,60.0
605,wear_torque_air_temp,resampling,SMOTETomek,power,0.01,0.001,64,"(256, 128, 64, 32)",tanh,lbfgs,0.74,70.0,62.0
606,wear_torque_air_temp,resampling,SMOTETomek,power,0.01,0.001,256,"(256, 128, 64, 32)",relu,adam,0.86,14.0,59.0
607,wear_torque_air_temp,resampling,SMOTETomek,power,0.01,0.001,256,"(256, 128, 64, 32)",relu,sgd,0.89,33.0,66.0
608,wear_torque_air_temp,resampling,SMOTETomek,power,0.01,0.001,256,"(256, 128, 64, 32)",relu,lbfgs,0.12,151.0,56.0
609,wear_torque_air_temp,resampling,SMOTETomek,power,0.01,0.001,256,"(256, 128, 64, 32)",tanh,adam,0.89,22.0,58.0
610,wear_torque_air_temp,resampling,SMOTETomek,power,0.01,0.001,256,"(256, 128, 64, 32)",tanh,sgd,0.86,84.0,60.0
611,wear_torque_air_temp,resampling,SMOTETomek,power,0.01,0.001,256,"(256, 128, 64, 32)",tanh,lbfgs,0.74,71.0,62.0
612,wear_torque_air_temp,resampling,SMOTETomek,power,0.001,0.01,16,"(256, 128, 64, 32)",relu,adam,0.8400000000000001,60.0,67.0
613,wear_torque_air_temp,resampling,SMOTETomek,power,0.001,0.01,16,"(256, 128, 64, 32)",relu,sgd,0.88,172.0,68.0
614,wear_torque_air_temp,resampling,SMOTETomek,power,0.001,0.01,16,"(256, 128, 64, 32)",relu,lbfgs,0.85,145.0,56.0
615,wear_torque_air_temp,resampling,SMOTETomek,power,0.001,0.01,16,"(256, 128, 64, 32)",tanh,adam,0.8,121.0,66.0
616,wear_torque_air_temp,resampling,SMOTETomek,power,0.001,0.01,16,"(256, 128, 64, 32)",tanh,sgd,0.8300000000000001,254.0,63.0
617,wear_torque_air_temp,resampling,SMOTETomek,power,0.001,0.01,16,"(256, 128, 64, 32)",tanh,lbfgs,0.53,71.0,59.0
618,wear_torque_air_temp,resampling,SMOTETomek,power,0.001,0.01,64,"(256, 128, 64, 32)",relu,adam,0.85,17.0,61.0
619,wear_torque_air_temp,resampling,SMOTETomek,power,0.001,0.01,64,"(256, 128, 64, 32)",relu,sgd,0.73,75.0,65.0
620,wear_torque_air_temp,resampling,SMOTETomek,power,0.001,0.01,64,"(256, 128, 64, 32)",relu,lbfgs,0.85,147.0,56.0
621,wear_torque_air_temp,resampling,SMOTETomek,power,0.001,0.01,64,"(256, 128, 64, 32)",tanh,adam,0.87,26.0,63.0
622,wear_torque_air_temp,resampling,SMOTETomek,power,0.001,0.01,64,"(256, 128, 64, 32)",tanh,sgd,0.8,163.0,62.0
623,wear_torque_air_temp,resampling,SMOTETomek,power,0.001,0.01,64,"(256, 128, 64, 32)",tanh,lbfgs,0.53,72.0,59.0
624,wear_torque_air_temp,resampling,SMOTETomek,power,0.001,0.01,256,"(256, 128, 64, 32)",relu,adam,0.89,23.0,66.0
625,wear_torque_air_temp,resampling,SMOTETomek,power,0.001,0.01,256,"(256, 128, 64, 32)",relu,sgd,0.8200000000000001,50.0,63.0
626,wear_torque_air_temp,resampling,SMOTETomek,power,0.001,0.01,256,"(256, 128, 64, 32)",relu,lbfgs,0.85,144.0,56.0
627,wear_torque_air_temp,resampling,SMOTETomek,power,0.001,0.01,256,"(256, 128, 64, 32)",tanh,adam,0.72,25.0,64.0
628,wear_torque_air_temp,resampling,SMOTETomek,power,0.001,0.01,256,"(256, 128, 64, 32)",tanh,sgd,0.89,63.0,64.0
629,wear_torque_air_temp,resampling,SMOTETomek,power,0.001,0.01,256,"(256, 128, 64, 32)",tanh,lbfgs,0.53,72.0,59.0
630,wear_torque_air_temp,resampling,SMOTETomek,power,0.01,0.01,16,"(256, 128, 64, 32)",relu,adam,0.89,54.0,72.0
631,wear_torque_air_temp,resampling,SMOTETomek,power,0.01,0.01,16,"(256, 128, 64, 32)",relu,sgd,0.87,192.0,72.0
632,wear_torque_air_temp,resampling,SMOTETomek,power,0.01,0.01,16,"(256, 128, 64, 32)",relu,lbfgs,0.85,146.0,56.0
633,wear_torque_air_temp,resampling,SMOTETomek,power,0.01,0.01,16,"(256, 128, 64, 32)",tanh,adam,0.89,64.0,57.0
634,wear_torque_air_temp,resampling,SMOTETomek,power,0.01,0.01,16,"(256, 128, 64, 32)",tanh,sgd,0.8300000000000001,206.0,67.0
635,wear_torque_air_temp,resampling,SMOTETomek,power,0.01,0.01,16,"(256, 128, 64, 32)",tanh,lbfgs,0.53,72.0,59.0
636,wear_torque_air_temp,resampling,SMOTETomek,power,0.01,0.01,64,"(256, 128, 64, 32)",relu,adam,0.89,29.0,66.0
637,wear_torque_air_temp,resampling,SMOTETomek,power,0.01,0.01,64,"(256, 128, 64, 32)",relu,sgd,0.88,70.0,69.0
638,wear_torque_air_temp,resampling,SMOTETomek,power,0.01,0.01,64,"(256, 128, 64, 32)",relu,lbfgs,0.85,146.0,56.0
639,wear_torque_air_temp,resampling,SMOTETomek,power,0.01,0.01,64,"(256, 128, 64, 32)",tanh,adam,0.87,22.0,70.0
640,wear_torque_air_temp,resampling,SMOTETomek,power,0.01,0.01,64,"(256, 128, 64, 32)",tanh,sgd,0.89,99.0,60.0
641,wear_torque_air_temp,resampling,SMOTETomek,power,0.01,0.01,64,"(256, 128, 64, 32)",tanh,lbfgs,0.53,72.0,59.0
642,wear_torque_air_temp,resampling,SMOTETomek,power,0.01,0.01,256,"(256, 128, 64, 32)",relu,adam,0.89,9.0,63.0
643,wear_torque_air_temp,resampling,SMOTETomek,power,0.01,0.01,256,"(256, 128, 64, 32)",relu,sgd,0.61,30.0,64.0
644,wear_torque_air_temp,resampling,SMOTETomek,power,0.01,0.01,256,"(256, 128, 64, 32)",relu,lbfgs,0.85,145.0,56.0
645,wear_torque_air_temp,resampling,SMOTETomek,power,0.01,0.01,256,"(256, 128, 64, 32)",tanh,adam,0.89,19.0,59.0
646,wear_torque_air_temp,resampling,SMOTETomek,power,0.01,0.01,256,"(256, 128, 64, 32)",tanh,sgd,0.89,89.0,60.0
647,wear_torque_air_temp,resampling,SMOTETomek,power,0.01,0.01,256,"(256, 128, 64, 32)",tanh,lbfgs,0.53,72.0,59.0
648,wear_torque_air_temp,resampling,ADASYN,power,0.001,0.001,16,"(16, 8)",relu,adam,0.89,30.0,62.0
649,wear_torque_air_temp,resampling,ADASYN,power,0.001,0.001,16,"(16, 8)",relu,sgd,0.89,38.0,63.0
650,wear_torque_air_temp,resampling,ADASYN,power,0.001,0.001,16,"(16, 8)",relu,lbfgs,0.89,6.0,65.0
651,wear_torque_air_temp,resampling,ADASYN,power,0.001,0.001,16,"(16, 8)",tanh,adam,0.86,18.0,61.0
652,wear_torque_air_temp,resampling,ADASYN,power,0.001,0.001,16,"(16, 8)",tanh,sgd,0.87,33.0,59.0
653,wear_torque_air_temp,resampling,ADASYN,power,0.001,0.001,16,"(16, 8)",tanh,lbfgs,0.89,14.0,57.0
654,wear_torque_air_temp,resampling,ADASYN,power,0.001,0.001,64,"(16, 8)",relu,adam,0.89,7.0,67.0
655,wear_torque_air_temp,resampling,ADASYN,power,0.001,0.001,64,"(16, 8)",relu,sgd,0.89,15.0,66.0
656,wear_torque_air_temp,resampling,ADASYN,power,0.001,0.001,64,"(16, 8)",relu,lbfgs,0.89,6.0,65.0
657,wear_torque_air_temp,resampling,ADASYN,power,0.001,0.001,64,"(16, 8)",tanh,adam,0.88,6.0,56.0
658,wear_torque_air_temp,resampling,ADASYN,power,0.001,0.001,64,"(16, 8)",tanh,sgd,0.88,16.0,61.0
659,wear_torque_air_temp,resampling,ADASYN,power,0.001,0.001,64,"(16, 8)",tanh,lbfgs,0.89,14.0,57.0
660,wear_torque_air_temp,resampling,ADASYN,power,0.001,0.001,256,"(16, 8)",relu,adam,0.89,4.0,63.0
661,wear_torque_air_temp,resampling,ADASYN,power,0.001,0.001,256,"(16, 8)",relu,sgd,0.89,5.0,56.0
662,wear_torque_air_temp,resampling,ADASYN,power,0.001,0.001,256,"(16, 8)",relu,lbfgs,0.89,6.0,65.0
663,wear_torque_air_temp,resampling,ADASYN,power,0.001,0.001,256,"(16, 8)",tanh,adam,0.85,5.0,56.0
664,wear_torque_air_temp,resampling,ADASYN,power,0.001,0.001,256,"(16, 8)",tanh,sgd,0.86,8.0,54.0
665,wear_torque_air_temp,resampling,ADASYN,power,0.001,0.001,256,"(16, 8)",tanh,lbfgs,0.89,14.0,57.0
666,wear_torque_air_temp,resampling,ADASYN,power,0.01,0.001,16,"(16, 8)",relu,adam,0.87,18.0,67.0
667,wear_torque_air_temp,resampling,ADASYN,power,0.01,0.001,16,"(16, 8)",relu,sgd,0.89,40.0,65.0
668,wear_torque_air_temp,resampling,ADASYN,power,0.01,0.001,16,"(16, 8)",relu,lbfgs,0.89,6.0,65.0
669,wear_torque_air_temp,resampling,ADASYN,power,0.01,0.001,16,"(16, 8)",tanh,adam,0.88,16.0,60.0
670,wear_torque_air_temp,resampling,ADASYN,power,0.01,0.001,16,"(16, 8)",tanh,sgd,0.89,40.0,59.0
671,wear_torque_air_temp,resampling,ADASYN,power,0.01,0.001,16,"(16, 8)",tanh,lbfgs,0.89,14.0,57.0
672,wear_torque_air_temp,resampling,ADASYN,power,0.01,0.001,64,"(16, 8)",relu,adam,0.88,4.0,64.0
673,wear_torque_air_temp,resampling,ADASYN,power,0.01,0.001,64,"(16, 8)",relu,sgd,0.89,8.0,61.0
674,wear_torque_air_temp,resampling,ADASYN,power,0.01,0.001,64,"(16, 8)",relu,lbfgs,0.89,7.0,65.0
675,wear_torque_air_temp,resampling,ADASYN,power,0.01,0.001,64,"(16, 8)",tanh,adam,0.89,5.0,63.0
676,wear_torque_air_temp,resampling,ADASYN,power,0.01,0.001,64,"(16, 8)",tanh,sgd,0.89,13.0,63.0
677,wear_torque_air_temp,resampling,ADASYN,power,0.01,0.001,64,"(16, 8)",tanh,lbfgs,0.89,14.0,57.0
678,wear_torque_air_temp,resampling,ADASYN,power,0.01,0.001,256,"(16, 8)",relu,adam,0.89,3.0,65.0
679,wear_torque_air_temp,resampling,ADASYN,power,0.01,0.001,256,"(16, 8)",relu,sgd,0.89,5.0,61.0
680,wear_torque_air_temp,resampling,ADASYN,power,0.01,0.001,256,"(16, 8)",relu,lbfgs,0.89,6.0,65.0
681,wear_torque_air_temp,resampling,ADASYN,power,0.01,0.001,256,"(16, 8)",tanh,adam,0.88,2.0,59.0
682,wear_torque_air_temp,resampling,ADASYN,power,0.01,0.001,256,"(16, 8)",tanh,sgd,0.89,6.0,61.0
683,wear_torque_air_temp,resampling,ADASYN,power,0.01,0.001,256,"(16, 8)",tanh,lbfgs,0.89,14.0,57.0
684,wear_torque_air_temp,resampling,ADASYN,power,0.001,0.01,16,"(16, 8)",relu,adam,0.85,36.0,64.0
685,wear_torque_air_temp,resampling,ADASYN,power,0.001,0.01,16,"(16, 8)",relu,sgd,0.88,36.0,61.0
686,wear_torque_air_temp,resampling,ADASYN,power,0.001,0.01,16,"(16, 8)",relu,lbfgs,0.8,7.0,55.0
687,wear_torque_air_temp,resampling,ADASYN,power,0.001,0.01,16,"(16, 8)",tanh,adam,0.8400000000000001,29.0,62.0
688,wear_torque_air_temp,resampling,ADASYN,power,0.001,0.01,16,"(16, 8)",tanh,sgd,0.88,33.0,59.0
689,wear_torque_air_temp,resampling,ADASYN,power,0.001,0.01,16,"(16, 8)",tanh,lbfgs,0.89,14.0,57.0
690,wear_torque_air_temp,resampling,ADASYN,power,0.001,0.01,64,"(16, 8)",relu,adam,0.89,8.0,70.0
691,wear_torque_air_temp,resampling,ADASYN,power,0.001,0.01,64,"(16, 8)",relu,sgd,0.89,16.0,68.0
692,wear_torque_air_temp,resampling,ADASYN,power,0.001,0.01,64,"(16, 8)",relu,lbfgs,0.8,6.0,55.0
693,wear_torque_air_temp,resampling,ADASYN,power,0.001,0.01,64,"(16, 8)",tanh,adam,0.87,10.0,61.0
694,wear_torque_air_temp,resampling,ADASYN,power,0.001,0.01,64,"(16, 8)",tanh,sgd,0.89,17.0,61.0
695,wear_torque_air_temp,resampling,ADASYN,power,0.001,0.01,64,"(16, 8)",tanh,lbfgs,0.89,14.0,57.0
696,wear_torque_air_temp,resampling,ADASYN,power,0.001,0.01,256,"(16, 8)",relu,adam,0.89,3.0,61.0
697,wear_torque_air_temp,resampling,ADASYN,power,0.001,0.01,256,"(16, 8)",relu,sgd,0.88,5.0,57.0
698,wear_torque_air_temp,resampling,ADASYN,power,0.001,0.01,256,"(16, 8)",relu,lbfgs,0.8,6.0,55.0
699,wear_torque_air_temp,resampling,ADASYN,power,0.001,0.01,256,"(16, 8)",tanh,adam,0.89,5.0,59.0
700,wear_torque_air_temp,resampling,ADASYN,power,0.001,0.01,256,"(16, 8)",tanh,sgd,0.86,8.0,54.0
701,wear_torque_air_temp,resampling,ADASYN,power,0.001,0.01,256,"(16, 8)",tanh,lbfgs,0.89,15.0,57.0
702,wear_torque_air_temp,resampling,ADASYN,power,0.01,0.01,16,"(16, 8)",relu,adam,0.89,13.0,64.0
703,wear_torque_air_temp,resampling,ADASYN,power,0.01,0.01,16,"(16, 8)",relu,sgd,0.89,35.0,70.0
704,wear_torque_air_temp,resampling,ADASYN,power,0.01,0.01,16,"(16, 8)",relu,lbfgs,0.8,7.0,55.0
705,wear_torque_air_temp,resampling,ADASYN,power,0.01,0.01,16,"(16, 8)",tanh,adam,0.89,10.0,67.0
706,wear_torque_air_temp,resampling,ADASYN,power,0.01,0.01,16,"(16, 8)",tanh,sgd,0.89,41.0,65.0
707,wear_torque_air_temp,resampling,ADASYN,power,0.01,0.01,16,"(16, 8)",tanh,lbfgs,0.89,14.0,57.0
708,wear_torque_air_temp,resampling,ADASYN,power,0.01,0.01,64,"(16, 8)",relu,adam,0.88,6.0,63.0
709,wear_torque_air_temp,resampling,ADASYN,power,0.01,0.01,64,"(16, 8)",relu,sgd,0.88,8.0,60.0
710,wear_torque_air_temp,resampling,ADASYN,power,0.01,0.01,64,"(16, 8)",relu,lbfgs,0.8,6.0,55.0
711,wear_torque_air_temp,resampling,ADASYN,power,0.01,0.01,64,"(16, 8)",tanh,adam,0.85,6.0,66.0
712,wear_torque_air_temp,resampling,ADASYN,power,0.01,0.01,64,"(16, 8)",tanh,sgd,0.89,12.0,64.0
713,wear_torque_air_temp,resampling,ADASYN,power,0.01,0.01,64,"(16, 8)",tanh,lbfgs,0.89,14.0,57.0
714,wear_torque_air_temp,resampling,ADASYN,power,0.01,0.01,256,"(16, 8)",relu,adam,0.89,2.0,63.0
715,wear_torque_air_temp,resampling,ADASYN,power,0.01,0.01,256,"(16, 8)",relu,sgd,0.89,4.0,64.0
716,wear_torque_air_temp,resampling,ADASYN,power,0.01,0.01,256,"(16, 8)",relu,lbfgs,0.8,6.0,55.0
717,wear_torque_air_temp,resampling,ADASYN,power,0.01,0.01,256,"(16, 8)",tanh,adam,0.89,3.0,60.0
718,wear_torque_air_temp,resampling,ADASYN,power,0.01,0.01,256,"(16, 8)",tanh,sgd,0.89,6.0,63.0
719,wear_torque_air_temp,resampling,ADASYN,power,0.01,0.01,256,"(16, 8)",tanh,lbfgs,0.89,14.0,57.0
720,wear_torque_air_temp,resampling,ADASYN,power,0.001,0.001,16,"(128, 64, 32)",relu,adam,0.89,55.0,66.0
721,wear_torque_air_temp,resampling,ADASYN,power,0.001,0.001,16,"(128, 64, 32)",relu,sgd,0.88,78.0,63.0
722,wear_torque_air_temp,resampling,ADASYN,power,0.001,0.001,16,"(128, 64, 32)",relu,lbfgs,0.03,163.0,58.0
723,wear_torque_air_temp,resampling,ADASYN,power,0.001,0.001,16,"(128, 64, 32)",tanh,adam,0.86,28.0,59.0
724,wear_torque_air_temp,resampling,ADASYN,power,0.001,0.001,16,"(128, 64, 32)",tanh,sgd,0.8300000000000001,74.0,62.0
725,wear_torque_air_temp,resampling,ADASYN,power,0.001,0.001,16,"(128, 64, 32)",tanh,lbfgs,0.77,66.0,57.0
726,wear_torque_air_temp,resampling,ADASYN,power,0.001,0.001,64,"(128, 64, 32)",relu,adam,0.89,15.0,64.0
727,wear_torque_air_temp,resampling,ADASYN,power,0.001,0.001,64,"(128, 64, 32)",relu,sgd,0.87,34.0,63.0
728,wear_torque_air_temp,resampling,ADASYN,power,0.001,0.001,64,"(128, 64, 32)",relu,lbfgs,0.03,162.0,58.0
729,wear_torque_air_temp,resampling,ADASYN,power,0.001,0.001,64,"(128, 64, 32)",tanh,adam,0.8400000000000001,20.0,60.0
730,wear_torque_air_temp,resampling,ADASYN,power,0.001,0.001,64,"(128, 64, 32)",tanh,sgd,0.8400000000000001,66.0,63.0
731,wear_torque_air_temp,resampling,ADASYN,power,0.001,0.001,64,"(128, 64, 32)",tanh,lbfgs,0.77,66.0,57.0
732,wear_torque_air_temp,resampling,ADASYN,power,0.001,0.001,256,"(128, 64, 32)",relu,adam,0.8300000000000001,5.0,66.0
733,wear_torque_air_temp,resampling,ADASYN,power,0.001,0.001,256,"(128, 64, 32)",relu,sgd,0.89,25.0,65.0
734,wear_torque_air_temp,resampling,ADASYN,power,0.001,0.001,256,"(128, 64, 32)",relu,lbfgs,0.03,163.0,58.0
735,wear_torque_air_temp,resampling,ADASYN,power,0.001,0.001,256,"(128, 64, 32)",tanh,adam,0.88,15.0,63.0
736,wear_torque_air_temp,resampling,ADASYN,power,0.001,0.001,256,"(128, 64, 32)",tanh,sgd,0.88,68.0,62.0
737,wear_torque_air_temp,resampling,ADASYN,power,0.001,0.001,256,"(128, 64, 32)",tanh,lbfgs,0.77,65.0,57.0
738,wear_torque_air_temp,resampling,ADASYN,power,0.01,0.001,16,"(128, 64, 32)",relu,adam,0.89,20.0,63.0
739,wear_torque_air_temp,resampling,ADASYN,power,0.01,0.001,16,"(128, 64, 32)",relu,sgd,0.89,76.0,65.0
740,wear_torque_air_temp,resampling,ADASYN,power,0.01,0.001,16,"(128, 64, 32)",relu,lbfgs,0.03,163.0,58.0
741,wear_torque_air_temp,resampling,ADASYN,power,0.01,0.001,16,"(128, 64, 32)",tanh,adam,0.89,24.0,62.0
742,wear_torque_air_temp,resampling,ADASYN,power,0.01,0.001,16,"(128, 64, 32)",tanh,sgd,0.88,66.0,61.0
743,wear_torque_air_temp,resampling,ADASYN,power,0.01,0.001,16,"(128, 64, 32)",tanh,lbfgs,0.77,65.0,57.0
744,wear_torque_air_temp,resampling,ADASYN,power,0.01,0.001,64,"(128, 64, 32)",relu,adam,0.89,11.0,65.0
745,wear_torque_air_temp,resampling,ADASYN,power,0.01,0.001,64,"(128, 64, 32)",relu,sgd,0.89,37.0,68.0
746,wear_torque_air_temp,resampling,ADASYN,power,0.01,0.001,64,"(128, 64, 32)",relu,lbfgs,0.03,163.0,58.0
747,wear_torque_air_temp,resampling,ADASYN,power,0.01,0.001,64,"(128, 64, 32)",tanh,adam,0.88,7.0,59.0
748,wear_torque_air_temp,resampling,ADASYN,power,0.01,0.001,64,"(128, 64, 32)",tanh,sgd,0.8400000000000001,41.0,61.0
749,wear_torque_air_temp,resampling,ADASYN,power,0.01,0.001,64,"(128, 64, 32)",tanh,lbfgs,0.77,64.0,57.0
750,wear_torque_air_temp,resampling,ADASYN,power,0.01,0.001,256,"(128, 64, 32)",relu,adam,0.88,3.0,65.0
751,wear_torque_air_temp,resampling,ADASYN,power,0.01,0.001,256,"(128, 64, 32)",relu,sgd,0.8400000000000001,15.0,65.0
752,wear_torque_air_temp,resampling,ADASYN,power,0.01,0.001,256,"(128, 64, 32)",relu,lbfgs,0.03,165.0,58.0
753,wear_torque_air_temp,resampling,ADASYN,power,0.01,0.001,256,"(128, 64, 32)",tanh,adam,0.88,9.0,61.0
754,wear_torque_air_temp,resampling,ADASYN,power,0.01,0.001,256,"(128, 64, 32)",tanh,sgd,0.77,38.0,60.0
755,wear_torque_air_temp,resampling,ADASYN,power,0.01,0.001,256,"(128, 64, 32)",tanh,lbfgs,0.77,66.0,57.0
756,wear_torque_air_temp,resampling,ADASYN,power,0.001,0.01,16,"(128, 64, 32)",relu,adam,0.77,28.0,64.0
757,wear_torque_air_temp,resampling,ADASYN,power,0.001,0.01,16,"(128, 64, 32)",relu,sgd,0.8300000000000001,75.0,65.0
758,wear_torque_air_temp,resampling,ADASYN,power,0.001,0.01,16,"(128, 64, 32)",relu,lbfgs,0.05,141.0,57.0
759,wear_torque_air_temp,resampling,ADASYN,power,0.001,0.01,16,"(128, 64, 32)",tanh,adam,0.86,39.0,63.0
760,wear_torque_air_temp,resampling,ADASYN,power,0.001,0.01,16,"(128, 64, 32)",tanh,sgd,0.88,90.0,65.0
761,wear_torque_air_temp,resampling,ADASYN,power,0.001,0.01,16,"(128, 64, 32)",tanh,lbfgs,0.5,64.0,61.0
762,wear_torque_air_temp,resampling,ADASYN,power,0.001,0.01,64,"(128, 64, 32)",relu,adam,0.87,17.0,67.0
763,wear_torque_air_temp,resampling,ADASYN,power,0.001,0.01,64,"(128, 64, 32)",relu,sgd,0.77,39.0,64.0
764,wear_torque_air_temp,resampling,ADASYN,power,0.001,0.01,64,"(128, 64, 32)",relu,lbfgs,0.05,141.0,57.0
765,wear_torque_air_temp,resampling,ADASYN,power,0.001,0.01,64,"(128, 64, 32)",tanh,adam,0.8200000000000001,12.0,59.0
766,wear_torque_air_temp,resampling,ADASYN,power,0.001,0.01,64,"(128, 64, 32)",tanh,sgd,0.87,68.0,66.0
767,wear_torque_air_temp,resampling,ADASYN,power,0.001,0.01,64,"(128, 64, 32)",tanh,lbfgs,0.5,64.0,61.0
768,wear_torque_air_temp,resampling,ADASYN,power,0.001,0.01,256,"(128, 64, 32)",relu,adam,0.8300000000000001,5.0,64.0
769,wear_torque_air_temp,resampling,ADASYN,power,0.001,0.01,256,"(128, 64, 32)",relu,sgd,0.88,28.0,62.0
770,wear_torque_air_temp,resampling,ADASYN,power,0.001,0.01,256,"(128, 64, 32)",relu,lbfgs,0.05,138.0,57.0
771,wear_torque_air_temp,resampling,ADASYN,power,0.001,0.01,256,"(128, 64, 32)",tanh,adam,0.88,15.0,60.0
772,wear_torque_air_temp,resampling,ADASYN,power,0.001,0.01,256,"(128, 64, 32)",tanh,sgd,0.89,52.0,67.0
773,wear_torque_air_temp,resampling,ADASYN,power,0.001,0.01,256,"(128, 64, 32)",tanh,lbfgs,0.5,63.0,61.0
774,wear_torque_air_temp,resampling,ADASYN,power,0.01,0.01,16,"(128, 64, 32)",relu,adam,0.89,22.0,65.0
775,wear_torque_air_temp,resampling,ADASYN,power,0.01,0.01,16,"(128, 64, 32)",relu,sgd,0.89,71.0,69.0
776,wear_torque_air_temp,resampling,ADASYN,power,0.01,0.01,16,"(128, 64, 32)",relu,lbfgs,0.05,141.0,57.0
777,wear_torque_air_temp,resampling,ADASYN,power,0.01,0.01,16,"(128, 64, 32)",tanh,adam,0.89,18.0,58.0
778,wear_torque_air_temp,resampling,ADASYN,power,0.01,0.01,16,"(128, 64, 32)",tanh,sgd,0.88,80.0,65.0
779,wear_torque_air_temp,resampling,ADASYN,power,0.01,0.01,16,"(128, 64, 32)",tanh,lbfgs,0.5,65.0,61.0
780,wear_torque_air_temp,resampling,ADASYN,power,0.01,0.01,64,"(128, 64, 32)",relu,adam,0.89,7.0,65.0
781,wear_torque_air_temp,resampling,ADASYN,power,0.01,0.01,64,"(128, 64, 32)",relu,sgd,0.89,34.0,66.0
782,wear_torque_air_temp,resampling,ADASYN,power,0.01,0.01,64,"(128, 64, 32)",relu,lbfgs,0.05,140.0,57.0
783,wear_torque_air_temp,resampling,ADASYN,power,0.01,0.01,64,"(128, 64, 32)",tanh,adam,0.89,14.0,62.0
784,wear_torque_air_temp,resampling,ADASYN,power,0.01,0.01,64,"(128, 64, 32)",tanh,sgd,0.8400000000000001,38.0,64.0
785,wear_torque_air_temp,resampling,ADASYN,power,0.01,0.01,64,"(128, 64, 32)",tanh,lbfgs,0.5,64.0,61.0
786,wear_torque_air_temp,resampling,ADASYN,power,0.01,0.01,256,"(128, 64, 32)",relu,adam,0.89,4.0,65.0
787,wear_torque_air_temp,resampling,ADASYN,power,0.01,0.01,256,"(128, 64, 32)",relu,sgd,0.86,18.0,66.0
788,wear_torque_air_temp,resampling,ADASYN,power,0.01,0.01,256,"(128, 64, 32)",relu,lbfgs,0.05,140.0,57.0
789,wear_torque_air_temp,resampling,ADASYN,power,0.01,0.01,256,"(128, 64, 32)",tanh,adam,0.89,8.0,55.0
790,wear_torque_air_temp,resampling,ADASYN,power,0.01,0.01,256,"(128, 64, 32)",tanh,sgd,0.86,36.0,61.0
791,wear_torque_air_temp,resampling,ADASYN,power,0.01,0.01,256,"(128, 64, 32)",tanh,lbfgs,0.5,64.0,61.0
792,wear_torque_air_temp,resampling,ADASYN,power,0.001,0.001,16,"(256, 128, 64, 32)",relu,adam,0.87,50.0,64.0
793,wear_torque_air_temp,resampling,ADASYN,power,0.001,0.001,16,"(256, 128, 64, 32)",relu,sgd,0.89,178.0,63.0
794,wear_torque_air_temp,resampling,ADASYN,power,0.001,0.001,16,"(256, 128, 64, 32)",relu,lbfgs,0.05,138.0,57.0
795,wear_torque_air_temp,resampling,ADASYN,power,0.001,0.001,16,"(256, 128, 64, 32)",tanh,adam,0.89,59.0,62.0
796,wear_torque_air_temp,resampling,ADASYN,power,0.001,0.001,16,"(256, 128, 64, 32)",tanh,sgd,0.86,199.0,59.0
797,wear_torque_air_temp,resampling,ADASYN,power,0.001,0.001,16,"(256, 128, 64, 32)",tanh,lbfgs,0.3,79.0,57.0
798,wear_torque_air_temp,resampling,ADASYN,power,0.001,0.001,64,"(256, 128, 64, 32)",relu,adam,0.89,20.0,64.0
799,wear_torque_air_temp,resampling,ADASYN,power,0.001,0.001,64,"(256, 128, 64, 32)",relu,sgd,0.72,66.0,62.0
800,wear_torque_air_temp,resampling,ADASYN,power,0.001,0.001,64,"(256, 128, 64, 32)",relu,lbfgs,0.05,138.0,57.0
801,wear_torque_air_temp,resampling,ADASYN,power,0.001,0.001,64,"(256, 128, 64, 32)",tanh,adam,0.8300000000000001,36.0,61.0
802,wear_torque_air_temp,resampling,ADASYN,power,0.001,0.001,64,"(256, 128, 64, 32)",tanh,sgd,0.88,131.0,63.0
803,wear_torque_air_temp,resampling,ADASYN,power,0.001,0.001,64,"(256, 128, 64, 32)",tanh,lbfgs,0.3,78.0,57.0
804,wear_torque_air_temp,resampling,ADASYN,power,0.001,0.001,256,"(256, 128, 64, 32)",relu,adam,0.8300000000000001,10.0,66.0
805,wear_torque_air_temp,resampling,ADASYN,power,0.001,0.001,256,"(256, 128, 64, 32)",relu,sgd,0.8300000000000001,52.0,63.0
806,wear_torque_air_temp,resampling,ADASYN,power,0.001,0.001,256,"(256, 128, 64, 32)",relu,lbfgs,0.05,139.0,57.0
807,wear_torque_air_temp,resampling,ADASYN,power,0.001,0.001,256,"(256, 128, 64, 32)",tanh,adam,0.88,32.0,62.0
808,wear_torque_air_temp,resampling,ADASYN,power,0.001,0.001,256,"(256, 128, 64, 32)",tanh,sgd,0.87,140.0,63.0
809,wear_torque_air_temp,resampling,ADASYN,power,0.001,0.001,256,"(256, 128, 64, 32)",tanh,lbfgs,0.3,79.0,57.0
810,wear_torque_air_temp,resampling,ADASYN,power,0.01,0.001,16,"(256, 128, 64, 32)",relu,adam,0.89,88.0,69.0
811,wear_torque_air_temp,resampling,ADASYN,power,0.01,0.001,16,"(256, 128, 64, 32)",relu,sgd,0.89,167.0,65.0
812,wear_torque_air_temp,resampling,ADASYN,power,0.01,0.001,16,"(256, 128, 64, 32)",relu,lbfgs,0.05,139.0,57.0
813,wear_torque_air_temp,resampling,ADASYN,power,0.01,0.001,16,"(256, 128, 64, 32)",tanh,adam,0.88,57.0,51.0
814,wear_torque_air_temp,resampling,ADASYN,power,0.01,0.001,16,"(256, 128, 64, 32)",tanh,sgd,0.8400000000000001,219.0,56.0
815,wear_torque_air_temp,resampling,ADASYN,power,0.01,0.001,16,"(256, 128, 64, 32)",tanh,lbfgs,0.3,78.0,57.0
816,wear_torque_air_temp,resampling,ADASYN,power,0.01,0.001,64,"(256, 128, 64, 32)",relu,adam,0.88,27.0,66.0
817,wear_torque_air_temp,resampling,ADASYN,power,0.01,0.001,64,"(256, 128, 64, 32)",relu,sgd,0.78,66.0,67.0
818,wear_torque_air_temp,resampling,ADASYN,power,0.01,0.001,64,"(256, 128, 64, 32)",relu,lbfgs,0.05,139.0,57.0
819,wear_torque_air_temp,resampling,ADASYN,power,0.01,0.001,64,"(256, 128, 64, 32)",tanh,adam,0.89,18.0,58.0
820,wear_torque_air_temp,resampling,ADASYN,power,0.01,0.001,64,"(256, 128, 64, 32)",tanh,sgd,0.88,90.0,58.0
821,wear_torque_air_temp,resampling,ADASYN,power,0.01,0.001,64,"(256, 128, 64, 32)",tanh,lbfgs,0.3,79.0,57.0
822,wear_torque_air_temp,resampling,ADASYN,power,0.01,0.001,256,"(256, 128, 64, 32)",relu,adam,0.88,11.0,60.0
823,wear_torque_air_temp,resampling,ADASYN,power,0.01,0.001,256,"(256, 128, 64, 32)",relu,sgd,0.88,36.0,64.0
824,wear_torque_air_temp,resampling,ADASYN,power,0.01,0.001,256,"(256, 128, 64, 32)",relu,lbfgs,0.05,140.0,57.0
825,wear_torque_air_temp,resampling,ADASYN,power,0.01,0.001,256,"(256, 128, 64, 32)",tanh,adam,0.89,22.0,59.0
826,wear_torque_air_temp,resampling,ADASYN,power,0.01,0.001,256,"(256, 128, 64, 32)",tanh,sgd,0.81,71.0,64.0
827,wear_torque_air_temp,resampling,ADASYN,power,0.01,0.001,256,"(256, 128, 64, 32)",tanh,lbfgs,0.3,79.0,57.0
828,wear_torque_air_temp,resampling,ADASYN,power,0.001,0.01,16,"(256, 128, 64, 32)",relu,adam,0.89,54.0,69.0
829,wear_torque_air_temp,resampling,ADASYN,power,0.001,0.01,16,"(256, 128, 64, 32)",relu,sgd,0.81,189.0,66.0
830,wear_torque_air_temp,resampling,ADASYN,power,0.001,0.01,16,"(256, 128, 64, 32)",relu,lbfgs,0.49,144.0,61.0
831,wear_torque_air_temp,resampling,ADASYN,power,0.001,0.01,16,"(256, 128, 64, 32)",tanh,adam,0.8400000000000001,49.0,60.0
832,wear_torque_air_temp,resampling,ADASYN,power,0.001,0.01,16,"(256, 128, 64, 32)",tanh,sgd,0.8400000000000001,231.0,63.0
833,wear_torque_air_temp,resampling,ADASYN,power,0.001,0.01,16,"(256, 128, 64, 32)",tanh,lbfgs,0.32,78.0,57.0
834,wear_torque_air_temp,resampling,ADASYN,power,0.001,0.01,64,"(256, 128, 64, 32)",relu,adam,0.8400000000000001,21.0,67.0
835,wear_torque_air_temp,resampling,ADASYN,power,0.001,0.01,64,"(256, 128, 64, 32)",relu,sgd,0.8200000000000001,60.0,64.0
836,wear_torque_air_temp,resampling,ADASYN,power,0.001,0.01,64,"(256, 128, 64, 32)",relu,lbfgs,0.49,143.0,61.0
837,wear_torque_air_temp,resampling,ADASYN,power,0.001,0.01,64,"(256, 128, 64, 32)",tanh,adam,0.81,28.0,65.0
838,wear_torque_air_temp,resampling,ADASYN,power,0.001,0.01,64,"(256, 128, 64, 32)",tanh,sgd,0.8400000000000001,152.0,61.0
839,wear_torque_air_temp,resampling,ADASYN,power,0.001,0.01,64,"(256, 128, 64, 32)",tanh,lbfgs,0.32,80.0,57.0
840,wear_torque_air_temp,resampling,ADASYN,power,0.001,0.01,256,"(256, 128, 64, 32)",relu,adam,0.87,16.0,64.0
841,wear_torque_air_temp,resampling,ADASYN,power,0.001,0.01,256,"(256, 128, 64, 32)",relu,sgd,0.78,54.0,64.0
842,wear_torque_air_temp,resampling,ADASYN,power,0.001,0.01,256,"(256, 128, 64, 32)",relu,lbfgs,0.49,144.0,61.0
843,wear_torque_air_temp,resampling,ADASYN,power,0.001,0.01,256,"(256, 128, 64, 32)",tanh,adam,0.8300000000000001,19.0,63.0
844,wear_torque_air_temp,resampling,ADASYN,power,0.001,0.01,256,"(256, 128, 64, 32)",tanh,sgd,0.81,133.0,61.0
845,wear_torque_air_temp,resampling,ADASYN,power,0.001,0.01,256,"(256, 128, 64, 32)",tanh,lbfgs,0.32,78.0,57.0
846,wear_torque_air_temp,resampling,ADASYN,power,0.01,0.01,16,"(256, 128, 64, 32)",relu,adam,0.89,49.0,68.0
847,wear_torque_air_temp,resampling,ADASYN,power,0.01,0.01,16,"(256, 128, 64, 32)",relu,sgd,0.85,160.0,68.0
848,wear_torque_air_temp,resampling,ADASYN,power,0.01,0.01,16,"(256, 128, 64, 32)",relu,lbfgs,0.49,141.0,61.0
849,wear_torque_air_temp,resampling,ADASYN,power,0.01,0.01,16,"(256, 128, 64, 32)",tanh,adam,0.67,54.0,56.0
850,wear_torque_air_temp,resampling,ADASYN,power,0.01,0.01,16,"(256, 128, 64, 32)",tanh,sgd,0.88,165.0,63.0
851,wear_torque_air_temp,resampling,ADASYN,power,0.01,0.01,16,"(256, 128, 64, 32)",tanh,lbfgs,0.32,78.0,57.0
852,wear_torque_air_temp,resampling,ADASYN,power,0.01,0.01,64,"(256, 128, 64, 32)",relu,adam,0.89,28.0,66.0
853,wear_torque_air_temp,resampling,ADASYN,power,0.01,0.01,64,"(256, 128, 64, 32)",relu,sgd,0.89,65.0,67.0
854,wear_torque_air_temp,resampling,ADASYN,power,0.01,0.01,64,"(256, 128, 64, 32)",relu,lbfgs,0.49,142.0,61.0
855,wear_torque_air_temp,resampling,ADASYN,power,0.01,0.01,64,"(256, 128, 64, 32)",tanh,adam,0.89,36.0,66.0
856,wear_torque_air_temp,resampling,ADASYN,power,0.01,0.01,64,"(256, 128, 64, 32)",tanh,sgd,0.89,113.0,62.0
857,wear_torque_air_temp,resampling,ADASYN,power,0.01,0.01,64,"(256, 128, 64, 32)",tanh,lbfgs,0.32,78.0,57.0
858,wear_torque_air_temp,resampling,ADASYN,power,0.01,0.01,256,"(256, 128, 64, 32)",relu,adam,0.88,11.0,63.0
859,wear_torque_air_temp,resampling,ADASYN,power,0.01,0.01,256,"(256, 128, 64, 32)",relu,sgd,0.8400000000000001,41.0,63.0
860,wear_torque_air_temp,resampling,ADASYN,power,0.01,0.01,256,"(256, 128, 64, 32)",relu,lbfgs,0.49,141.0,61.0
861,wear_torque_air_temp,resampling,ADASYN,power,0.01,0.01,256,"(256, 128, 64, 32)",tanh,adam,0.89,23.0,64.0
862,wear_torque_air_temp,resampling,ADASYN,power,0.01,0.01,256,"(256, 128, 64, 32)",tanh,sgd,0.88,65.0,63.0
863,wear_torque_air_temp,resampling,ADASYN,power,0.01,0.01,256,"(256, 128, 64, 32)",tanh,lbfgs,0.32,79.0,57.0
864,none,class_weights,1,power,0.001,0.001,16,"(16, 8)",relu,adam,0.86,7.0,54.0
865,none,class_weights,1,power,0.001,0.001,16,"(16, 8)",relu,sgd,0.89,19.0,67.0
866,none,class_weights,1,power,0.001,0.001,16,"(16, 8)",relu,lbfgs,0.89,4.0,62.0
867,none,class_weights,1,power,0.001,0.001,16,"(16, 8)",tanh,adam,0.77,7.0,58.0
868,none,class_weights,1,power,0.001,0.001,16,"(16, 8)",tanh,sgd,0.88,21.0,57.0
869,none,class_weights,1,power,0.001,0.001,16,"(16, 8)",tanh,lbfgs,0.32,5.0,66.0
870,none,class_weights,1,power,0.001,0.001,64,"(16, 8)",relu,adam,0.88,2.0,52.0
871,none,class_weights,1,power,0.001,0.001,64,"(16, 8)",relu,sgd,0.88,5.0,52.0
872,none,class_weights,1,power,0.001,0.001,64,"(16, 8)",relu,lbfgs,0.89,4.0,62.0
873,none,class_weights,1,power,0.001,0.001,64,"(16, 8)",tanh,adam,0.8400000000000001,3.0,56.0
874,none,class_weights,1,power,0.001,0.001,64,"(16, 8)",tanh,sgd,0.79,6.0,48.0
875,none,class_weights,1,power,0.001,0.001,64,"(16, 8)",tanh,lbfgs,0.32,7.0,66.0
876,none,class_weights,1,power,0.001,0.001,256,"(16, 8)",relu,adam,0.87,1.0,52.0
877,none,class_weights,1,power,0.001,0.001,256,"(16, 8)",relu,sgd,0.85,3.0,50.0
878,none,class_weights,1,power,0.001,0.001,256,"(16, 8)",relu,lbfgs,0.89,4.0,62.0
879,none,class_weights,1,power,0.001,0.001,256,"(16, 8)",tanh,adam,0.89,2.0,57.0
880,none,class_weights,1,power,0.001,0.001,256,"(16, 8)",tanh,sgd,0.8400000000000001,3.0,44.0
881,none,class_weights,1,power,0.001,0.001,256,"(16, 8)",tanh,lbfgs,0.32,7.0,66.0
882,none,class_weights,1,power,0.01,0.001,16,"(16, 8)",relu,adam,0.74,4.0,64.0
883,none,class_weights,1,power,0.01,0.001,16,"(16, 8)",relu,sgd,0.88,17.0,72.0
884,none,class_weights,1,power,0.01,0.001,16,"(16, 8)",relu,lbfgs,0.89,4.0,62.0
885,none,class_weights,1,power,0.01,0.001,16,"(16, 8)",tanh,adam,0.87,7.0,55.0
886,none,class_weights,1,power,0.01,0.001,16,"(16, 8)",tanh,sgd,0.89,20.0,60.0
887,none,class_weights,1,power,0.01,0.001,16,"(16, 8)",tanh,lbfgs,0.32,7.0,66.0
888,none,class_weights,1,power,0.01,0.001,64,"(16, 8)",relu,adam,0.88,2.0,60.0
889,none,class_weights,1,power,0.01,0.001,64,"(16, 8)",relu,sgd,0.88,5.0,63.0
890,none,class_weights,1,power,0.01,0.001,64,"(16, 8)",relu,lbfgs,0.89,4.0,62.0
891,none,class_weights,1,power,0.01,0.001,64,"(16, 8)",tanh,adam,0.87,2.0,57.0
892,none,class_weights,1,power,0.01,0.001,64,"(16, 8)",tanh,sgd,0.88,7.0,59.0
893,none,class_weights,1,power,0.01,0.001,64,"(16, 8)",tanh,lbfgs,0.32,7.0,66.0
894,none,class_weights,1,power,0.01,0.001,256,"(16, 8)",relu,adam,0.89,1.0,63.0
895,none,class_weights,1,power,0.01,0.001,256,"(16, 8)",relu,sgd,0.89,2.0,55.0
896,none,class_weights,1,power,0.01,0.001,256,"(16, 8)",relu,lbfgs,0.89,4.0,62.0
897,none,class_weights,1,power,0.01,0.001,256,"(16, 8)",tanh,adam,0.8400000000000001,1.0,56.0
898,none,class_weights,1,power,0.01,0.001,256,"(16, 8)",tanh,sgd,0.89,3.0,50.0
899,none,class_weights,1,power,0.01,0.001,256,"(16, 8)",tanh,lbfgs,0.32,7.0,66.0
900,none,class_weights,1,power,0.001,0.01,16,"(16, 8)",relu,adam,0.88,9.0,58.0
901,none,class_weights,1,power,0.001,0.01,16,"(16, 8)",relu,sgd,0.86,17.0,64.0
902,none,class_weights,1,power,0.001,0.01,16,"(16, 8)",relu,lbfgs,0.87,4.0,58.0
903,none,class_weights,1,power,0.001,0.01,16,"(16, 8)",tanh,adam,0.8400000000000001,8.0,61.0
904,none,class_weights,1,power,0.001,0.01,16,"(16, 8)",tanh,sgd,0.89,18.0,59.0
905,none,class_weights,1,power,0.001,0.01,16,"(16, 8)",tanh,lbfgs,0.79,7.0,64.0
906,none,class_weights,1,power,0.001,0.01,64,"(16, 8)",relu,adam,0.89,2.0,51.0
907,none,class_weights,1,power,0.001,0.01,64,"(16, 8)",relu,sgd,0.88,5.0,52.0
908,none,class_weights,1,power,0.001,0.01,64,"(16, 8)",relu,lbfgs,0.87,4.0,58.0
909,none,class_weights,1,power,0.001,0.01,64,"(16, 8)",tanh,adam,0.8300000000000001,3.0,55.0
910,none,class_weights,1,power,0.001,0.01,64,"(16, 8)",tanh,sgd,0.79,6.0,48.0
911,none,class_weights,1,power,0.001,0.01,64,"(16, 8)",tanh,lbfgs,0.79,7.0,64.0
912,none,class_weights,1,power,0.001,0.01,256,"(16, 8)",relu,adam,0.87,1.0,52.0
913,none,class_weights,1,power,0.001,0.01,256,"(16, 8)",relu,sgd,0.85,3.0,50.0
914,none,class_weights,1,power,0.001,0.01,256,"(16, 8)",relu,lbfgs,0.87,4.0,58.0
915,none,class_weights,1,power,0.001,0.01,256,"(16, 8)",tanh,adam,0.89,2.0,57.0
916,none,class_weights,1,power,0.001,0.01,256,"(16, 8)",tanh,sgd,0.8400000000000001,3.0,44.0
917,none,class_weights,1,power,0.001,0.01,256,"(16, 8)",tanh,lbfgs,0.79,7.0,64.0
918,none,class_weights,1,power,0.01,0.01,16,"(16, 8)",relu,adam,0.8400000000000001,8.0,69.0
919,none,class_weights,1,power,0.01,0.01,16,"(16, 8)",relu,sgd,0.81,18.0,70.0
920,none,class_weights,1,power,0.01,0.01,16,"(16, 8)",relu,lbfgs,0.87,4.0,58.0
921,none,class_weights,1,power,0.01,0.01,16,"(16, 8)",tanh,adam,0.89,3.0,53.0
922,none,class_weights,1,power,0.01,0.01,16,"(16, 8)",tanh,sgd,0.89,20.0,70.0
923,none,class_weights,1,power,0.01,0.01,16,"(16, 8)",tanh,lbfgs,0.79,7.0,64.0
924,none,class_weights,1,power,0.01,0.01,64,"(16, 8)",relu,adam,0.85,1.0,59.0
925,none,class_weights,1,power,0.01,0.01,64,"(16, 8)",relu,sgd,0.87,5.0,57.0
926,none,class_weights,1,power,0.01,0.01,64,"(16, 8)",relu,lbfgs,0.87,4.0,58.0
927,none,class_weights,1,power,0.01,0.01,64,"(16, 8)",tanh,adam,0.88,2.0,58.0
928,none,class_weights,1,power,0.01,0.01,64,"(16, 8)",tanh,sgd,0.89,6.0,55.0
929,none,class_weights,1,power,0.01,0.01,64,"(16, 8)",tanh,lbfgs,0.79,7.0,64.0
930,none,class_weights,1,power,0.01,0.01,256,"(16, 8)",relu,adam,0.88,1.0,67.0
931,none,class_weights,1,power,0.01,0.01,256,"(16, 8)",relu,sgd,0.87,2.0,58.0
932,none,class_weights,1,power,0.01,0.01,256,"(16, 8)",relu,lbfgs,0.87,3.0,58.0
933,none,class_weights,1,power,0.01,0.01,256,"(16, 8)",tanh,adam,0.8400000000000001,1.0,56.0
934,none,class_weights,1,power,0.01,0.01,256,"(16, 8)",tanh,sgd,0.89,3.0,50.0
935,none,class_weights,1,power,0.01,0.01,256,"(16, 8)",tanh,lbfgs,0.79,7.0,64.0
936,none,class_weights,1,power,0.001,0.001,16,"(128, 64, 32)",relu,adam,0.89,15.0,72.0
937,none,class_weights,1,power,0.001,0.001,16,"(128, 64, 32)",relu,sgd,0.8400000000000001,31.0,71.0
938,none,class_weights,1,power,0.001,0.001,16,"(128, 64, 32)",relu,lbfgs,0.02,73.0,60.0
939,none,class_weights,1,power,0.001,0.001,16,"(128, 64, 32)",tanh,adam,0.8,10.0,66.0
940,none,class_weights,1,power,0.001,0.001,16,"(128, 64, 32)",tanh,sgd,0.86,40.0,65.0
941,none,class_weights,1,power,0.001,0.001,16,"(128, 64, 32)",tanh,lbfgs,0.86,37.0,63.0
942,none,class_weights,1,power,0.001,0.001,64,"(128, 64, 32)",relu,adam,0.88,5.0,67.0
943,none,class_weights,1,power,0.001,0.001,64,"(128, 64, 32)",relu,sgd,0.89,18.0,69.0
944,none,class_weights,1,power,0.001,0.001,64,"(128, 64, 32)",relu,lbfgs,0.02,73.0,60.0
945,none,class_weights,1,power,0.001,0.001,64,"(128, 64, 32)",tanh,adam,0.89,8.0,65.0
946,none,class_weights,1,power,0.001,0.001,64,"(128, 64, 32)",tanh,sgd,0.87,19.0,61.0
947,none,class_weights,1,power,0.001,0.001,64,"(128, 64, 32)",tanh,lbfgs,0.86,37.0,63.0
948,none,class_weights,1,power,0.001,0.001,256,"(128, 64, 32)",relu,adam,0.8400000000000001,2.0,58.0
949,none,class_weights,1,power,0.001,0.001,256,"(128, 64, 32)",relu,sgd,0.85,7.0,49.0
950,none,class_weights,1,power,0.001,0.001,256,"(128, 64, 32)",relu,lbfgs,0.02,75.0,60.0
951,none,class_weights,1,power,0.001,0.001,256,"(128, 64, 32)",tanh,adam,0.87,8.0,62.0
952,none,class_weights,1,power,0.001,0.001,256,"(128, 64, 32)",tanh,sgd,0.85,20.0,60.0
953,none,class_weights,1,power,0.001,0.001,256,"(128, 64, 32)",tanh,lbfgs,0.86,37.0,63.0
954,none,class_weights,1,power,0.01,0.001,16,"(128, 64, 32)",relu,adam,0.74,10.0,61.0
955,none,class_weights,1,power,0.01,0.001,16,"(128, 64, 32)",relu,sgd,0.89,34.0,62.0
956,none,class_weights,1,power,0.01,0.001,16,"(128, 64, 32)",relu,lbfgs,0.02,75.0,60.0
957,none,class_weights,1,power,0.01,0.001,16,"(128, 64, 32)",tanh,adam,0.88,16.0,62.0
958,none,class_weights,1,power,0.01,0.001,16,"(128, 64, 32)",tanh,sgd,0.75,38.0,61.0
959,none,class_weights,1,power,0.01,0.001,16,"(128, 64, 32)",tanh,lbfgs,0.86,37.0,63.0
960,none,class_weights,1,power,0.01,0.001,64,"(128, 64, 32)",relu,adam,0.75,5.0,67.0
961,none,class_weights,1,power,0.01,0.001,64,"(128, 64, 32)",relu,sgd,0.88,16.0,68.0
962,none,class_weights,1,power,0.01,0.001,64,"(128, 64, 32)",relu,lbfgs,0.02,74.0,60.0
963,none,class_weights,1,power,0.01,0.001,64,"(128, 64, 32)",tanh,adam,0.77,7.0,48.0
964,none,class_weights,1,power,0.01,0.001,64,"(128, 64, 32)",tanh,sgd,0.88,21.0,67.0
965,none,class_weights,1,power,0.01,0.001,64,"(128, 64, 32)",tanh,lbfgs,0.86,37.0,63.0
966,none,class_weights,1,power,0.01,0.001,256,"(128, 64, 32)",relu,adam,0.87,1.0,62.0
967,none,class_weights,1,power,0.01,0.001,256,"(128, 64, 32)",relu,sgd,0.89,9.0,71.0
968,none,class_weights,1,power,0.01,0.001,256,"(128, 64, 32)",relu,lbfgs,0.02,74.0,60.0
969,none,class_weights,1,power,0.01,0.001,256,"(128, 64, 32)",tanh,adam,0.89,3.0,56.0
970,none,class_weights,1,power,0.01,0.001,256,"(128, 64, 32)",tanh,sgd,0.88,14.0,58.0
971,none,class_weights,1,power,0.01,0.001,256,"(128, 64, 32)",tanh,lbfgs,0.86,37.0,63.0
972,none,class_weights,1,power,0.001,0.01,16,"(128, 64, 32)",relu,adam,0.89,14.0,63.0
973,none,class_weights,1,power,0.001,0.01,16,"(128, 64, 32)",relu,sgd,0.85,30.0,61.0
974,none,class_weights,1,power,0.001,0.01,16,"(128, 64, 32)",relu,lbfgs,0.060000000000000005,83.0,62.0
975,none,class_weights,1,power,0.001,0.01,16,"(128, 64, 32)",tanh,adam,0.8200000000000001,16.0,61.0
976,none,class_weights,1,power,0.001,0.01,16,"(128, 64, 32)",tanh,sgd,0.8,41.0,66.0
977,none,class_weights,1,power,0.001,0.01,16,"(128, 64, 32)",tanh,lbfgs,0.5,39.0,66.0
978,none,class_weights,1,power,0.001,0.01,64,"(128, 64, 32)",relu,adam,0.89,3.0,67.0
979,none,class_weights,1,power,0.001,0.01,64,"(128, 64, 32)",relu,sgd,0.87,17.0,65.0
980,none,class_weights,1,power,0.001,0.01,64,"(128, 64, 32)",relu,lbfgs,0.060000000000000005,82.0,62.0
981,none,class_weights,1,power,0.001,0.01,64,"(128, 64, 32)",tanh,adam,0.86,9.0,65.0
982,none,class_weights,1,power,0.001,0.01,64,"(128, 64, 32)",tanh,sgd,0.86,21.0,60.0
983,none,class_weights,1,power,0.001,0.01,64,"(128, 64, 32)",tanh,lbfgs,0.5,39.0,66.0
984,none,class_weights,1,power,0.001,0.01,256,"(128, 64, 32)",relu,adam,0.8300000000000001,1.0,58.0
985,none,class_weights,1,power,0.001,0.01,256,"(128, 64, 32)",relu,sgd,0.85,6.0,49.0
986,none,class_weights,1,power,0.001,0.01,256,"(128, 64, 32)",relu,lbfgs,0.060000000000000005,83.0,62.0
987,none,class_weights,1,power,0.001,0.01,256,"(128, 64, 32)",tanh,adam,0.89,8.0,65.0
988,none,class_weights,1,power,0.001,0.01,256,"(128, 64, 32)",tanh,sgd,0.85,20.0,59.0
989,none,class_weights,1,power,0.001,0.01,256,"(128, 64, 32)",tanh,lbfgs,0.5,39.0,66.0
990,none,class_weights,1,power,0.01,0.01,16,"(128, 64, 32)",relu,adam,0.88,6.0,55.0
991,none,class_weights,1,power,0.01,0.01,16,"(128, 64, 32)",relu,sgd,0.88,36.0,65.0
992,none,class_weights,1,power,0.01,0.01,16,"(128, 64, 32)",relu,lbfgs,0.060000000000000005,82.0,62.0
993,none,class_weights,1,power,0.01,0.01,16,"(128, 64, 32)",tanh,adam,0.72,14.0,38.0
994,none,class_weights,1,power,0.01,0.01,16,"(128, 64, 32)",tanh,sgd,0.89,48.0,59.0
995,none,class_weights,1,power,0.01,0.01,16,"(128, 64, 32)",tanh,lbfgs,0.5,39.0,66.0
996,none,class_weights,1,power,0.01,0.01,64,"(128, 64, 32)",relu,adam,0.88,6.0,72.0
997,none,class_weights,1,power,0.01,0.01,64,"(128, 64, 32)",relu,sgd,0.89,15.0,71.0
998,none,class_weights,1,power,0.01,0.01,64,"(128, 64, 32)",relu,lbfgs,0.060000000000000005,83.0,62.0
999,none,class_weights,1,power,0.01,0.01,64,"(128, 64, 32)",tanh,adam,0.8200000000000001,13.0,60.0
1000,none,class_weights,1,power,0.01,0.01,64,"(128, 64, 32)",tanh,sgd,0.88,22.0,66.0
1001,none,class_weights,1,power,0.01,0.01,64,"(128, 64, 32)",tanh,lbfgs,0.5,40.0,66.0
1002,none,class_weights,1,power,0.01,0.01,256,"(128, 64, 32)",relu,adam,0.88,4.0,66.0
1003,none,class_weights,1,power,0.01,0.01,256,"(128, 64, 32)",relu,sgd,0.87,8.0,70.0
1004,none,class_weights,1,power,0.01,0.01,256,"(128, 64, 32)",relu,lbfgs,0.060000000000000005,82.0,62.0
1005,none,class_weights,1,power,0.01,0.01,256,"(128, 64, 32)",tanh,adam,0.89,4.0,62.0
1006,none,class_weights,1,power,0.01,0.01,256,"(128, 64, 32)",tanh,sgd,0.88,14.0,57.0
1007,none,class_weights,1,power,0.01,0.01,256,"(128, 64, 32)",tanh,lbfgs,0.5,40.0,66.0
1008,none,class_weights,1,power,0.001,0.001,16,"(256, 128, 64, 32)",relu,adam,0.88,19.0,60.0
1009,none,class_weights,1,power,0.001,0.001,16,"(256, 128, 64, 32)",relu,sgd,0.89,61.0,61.0
1010,none,class_weights,1,power,0.001,0.001,16,"(256, 128, 64, 32)",relu,lbfgs,0.05,77.0,61.0
1011,none,class_weights,1,power,0.001,0.001,16,"(256, 128, 64, 32)",tanh,adam,0.89,34.0,65.0
1012,none,class_weights,1,power,0.001,0.001,16,"(256, 128, 64, 32)",tanh,sgd,0.87,73.0,61.0
1013,none,class_weights,1,power,0.001,0.001,16,"(256, 128, 64, 32)",tanh,lbfgs,0.09999999999999999,45.0,60.0
1014,none,class_weights,1,power,0.001,0.001,64,"(256, 128, 64, 32)",relu,adam,0.8400000000000001,8.0,62.0
1015,none,class_weights,1,power,0.001,0.001,64,"(256, 128, 64, 32)",relu,sgd,0.88,23.0,63.0
1016,none,class_weights,1,power,0.001,0.001,64,"(256, 128, 64, 32)",relu,lbfgs,0.05,76.0,61.0
1017,none,class_weights,1,power,0.001,0.001,64,"(256, 128, 64, 32)",tanh,adam,0.89,14.0,50.0
1018,none,class_weights,1,power,0.001,0.001,64,"(256, 128, 64, 32)",tanh,sgd,0.85,37.0,56.0
1019,none,class_weights,1,power,0.001,0.001,64,"(256, 128, 64, 32)",tanh,lbfgs,0.09999999999999999,44.0,60.0
1020,none,class_weights,1,power,0.001,0.001,256,"(256, 128, 64, 32)",relu,adam,0.89,4.0,59.0
1021,none,class_weights,1,power,0.001,0.001,256,"(256, 128, 64, 32)",relu,sgd,0.89,16.0,62.0
1022,none,class_weights,1,power,0.001,0.001,256,"(256, 128, 64, 32)",relu,lbfgs,0.05,76.0,61.0
1023,none,class_weights,1,power,0.001,0.001,256,"(256, 128, 64, 32)",tanh,adam,0.89,6.0,61.0
1024,none,class_weights,1,power,0.001,0.001,256,"(256, 128, 64, 32)",tanh,sgd,0.88,34.0,59.0
1025,none,class_weights,1,power,0.001,0.001,256,"(256, 128, 64, 32)",tanh,lbfgs,0.09999999999999999,42.0,60.0
1026,none,class_weights,1,power,0.01,0.001,16,"(256, 128, 64, 32)",relu,adam,0.8,28.0,51.0
1027,none,class_weights,1,power,0.01,0.001,16,"(256, 128, 64, 32)",relu,sgd,0.73,68.0,59.0
1028,none,class_weights,1,power,0.01,0.001,16,"(256, 128, 64, 32)",relu,lbfgs,0.05,75.0,61.0
1029,none,class_weights,1,power,0.01,0.001,16,"(256, 128, 64, 32)",tanh,adam,0.59,17.0,33.0
1030,none,class_weights,1,power,0.01,0.001,16,"(256, 128, 64, 32)",tanh,sgd,0.78,81.0,62.0
1031,none,class_weights,1,power,0.01,0.001,16,"(256, 128, 64, 32)",tanh,lbfgs,0.09999999999999999,46.0,60.0
1032,none,class_weights,1,power,0.01,0.001,64,"(256, 128, 64, 32)",relu,adam,0.87,8.0,69.0
1033,none,class_weights,1,power,0.01,0.001,64,"(256, 128, 64, 32)",relu,sgd,0.86,26.0,63.0
1034,none,class_weights,1,power,0.01,0.001,64,"(256, 128, 64, 32)",relu,lbfgs,0.05,77.0,61.0
1035,none,class_weights,1,power,0.01,0.001,64,"(256, 128, 64, 32)",tanh,adam,0.8400000000000001,15.0,46.0
1036,none,class_weights,1,power,0.01,0.001,64,"(256, 128, 64, 32)",tanh,sgd,0.89,40.0,60.0
1037,none,class_weights,1,power,0.01,0.001,64,"(256, 128, 64, 32)",tanh,lbfgs,0.09999999999999999,44.0,60.0
1038,none,class_weights,1,power,0.01,0.001,256,"(256, 128, 64, 32)",relu,adam,0.87,3.0,59.0
1039,none,class_weights,1,power,0.01,0.001,256,"(256, 128, 64, 32)",relu,sgd,0.89,13.0,61.0
1040,none,class_weights,1,power,0.01,0.001,256,"(256, 128, 64, 32)",relu,lbfgs,0.05,76.0,61.0
1041,none,class_weights,1,power,0.01,0.001,256,"(256, 128, 64, 32)",tanh,adam,0.89,7.0,49.0
1042,none,class_weights,1,power,0.01,0.001,256,"(256, 128, 64, 32)",tanh,sgd,0.88,28.0,66.0
1043,none,class_weights,1,power,0.01,0.001,256,"(256, 128, 64, 32)",tanh,lbfgs,0.09999999999999999,45.0,60.0
1044,none,class_weights,1,power,0.001,0.01,16,"(256, 128, 64, 32)",relu,adam,0.8200000000000001,21.0,70.0
1045,none,class_weights,1,power,0.001,0.01,16,"(256, 128, 64, 32)",relu,sgd,0.86,69.0,61.0
1046,none,class_weights,1,power,0.001,0.01,16,"(256, 128, 64, 32)",relu,lbfgs,0.04,75.0,59.0
1047,none,class_weights,1,power,0.001,0.01,16,"(256, 128, 64, 32)",tanh,adam,0.79,24.0,58.0
1048,none,class_weights,1,power,0.001,0.01,16,"(256, 128, 64, 32)",tanh,sgd,0.88,72.0,58.0
1049,none,class_weights,1,power,0.001,0.01,16,"(256, 128, 64, 32)",tanh,lbfgs,0.41000000000000003,44.0,59.0
1050,none,class_weights,1,power,0.001,0.01,64,"(256, 128, 64, 32)",relu,adam,0.89,7.0,69.0
1051,none,class_weights,1,power,0.001,0.01,64,"(256, 128, 64, 32)",relu,sgd,0.88,23.0,64.0
1052,none,class_weights,1,power,0.001,0.01,64,"(256, 128, 64, 32)",relu,lbfgs,0.04,75.0,59.0
1053,none,class_weights,1,power,0.001,0.01,64,"(256, 128, 64, 32)",tanh,adam,0.88,12.0,67.0
1054,none,class_weights,1,power,0.001,0.01,64,"(256, 128, 64, 32)",tanh,sgd,0.88,37.0,59.0
1055,none,class_weights,1,power,0.001,0.01,64,"(256, 128, 64, 32)",tanh,lbfgs,0.41000000000000003,43.0,59.0
1056,none,class_weights,1,power,0.001,0.01,256,"(256, 128, 64, 32)",relu,adam,0.74,3.0,58.0
1057,none,class_weights,1,power,0.001,0.01,256,"(256, 128, 64, 32)",relu,sgd,0.89,16.0,61.0
1058,none,class_weights,1,power,0.001,0.01,256,"(256, 128, 64, 32)",relu,lbfgs,0.04,75.0,59.0
1059,none,class_weights,1,power,0.001,0.01,256,"(256, 128, 64, 32)",tanh,adam,0.89,6.0,61.0
1060,none,class_weights,1,power,0.001,0.01,256,"(256, 128, 64, 32)",tanh,sgd,0.89,38.0,58.0
1061,none,class_weights,1,power,0.001,0.01,256,"(256, 128, 64, 32)",tanh,lbfgs,0.41000000000000003,42.0,59.0
1062,none,class_weights,1,power,0.01,0.01,16,"(256, 128, 64, 32)",relu,adam,0.88,28.0,54.0
1063,none,class_weights,1,power,0.01,0.01,16,"(256, 128, 64, 32)",relu,sgd,0.88,71.0,58.0
1064,none,class_weights,1,power,0.01,0.01,16,"(256, 128, 64, 32)",relu,lbfgs,0.04,75.0,59.0
1065,none,class_weights,1,power,0.01,0.01,16,"(256, 128, 64, 32)",tanh,adam,0.75,15.0,24.0
1066,none,class_weights,1,power,0.01,0.01,16,"(256, 128, 64, 32)",tanh,sgd,0.87,85.0,69.0
1067,none,class_weights,1,power,0.01,0.01,16,"(256, 128, 64, 32)",tanh,lbfgs,0.41000000000000003,43.0,59.0
1068,none,class_weights,1,power,0.01,0.01,64,"(256, 128, 64, 32)",relu,adam,0.89,10.0,68.0
1069,none,class_weights,1,power,0.01,0.01,64,"(256, 128, 64, 32)",relu,sgd,0.89,26.0,65.0
1070,none,class_weights,1,power,0.01,0.01,64,"(256, 128, 64, 32)",relu,lbfgs,0.04,75.0,59.0
1071,none,class_weights,1,power,0.01,0.01,64,"(256, 128, 64, 32)",tanh,adam,0.89,18.0,52.0
1072,none,class_weights,1,power,0.01,0.01,64,"(256, 128, 64, 32)",tanh,sgd,0.89,40.0,61.0
1073,none,class_weights,1,power,0.01,0.01,64,"(256, 128, 64, 32)",tanh,lbfgs,0.41000000000000003,41.0,59.0
1074,none,class_weights,1,power,0.01,0.01,256,"(256, 128, 64, 32)",relu,adam,0.88,4.0,61.0
1075,none,class_weights,1,power,0.01,0.01,256,"(256, 128, 64, 32)",relu,sgd,0.89,13.0,52.0
1076,none,class_weights,1,power,0.01,0.01,256,"(256, 128, 64, 32)",relu,lbfgs,0.04,76.0,59.0
1077,none,class_weights,1,power,0.01,0.01,256,"(256, 128, 64, 32)",tanh,adam,0.89,6.0,45.0
1078,none,class_weights,1,power,0.01,0.01,256,"(256, 128, 64, 32)",tanh,sgd,0.89,28.0,64.0
1079,none,class_weights,1,power,0.01,0.01,256,"(256, 128, 64, 32)",tanh,lbfgs,0.41000000000000003,42.0,59.0
1080,none,class_weights,1.5,power,0.001,0.001,16,"(16, 8)",relu,adam,0.88,6.0,54.0
1081,none,class_weights,1.5,power,0.001,0.001,16,"(16, 8)",relu,sgd,0.89,21.0,56.0
1082,none,class_weights,1.5,power,0.001,0.001,16,"(16, 8)",relu,lbfgs,0.89,4.0,62.0
1083,none,class_weights,1.5,power,0.001,0.001,16,"(16, 8)",tanh,adam,0.88,6.0,54.0
1084,none,class_weights,1.5,power,0.001,0.001,16,"(16, 8)",tanh,sgd,0.87,18.0,54.0
1085,none,class_weights,1.5,power,0.001,0.001,16,"(16, 8)",tanh,lbfgs,0.4,7.0,49.0
1086,none,class_weights,1.5,power,0.001,0.001,64,"(16, 8)",relu,adam,0.88,2.0,53.0
1087,none,class_weights,1.5,power,0.001,0.001,64,"(16, 8)",relu,sgd,0.88,5.0,50.0
1088,none,class_weights,1.5,power,0.001,0.001,64,"(16, 8)",relu,lbfgs,0.89,4.0,62.0
1089,none,class_weights,1.5,power,0.001,0.001,64,"(16, 8)",tanh,adam,0.89,4.0,56.0
1090,none,class_weights,1.5,power,0.001,0.001,64,"(16, 8)",tanh,sgd,0.85,6.0,49.0
1091,none,class_weights,1.5,power,0.001,0.001,64,"(16, 8)",tanh,lbfgs,0.4,7.0,49.0
1092,none,class_weights,1.5,power,0.001,0.001,256,"(16, 8)",relu,adam,0.89,1.0,52.0
1093,none,class_weights,1.5,power,0.001,0.001,256,"(16, 8)",relu,sgd,0.89,3.0,51.0
1094,none,class_weights,1.5,power,0.001,0.001,256,"(16, 8)",relu,lbfgs,0.89,3.0,62.0
1095,none,class_weights,1.5,power,0.001,0.001,256,"(16, 8)",tanh,adam,0.89,2.0,56.0
1096,none,class_weights,1.5,power,0.001,0.001,256,"(16, 8)",tanh,sgd,0.89,3.0,41.0
1097,none,class_weights,1.5,power,0.001,0.001,256,"(16, 8)",tanh,lbfgs,0.4,7.0,49.0
1098,none,class_weights,1.5,power,0.01,0.001,16,"(16, 8)",relu,adam,0.8400000000000001,5.0,62.0
1099,none,class_weights,1.5,power,0.01,0.001,16,"(16, 8)",relu,sgd,0.88,19.0,71.0
1100,none,class_weights,1.5,power,0.01,0.001,16,"(16, 8)",relu,lbfgs,0.89,3.0,62.0
1101,none,class_weights,1.5,power,0.01,0.001,16,"(16, 8)",tanh,adam,0.89,3.0,50.0
1102,none,class_weights,1.5,power,0.01,0.001,16,"(16, 8)",tanh,sgd,0.78,16.0,57.0
1103,none,class_weights,1.5,power,0.01,0.001,16,"(16, 8)",tanh,lbfgs,0.4,7.0,49.0
1104,none,class_weights,1.5,power,0.01,0.001,64,"(16, 8)",relu,adam,0.89,2.0,62.0
1105,none,class_weights,1.5,power,0.01,0.001,64,"(16, 8)",relu,sgd,0.89,5.0,53.0
1106,none,class_weights,1.5,power,0.01,0.001,64,"(16, 8)",relu,lbfgs,0.89,4.0,62.0
1107,none,class_weights,1.5,power,0.01,0.001,64,"(16, 8)",tanh,adam,0.89,2.0,55.0
1108,none,class_weights,1.5,power,0.01,0.001,64,"(16, 8)",tanh,sgd,0.89,5.0,41.0
1109,none,class_weights,1.5,power,0.01,0.001,64,"(16, 8)",tanh,lbfgs,0.4,7.0,49.0
1110,none,class_weights,1.5,power,0.01,0.001,256,"(16, 8)",relu,adam,0.89,1.0,55.0
1111,none,class_weights,1.5,power,0.01,0.001,256,"(16, 8)",relu,sgd,0.88,2.0,58.0
1112,none,class_weights,1.5,power,0.01,0.001,256,"(16, 8)",relu,lbfgs,0.89,4.0,62.0
1113,none,class_weights,1.5,power,0.01,0.001,256,"(16, 8)",tanh,adam,0.86,1.0,49.0
1114,none,class_weights,1.5,power,0.01,0.001,256,"(16, 8)",tanh,sgd,0.88,3.0,50.0
1115,none,class_weights,1.5,power,0.01,0.001,256,"(16, 8)",tanh,lbfgs,0.4,7.0,49.0
1116,none,class_weights,1.5,power,0.001,0.01,16,"(16, 8)",relu,adam,0.8400000000000001,9.0,50.0
1117,none,class_weights,1.5,power,0.001,0.01,16,"(16, 8)",relu,sgd,0.86,14.0,54.0
1118,none,class_weights,1.5,power,0.001,0.01,16,"(16, 8)",relu,lbfgs,0.89,4.0,60.0
1119,none,class_weights,1.5,power,0.001,0.01,16,"(16, 8)",tanh,adam,0.85,8.0,60.0
1120,none,class_weights,1.5,power,0.001,0.01,16,"(16, 8)",tanh,sgd,0.89,18.0,59.0
1121,none,class_weights,1.5,power,0.001,0.01,16,"(16, 8)",tanh,lbfgs,0.52,7.0,52.0
1122,none,class_weights,1.5,power,0.001,0.01,64,"(16, 8)",relu,adam,0.88,2.0,50.0
1123,none,class_weights,1.5,power,0.001,0.01,64,"(16, 8)",relu,sgd,0.88,5.0,50.0
1124,none,class_weights,1.5,power,0.001,0.01,64,"(16, 8)",relu,lbfgs,0.89,4.0,60.0
1125,none,class_weights,1.5,power,0.001,0.01,64,"(16, 8)",tanh,adam,0.89,3.0,55.0
1126,none,class_weights,1.5,power,0.001,0.01,64,"(16, 8)",tanh,sgd,0.8400000000000001,6.0,47.0
1127,none,class_weights,1.5,power,0.001,0.01,64,"(16, 8)",tanh,lbfgs,0.52,7.0,52.0
1128,none,class_weights,1.5,power,0.001,0.01,256,"(16, 8)",relu,adam,0.89,1.0,52.0
1129,none,class_weights,1.5,power,0.001,0.01,256,"(16, 8)",relu,sgd,0.89,3.0,52.0
1130,none,class_weights,1.5,power,0.001,0.01,256,"(16, 8)",relu,lbfgs,0.89,4.0,60.0
1131,none,class_weights,1.5,power,0.001,0.01,256,"(16, 8)",tanh,adam,0.89,2.0,56.0
1132,none,class_weights,1.5,power,0.001,0.01,256,"(16, 8)",tanh,sgd,0.88,2.0,42.0
1133,none,class_weights,1.5,power,0.001,0.01,256,"(16, 8)",tanh,lbfgs,0.52,7.0,52.0
1134,none,class_weights,1.5,power,0.01,0.01,16,"(16, 8)",relu,adam,0.88,5.0,61.0
1135,none,class_weights,1.5,power,0.01,0.01,16,"(16, 8)",relu,sgd,0.8400000000000001,21.0,71.0
1136,none,class_weights,1.5,power,0.01,0.01,16,"(16, 8)",relu,lbfgs,0.89,4.0,60.0
1137,none,class_weights,1.5,power,0.01,0.01,16,"(16, 8)",tanh,adam,0.86,6.0,52.0
1138,none,class_weights,1.5,power,0.01,0.01,16,"(16, 8)",tanh,sgd,0.85,17.0,73.0
1139,none,class_weights,1.5,power,0.01,0.01,16,"(16, 8)",tanh,lbfgs,0.52,7.0,52.0
1140,none,class_weights,1.5,power,0.01,0.01,64,"(16, 8)",relu,adam,0.89,2.0,57.0
1141,none,class_weights,1.5,power,0.01,0.01,64,"(16, 8)",relu,sgd,0.89,5.0,61.0
1142,none,class_weights,1.5,power,0.01,0.01,64,"(16, 8)",relu,lbfgs,0.89,4.0,60.0
1143,none,class_weights,1.5,power,0.01,0.01,64,"(16, 8)",tanh,adam,0.89,3.0,52.0
1144,none,class_weights,1.5,power,0.01,0.01,64,"(16, 8)",tanh,sgd,0.89,5.0,41.0
1145,none,class_weights,1.5,power,0.01,0.01,64,"(16, 8)",tanh,lbfgs,0.52,7.0,52.0
1146,none,class_weights,1.5,power,0.01,0.01,256,"(16, 8)",relu,adam,0.89,1.0,53.0
1147,none,class_weights,1.5,power,0.01,0.01,256,"(16, 8)",relu,sgd,0.87,2.0,65.0
1148,none,class_weights,1.5,power,0.01,0.01,256,"(16, 8)",relu,lbfgs,0.89,4.0,60.0
1149,none,class_weights,1.5,power,0.01,0.01,256,"(16, 8)",tanh,adam,0.89,1.0,54.0
1150,none,class_weights,1.5,power,0.01,0.01,256,"(16, 8)",tanh,sgd,0.89,3.0,50.0
1151,none,class_weights,1.5,power,0.01,0.01,256,"(16, 8)",tanh,lbfgs,0.52,7.0,52.0
1152,none,class_weights,1.5,power,0.001,0.001,16,"(128, 64, 32)",relu,adam,0.87,16.0,71.0
1153,none,class_weights,1.5,power,0.001,0.001,16,"(128, 64, 32)",relu,sgd,0.88,32.0,67.0
1154,none,class_weights,1.5,power,0.001,0.001,16,"(128, 64, 32)",relu,lbfgs,0.05,89.0,63.0
1155,none,class_weights,1.5,power,0.001,0.001,16,"(128, 64, 32)",tanh,adam,0.89,15.0,55.0
1156,none,class_weights,1.5,power,0.001,0.001,16,"(128, 64, 32)",tanh,sgd,0.87,38.0,66.0
1157,none,class_weights,1.5,power,0.001,0.001,16,"(128, 64, 32)",tanh,lbfgs,0.09999999999999999,45.0,59.0
1158,none,class_weights,1.5,power,0.001,0.001,64,"(128, 64, 32)",relu,adam,0.88,5.0,67.0
1159,none,class_weights,1.5,power,0.001,0.001,64,"(128, 64, 32)",relu,sgd,0.86,17.0,67.0
1160,none,class_weights,1.5,power,0.001,0.001,64,"(128, 64, 32)",relu,lbfgs,0.05,89.0,63.0
1161,none,class_weights,1.5,power,0.001,0.001,64,"(128, 64, 32)",tanh,adam,0.87,9.0,63.0
1162,none,class_weights,1.5,power,0.001,0.001,64,"(128, 64, 32)",tanh,sgd,0.89,24.0,62.0
1163,none,class_weights,1.5,power,0.001,0.001,64,"(128, 64, 32)",tanh,lbfgs,0.09999999999999999,44.0,59.0
1164,none,class_weights,1.5,power,0.001,0.001,256,"(128, 64, 32)",relu,adam,0.89,3.0,62.0
1165,none,class_weights,1.5,power,0.001,0.001,256,"(128, 64, 32)",relu,sgd,0.88,9.0,60.0
1166,none,class_weights,1.5,power,0.001,0.001,256,"(128, 64, 32)",relu,lbfgs,0.05,89.0,63.0
1167,none,class_weights,1.5,power,0.001,0.001,256,"(128, 64, 32)",tanh,adam,0.88,5.0,58.0
1168,none,class_weights,1.5,power,0.001,0.001,256,"(128, 64, 32)",tanh,sgd,0.88,17.0,56.0
1169,none,class_weights,1.5,power,0.001,0.001,256,"(128, 64, 32)",tanh,lbfgs,0.09999999999999999,44.0,59.0
1170,none,class_weights,1.5,power,0.01,0.001,16,"(128, 64, 32)",relu,adam,0.86,16.0,65.0
1171,none,class_weights,1.5,power,0.01,0.001,16,"(128, 64, 32)",relu,sgd,0.87,32.0,62.0
1172,none,class_weights,1.5,power,0.01,0.001,16,"(128, 64, 32)",relu,lbfgs,0.05,88.0,63.0
1173,none,class_weights,1.5,power,0.01,0.001,16,"(128, 64, 32)",tanh,adam,0.8,16.0,43.0
1174,none,class_weights,1.5,power,0.01,0.001,16,"(128, 64, 32)",tanh,sgd,0.86,40.0,50.0
1175,none,class_weights,1.5,power,0.01,0.001,16,"(128, 64, 32)",tanh,lbfgs,0.09999999999999999,44.0,59.0
1176,none,class_weights,1.5,power,0.01,0.001,64,"(128, 64, 32)",relu,adam,0.89,9.0,68.0
1177,none,class_weights,1.5,power,0.01,0.001,64,"(128, 64, 32)",relu,sgd,0.89,16.0,66.0
1178,none,class_weights,1.5,power,0.01,0.001,64,"(128, 64, 32)",relu,lbfgs,0.05,89.0,63.0
1179,none,class_weights,1.5,power,0.01,0.001,64,"(128, 64, 32)",tanh,adam,0.89,11.0,57.0
1180,none,class_weights,1.5,power,0.01,0.001,64,"(128, 64, 32)",tanh,sgd,0.89,20.0,61.0
1181,none,class_weights,1.5,power,0.01,0.001,64,"(128, 64, 32)",tanh,lbfgs,0.09999999999999999,44.0,59.0
1182,none,class_weights,1.5,power,0.01,0.001,256,"(128, 64, 32)",relu,adam,0.8300000000000001,2.0,59.0
1183,none,class_weights,1.5,power,0.01,0.001,256,"(128, 64, 32)",relu,sgd,0.88,8.0,66.0
1184,none,class_weights,1.5,power,0.01,0.001,256,"(128, 64, 32)",relu,lbfgs,0.05,90.0,63.0
1185,none,class_weights,1.5,power,0.01,0.001,256,"(128, 64, 32)",tanh,adam,0.89,5.0,51.0
1186,none,class_weights,1.5,power,0.01,0.001,256,"(128, 64, 32)",tanh,sgd,0.88,19.0,61.0
1187,none,class_weights,1.5,power,0.01,0.001,256,"(128, 64, 32)",tanh,lbfgs,0.09999999999999999,43.0,59.0
1188,none,class_weights,1.5,power,0.001,0.01,16,"(128, 64, 32)",relu,adam,0.88,12.0,69.0
1189,none,class_weights,1.5,power,0.001,0.01,16,"(128, 64, 32)",relu,sgd,0.88,31.0,70.0
1190,none,class_weights,1.5,power,0.001,0.01,16,"(128, 64, 32)",relu,lbfgs,0.09,85.0,62.0
1191,none,class_weights,1.5,power,0.001,0.01,16,"(128, 64, 32)",tanh,adam,0.8300000000000001,18.0,65.0
1192,none,class_weights,1.5,power,0.001,0.01,16,"(128, 64, 32)",tanh,sgd,0.85,43.0,69.0
1193,none,class_weights,1.5,power,0.001,0.01,16,"(128, 64, 32)",tanh,lbfgs,0.33,48.0,60.0
1194,none,class_weights,1.5,power,0.001,0.01,64,"(128, 64, 32)",relu,adam,0.89,8.0,64.0
1195,none,class_weights,1.5,power,0.001,0.01,64,"(128, 64, 32)",relu,sgd,0.8400000000000001,18.0,66.0
1196,none,class_weights,1.5,power,0.001,0.01,64,"(128, 64, 32)",relu,lbfgs,0.09,85.0,62.0
1197,none,class_weights,1.5,power,0.001,0.01,64,"(128, 64, 32)",tanh,adam,0.89,10.0,64.0
1198,none,class_weights,1.5,power,0.001,0.01,64,"(128, 64, 32)",tanh,sgd,0.86,24.0,58.0
1199,none,class_weights,1.5,power,0.001,0.01,64,"(128, 64, 32)",tanh,lbfgs,0.33,48.0,60.0
1200,none,class_weights,1.5,power,0.001,0.01,256,"(128, 64, 32)",relu,adam,0.89,3.0,68.0
1201,none,class_weights,1.5,power,0.001,0.01,256,"(128, 64, 32)",relu,sgd,0.88,9.0,60.0
1202,none,class_weights,1.5,power,0.001,0.01,256,"(128, 64, 32)",relu,lbfgs,0.09,84.0,62.0
1203,none,class_weights,1.5,power,0.001,0.01,256,"(128, 64, 32)",tanh,adam,0.88,5.0,58.0
1204,none,class_weights,1.5,power,0.001,0.01,256,"(128, 64, 32)",tanh,sgd,0.88,17.0,56.0
1205,none,class_weights,1.5,power,0.001,0.01,256,"(128, 64, 32)",tanh,lbfgs,0.33,48.0,60.0
1206,none,class_weights,1.5,power,0.01,0.01,16,"(128, 64, 32)",relu,adam,0.89,13.0,62.0
1207,none,class_weights,1.5,power,0.01,0.01,16,"(128, 64, 32)",relu,sgd,0.85,32.0,61.0
1208,none,class_weights,1.5,power,0.01,0.01,16,"(128, 64, 32)",relu,lbfgs,0.09,86.0,62.0
1209,none,class_weights,1.5,power,0.01,0.01,16,"(128, 64, 32)",tanh,adam,0.8400000000000001,17.0,41.0
1210,none,class_weights,1.5,power,0.01,0.01,16,"(128, 64, 32)",tanh,sgd,0.89,40.0,53.0
1211,none,class_weights,1.5,power,0.01,0.01,16,"(128, 64, 32)",tanh,lbfgs,0.33,48.0,60.0
1212,none,class_weights,1.5,power,0.01,0.01,64,"(128, 64, 32)",relu,adam,0.8,5.0,66.0
1213,none,class_weights,1.5,power,0.01,0.01,64,"(128, 64, 32)",relu,sgd,0.89,15.0,72.0
1214,none,class_weights,1.5,power,0.01,0.01,64,"(128, 64, 32)",relu,lbfgs,0.09,83.0,62.0
1215,none,class_weights,1.5,power,0.01,0.01,64,"(128, 64, 32)",tanh,adam,0.88,6.0,51.0
1216,none,class_weights,1.5,power,0.01,0.01,64,"(128, 64, 32)",tanh,sgd,0.89,20.0,63.0
1217,none,class_weights,1.5,power,0.01,0.01,64,"(128, 64, 32)",tanh,lbfgs,0.33,48.0,60.0
1218,none,class_weights,1.5,power,0.01,0.01,256,"(128, 64, 32)",relu,adam,0.89,2.0,65.0
1219,none,class_weights,1.5,power,0.01,0.01,256,"(128, 64, 32)",relu,sgd,0.88,8.0,65.0
1220,none,class_weights,1.5,power,0.01,0.01,256,"(128, 64, 32)",relu,lbfgs,0.09,83.0,62.0
1221,none,class_weights,1.5,power,0.01,0.01,256,"(128, 64, 32)",tanh,adam,0.88,6.0,56.0
1222,none,class_weights,1.5,power,0.01,0.01,256,"(128, 64, 32)",tanh,sgd,0.89,19.0,61.0
1223,none,class_weights,1.5,power,0.01,0.01,256,"(128, 64, 32)",tanh,lbfgs,0.33,48.0,60.0
1224,none,class_weights,1.5,power,0.001,0.001,16,"(256, 128, 64, 32)",relu,adam,0.89,20.0,68.0
1225,none,class_weights,1.5,power,0.001,0.001,16,"(256, 128, 64, 32)",relu,sgd,0.88,72.0,69.0
1226,none,class_weights,1.5,power,0.001,0.001,16,"(256, 128, 64, 32)",relu,lbfgs,0.04,69.0,59.0
1227,none,class_weights,1.5,power,0.001,0.001,16,"(256, 128, 64, 32)",tanh,adam,0.89,29.0,64.0
1228,none,class_weights,1.5,power,0.001,0.001,16,"(256, 128, 64, 32)",tanh,sgd,0.88,72.0,60.0
1229,none,class_weights,1.5,power,0.001,0.001,16,"(256, 128, 64, 32)",tanh,lbfgs,0.060000000000000005,45.0,62.0
1230,none,class_weights,1.5,power,0.001,0.001,64,"(256, 128, 64, 32)",relu,adam,0.89,9.0,61.0
1231,none,class_weights,1.5,power,0.001,0.001,64,"(256, 128, 64, 32)",relu,sgd,0.89,25.0,62.0
1232,none,class_weights,1.5,power,0.001,0.001,64,"(256, 128, 64, 32)",relu,lbfgs,0.04,63.0,59.0
1233,none,class_weights,1.5,power,0.001,0.001,64,"(256, 128, 64, 32)",tanh,adam,0.86,9.0,67.0
1234,none,class_weights,1.5,power,0.001,0.001,64,"(256, 128, 64, 32)",tanh,sgd,0.89,39.0,52.0
1235,none,class_weights,1.5,power,0.001,0.001,64,"(256, 128, 64, 32)",tanh,lbfgs,0.060000000000000005,47.0,62.0
1236,none,class_weights,1.5,power,0.001,0.001,256,"(256, 128, 64, 32)",relu,adam,0.85,3.0,58.0
1237,none,class_weights,1.5,power,0.001,0.001,256,"(256, 128, 64, 32)",relu,sgd,0.89,16.0,59.0
1238,none,class_weights,1.5,power,0.001,0.001,256,"(256, 128, 64, 32)",relu,lbfgs,0.04,64.0,59.0
1239,none,class_weights,1.5,power,0.001,0.001,256,"(256, 128, 64, 32)",tanh,adam,0.88,7.0,61.0
1240,none,class_weights,1.5,power,0.001,0.001,256,"(256, 128, 64, 32)",tanh,sgd,0.89,43.0,58.0
1241,none,class_weights,1.5,power,0.001,0.001,256,"(256, 128, 64, 32)",tanh,lbfgs,0.060000000000000005,46.0,62.0
1242,none,class_weights,1.5,power,0.01,0.001,16,"(256, 128, 64, 32)",relu,adam,0.89,29.0,63.0
1243,none,class_weights,1.5,power,0.01,0.001,16,"(256, 128, 64, 32)",relu,sgd,0.88,76.0,65.0
1244,none,class_weights,1.5,power,0.01,0.001,16,"(256, 128, 64, 32)",relu,lbfgs,0.04,64.0,59.0
1245,none,class_weights,1.5,power,0.01,0.001,16,"(256, 128, 64, 32)",tanh,adam,0.8200000000000001,20.0,38.0
1246,none,class_weights,1.5,power,0.01,0.001,16,"(256, 128, 64, 32)",tanh,sgd,0.86,82.0,56.0
1247,none,class_weights,1.5,power,0.01,0.001,16,"(256, 128, 64, 32)",tanh,lbfgs,0.060000000000000005,46.0,62.0
1248,none,class_weights,1.5,power,0.01,0.001,64,"(256, 128, 64, 32)",relu,adam,0.89,6.0,54.0
1249,none,class_weights,1.5,power,0.01,0.001,64,"(256, 128, 64, 32)",relu,sgd,0.89,26.0,60.0
1250,none,class_weights,1.5,power,0.01,0.001,64,"(256, 128, 64, 32)",relu,lbfgs,0.04,64.0,59.0
1251,none,class_weights,1.5,power,0.01,0.001,64,"(256, 128, 64, 32)",tanh,adam,0.88,14.0,36.0
1252,none,class_weights,1.5,power,0.01,0.001,64,"(256, 128, 64, 32)",tanh,sgd,0.8400000000000001,36.0,51.0
1253,none,class_weights,1.5,power,0.01,0.001,64,"(256, 128, 64, 32)",tanh,lbfgs,0.060000000000000005,45.0,62.0
1254,none,class_weights,1.5,power,0.01,0.001,256,"(256, 128, 64, 32)",relu,adam,0.89,4.0,40.0
1255,none,class_weights,1.5,power,0.01,0.001,256,"(256, 128, 64, 32)",relu,sgd,0.89,13.0,51.0
1256,none,class_weights,1.5,power,0.01,0.001,256,"(256, 128, 64, 32)",relu,lbfgs,0.04,64.0,59.0
1257,none,class_weights,1.5,power,0.01,0.001,256,"(256, 128, 64, 32)",tanh,adam,0.89,7.0,44.0
1258,none,class_weights,1.5,power,0.01,0.001,256,"(256, 128, 64, 32)",tanh,sgd,0.89,26.0,59.0
1259,none,class_weights,1.5,power,0.01,0.001,256,"(256, 128, 64, 32)",tanh,lbfgs,0.060000000000000005,47.0,62.0
1260,none,class_weights,1.5,power,0.001,0.01,16,"(256, 128, 64, 32)",relu,adam,0.89,21.0,73.0
1261,none,class_weights,1.5,power,0.001,0.01,16,"(256, 128, 64, 32)",relu,sgd,0.89,61.0,70.0
1262,none,class_weights,1.5,power,0.001,0.01,16,"(256, 128, 64, 32)",relu,lbfgs,0.11,73.0,63.0
1263,none,class_weights,1.5,power,0.001,0.01,16,"(256, 128, 64, 32)",tanh,adam,0.88,27.0,54.0
1264,none,class_weights,1.5,power,0.001,0.01,16,"(256, 128, 64, 32)",tanh,sgd,0.89,71.0,57.0
1265,none,class_weights,1.5,power,0.001,0.01,16,"(256, 128, 64, 32)",tanh,lbfgs,0.17,42.0,59.0
1266,none,class_weights,1.5,power,0.001,0.01,64,"(256, 128, 64, 32)",relu,adam,0.89,6.0,63.0
1267,none,class_weights,1.5,power,0.001,0.01,64,"(256, 128, 64, 32)",relu,sgd,0.89,27.0,64.0
1268,none,class_weights,1.5,power,0.001,0.01,64,"(256, 128, 64, 32)",relu,lbfgs,0.11,73.0,63.0
1269,none,class_weights,1.5,power,0.001,0.01,64,"(256, 128, 64, 32)",tanh,adam,0.86,9.0,62.0
1270,none,class_weights,1.5,power,0.001,0.01,64,"(256, 128, 64, 32)",tanh,sgd,0.89,38.0,52.0
1271,none,class_weights,1.5,power,0.001,0.01,64,"(256, 128, 64, 32)",tanh,lbfgs,0.17,43.0,59.0
1272,none,class_weights,1.5,power,0.001,0.01,256,"(256, 128, 64, 32)",relu,adam,0.81,3.0,57.0
1273,none,class_weights,1.5,power,0.001,0.01,256,"(256, 128, 64, 32)",relu,sgd,0.89,16.0,59.0
1274,none,class_weights,1.5,power,0.001,0.01,256,"(256, 128, 64, 32)",relu,lbfgs,0.11,74.0,63.0
1275,none,class_weights,1.5,power,0.001,0.01,256,"(256, 128, 64, 32)",tanh,adam,0.89,8.0,62.0
1276,none,class_weights,1.5,power,0.001,0.01,256,"(256, 128, 64, 32)",tanh,sgd,0.89,40.0,59.0
1277,none,class_weights,1.5,power,0.001,0.01,256,"(256, 128, 64, 32)",tanh,lbfgs,0.17,42.0,59.0
1278,none,class_weights,1.5,power,0.01,0.01,16,"(256, 128, 64, 32)",relu,adam,0.89,18.0,53.0
1279,none,class_weights,1.5,power,0.01,0.01,16,"(256, 128, 64, 32)",relu,sgd,0.89,81.0,63.0
1280,none,class_weights,1.5,power,0.01,0.01,16,"(256, 128, 64, 32)",relu,lbfgs,0.11,74.0,63.0
1281,none,class_weights,1.5,power,0.01,0.01,16,"(256, 128, 64, 32)",tanh,adam,0.89,26.0,27.0
1282,none,class_weights,1.5,power,0.01,0.01,16,"(256, 128, 64, 32)",tanh,sgd,0.86,90.0,62.0
1283,none,class_weights,1.5,power,0.01,0.01,16,"(256, 128, 64, 32)",tanh,lbfgs,0.17,42.0,59.0
1284,none,class_weights,1.5,power,0.01,0.01,64,"(256, 128, 64, 32)",relu,adam,0.89,7.0,63.0
1285,none,class_weights,1.5,power,0.01,0.01,64,"(256, 128, 64, 32)",relu,sgd,0.87,26.0,61.0
1286,none,class_weights,1.5,power,0.01,0.01,64,"(256, 128, 64, 32)",relu,lbfgs,0.11,74.0,63.0
1287,none,class_weights,1.5,power,0.01,0.01,64,"(256, 128, 64, 32)",tanh,adam,0.88,23.0,43.0
1288,none,class_weights,1.5,power,0.01,0.01,64,"(256, 128, 64, 32)",tanh,sgd,0.88,36.0,50.0
1289,none,class_weights,1.5,power,0.01,0.01,64,"(256, 128, 64, 32)",tanh,lbfgs,0.17,43.0,59.0
1290,none,class_weights,1.5,power,0.01,0.01,256,"(256, 128, 64, 32)",relu,adam,0.89,5.0,54.0
1291,none,class_weights,1.5,power,0.01,0.01,256,"(256, 128, 64, 32)",relu,sgd,0.88,13.0,60.0
1292,none,class_weights,1.5,power,0.01,0.01,256,"(256, 128, 64, 32)",relu,lbfgs,0.11,73.0,63.0
1293,none,class_weights,1.5,power,0.01,0.01,256,"(256, 128, 64, 32)",tanh,adam,0.89,7.0,43.0
1294,none,class_weights,1.5,power,0.01,0.01,256,"(256, 128, 64, 32)",tanh,sgd,0.89,26.0,59.0
1295,none,class_weights,1.5,power,0.01,0.01,256,"(256, 128, 64, 32)",tanh,lbfgs,0.17,43.0,59.0
1296,wear_torque_air_temp,class_weights,1,power,0.001,0.001,16,"(16, 8)",relu,adam,0.8200000000000001,11.0,71.0
1297,wear_torque_air_temp,class_weights,1,power,0.001,0.001,16,"(16, 8)",relu,sgd,0.73,22.0,64.0
1298,wear_torque_air_temp,class_weights,1,power,0.001,0.001,16,"(16, 8)",relu,lbfgs,0.8200000000000001,4.0,63.0
1299,wear_torque_air_temp,class_weights,1,power,0.001,0.001,16,"(16, 8)",tanh,adam,0.77,6.0,58.0
1300,wear_torque_air_temp,class_weights,1,power,0.001,0.001,16,"(16, 8)",tanh,sgd,0.89,18.0,61.0
1301,wear_torque_air_temp,class_weights,1,power,0.001,0.001,16,"(16, 8)",tanh,lbfgs,0.88,7.0,54.0
1302,wear_torque_air_temp,class_weights,1,power,0.001,0.001,64,"(16, 8)",relu,adam,0.8400000000000001,3.0,64.0
1303,wear_torque_air_temp,class_weights,1,power,0.001,0.001,64,"(16, 8)",relu,sgd,0.8300000000000001,6.0,58.0
1304,wear_torque_air_temp,class_weights,1,power,0.001,0.001,64,"(16, 8)",relu,lbfgs,0.8200000000000001,4.0,63.0
1305,wear_torque_air_temp,class_weights,1,power,0.001,0.001,64,"(16, 8)",tanh,adam,0.89,5.0,59.0
1306,wear_torque_air_temp,class_weights,1,power,0.001,0.001,64,"(16, 8)",tanh,sgd,0.8200000000000001,7.0,51.0
1307,wear_torque_air_temp,class_weights,1,power,0.001,0.001,64,"(16, 8)",tanh,lbfgs,0.88,5.0,54.0
1308,wear_torque_air_temp,class_weights,1,power,0.001,0.001,256,"(16, 8)",relu,adam,0.8300000000000001,2.0,65.0
1309,wear_torque_air_temp,class_weights,1,power,0.001,0.001,256,"(16, 8)",relu,sgd,0.87,3.0,43.0
1310,wear_torque_air_temp,class_weights,1,power,0.001,0.001,256,"(16, 8)",relu,lbfgs,0.8200000000000001,3.0,63.0
1311,wear_torque_air_temp,class_weights,1,power,0.001,0.001,256,"(16, 8)",tanh,adam,0.8300000000000001,2.0,55.0
1312,wear_torque_air_temp,class_weights,1,power,0.001,0.001,256,"(16, 8)",tanh,sgd,0.8,2.0,31.0
1313,wear_torque_air_temp,class_weights,1,power,0.001,0.001,256,"(16, 8)",tanh,lbfgs,0.88,5.0,54.0
1314,wear_torque_air_temp,class_weights,1,power,0.01,0.001,16,"(16, 8)",relu,adam,0.72,4.0,67.0
1315,wear_torque_air_temp,class_weights,1,power,0.01,0.001,16,"(16, 8)",relu,sgd,0.8200000000000001,17.0,75.0
1316,wear_torque_air_temp,class_weights,1,power,0.01,0.001,16,"(16, 8)",relu,lbfgs,0.8200000000000001,3.0,63.0
1317,wear_torque_air_temp,class_weights,1,power,0.01,0.001,16,"(16, 8)",tanh,adam,0.87,6.0,59.0
1318,wear_torque_air_temp,class_weights,1,power,0.01,0.001,16,"(16, 8)",tanh,sgd,0.89,16.0,56.0
1319,wear_torque_air_temp,class_weights,1,power,0.01,0.001,16,"(16, 8)",tanh,lbfgs,0.88,5.0,54.0
1320,wear_torque_air_temp,class_weights,1,power,0.01,0.001,64,"(16, 8)",relu,adam,0.88,2.0,67.0
1321,wear_torque_air_temp,class_weights,1,power,0.01,0.001,64,"(16, 8)",relu,sgd,0.81,5.0,58.0
1322,wear_torque_air_temp,class_weights,1,power,0.01,0.001,64,"(16, 8)",relu,lbfgs,0.8200000000000001,4.0,63.0
1323,wear_torque_air_temp,class_weights,1,power,0.01,0.001,64,"(16, 8)",tanh,adam,0.89,3.0,60.0
1324,wear_torque_air_temp,class_weights,1,power,0.01,0.001,64,"(16, 8)",tanh,sgd,0.88,6.0,64.0
1325,wear_torque_air_temp,class_weights,1,power,0.01,0.001,64,"(16, 8)",tanh,lbfgs,0.88,7.0,54.0
1326,wear_torque_air_temp,class_weights,1,power,0.01,0.001,256,"(16, 8)",relu,adam,0.89,1.0,67.0
1327,wear_torque_air_temp,class_weights,1,power,0.01,0.001,256,"(16, 8)",relu,sgd,0.85,2.0,61.0
1328,wear_torque_air_temp,class_weights,1,power,0.01,0.001,256,"(16, 8)",relu,lbfgs,0.8200000000000001,4.0,63.0
1329,wear_torque_air_temp,class_weights,1,power,0.01,0.001,256,"(16, 8)",tanh,adam,0.89,1.0,62.0
1330,wear_torque_air_temp,class_weights,1,power,0.01,0.001,256,"(16, 8)",tanh,sgd,0.89,3.0,61.0
1331,wear_torque_air_temp,class_weights,1,power,0.01,0.001,256,"(16, 8)",tanh,lbfgs,0.88,7.0,54.0
1332,wear_torque_air_temp,class_weights,1,power,0.001,0.01,16,"(16, 8)",relu,adam,0.79,9.0,68.0
1333,wear_torque_air_temp,class_weights,1,power,0.001,0.01,16,"(16, 8)",relu,sgd,0.79,18.0,62.0
1334,wear_torque_air_temp,class_weights,1,power,0.001,0.01,16,"(16, 8)",relu,lbfgs,0.89,4.0,65.0
1335,wear_torque_air_temp,class_weights,1,power,0.001,0.01,16,"(16, 8)",tanh,adam,0.81,6.0,59.0
1336,wear_torque_air_temp,class_weights,1,power,0.001,0.01,16,"(16, 8)",tanh,sgd,0.8400000000000001,19.0,60.0
1337,wear_torque_air_temp,class_weights,1,power,0.001,0.01,16,"(16, 8)",tanh,lbfgs,0.88,7.0,51.0
1338,wear_torque_air_temp,class_weights,1,power,0.001,0.01,64,"(16, 8)",relu,adam,0.8400000000000001,3.0,64.0
1339,wear_torque_air_temp,class_weights,1,power,0.001,0.01,64,"(16, 8)",relu,sgd,0.8200000000000001,6.0,58.0
1340,wear_torque_air_temp,class_weights,1,power,0.001,0.01,64,"(16, 8)",relu,lbfgs,0.89,4.0,65.0
1341,wear_torque_air_temp,class_weights,1,power,0.001,0.01,64,"(16, 8)",tanh,adam,0.87,4.0,60.0
1342,wear_torque_air_temp,class_weights,1,power,0.001,0.01,64,"(16, 8)",tanh,sgd,0.89,11.0,57.0
1343,wear_torque_air_temp,class_weights,1,power,0.001,0.01,64,"(16, 8)",tanh,lbfgs,0.88,7.0,51.0
1344,wear_torque_air_temp,class_weights,1,power,0.001,0.01,256,"(16, 8)",relu,adam,0.8300000000000001,2.0,66.0
1345,wear_torque_air_temp,class_weights,1,power,0.001,0.01,256,"(16, 8)",relu,sgd,0.81,3.0,50.0
1346,wear_torque_air_temp,class_weights,1,power,0.001,0.01,256,"(16, 8)",relu,lbfgs,0.89,4.0,65.0
1347,wear_torque_air_temp,class_weights,1,power,0.001,0.01,256,"(16, 8)",tanh,adam,0.88,2.0,58.0
1348,wear_torque_air_temp,class_weights,1,power,0.001,0.01,256,"(16, 8)",tanh,sgd,0.8,2.0,31.0
1349,wear_torque_air_temp,class_weights,1,power,0.001,0.01,256,"(16, 8)",tanh,lbfgs,0.88,7.0,51.0
1350,wear_torque_air_temp,class_weights,1,power,0.01,0.01,16,"(16, 8)",relu,adam,0.87,4.0,62.0
1351,wear_torque_air_temp,class_weights,1,power,0.01,0.01,16,"(16, 8)",relu,sgd,0.78,18.0,72.0
1352,wear_torque_air_temp,class_weights,1,power,0.01,0.01,16,"(16, 8)",relu,lbfgs,0.89,4.0,65.0
1353,wear_torque_air_temp,class_weights,1,power,0.01,0.01,16,"(16, 8)",tanh,adam,0.81,10.0,69.0
1354,wear_torque_air_temp,class_weights,1,power,0.01,0.01,16,"(16, 8)",tanh,sgd,0.6900000000000001,20.0,68.0
1355,wear_torque_air_temp,class_weights,1,power,0.01,0.01,16,"(16, 8)",tanh,lbfgs,0.88,7.0,51.0
1356,wear_torque_air_temp,class_weights,1,power,0.01,0.01,64,"(16, 8)",relu,adam,0.87,2.0,63.0
1357,wear_torque_air_temp,class_weights,1,power,0.01,0.01,64,"(16, 8)",relu,sgd,0.81,5.0,58.0
1358,wear_torque_air_temp,class_weights,1,power,0.01,0.01,64,"(16, 8)",relu,lbfgs,0.89,4.0,65.0
1359,wear_torque_air_temp,class_weights,1,power,0.01,0.01,64,"(16, 8)",tanh,adam,0.89,3.0,63.0
1360,wear_torque_air_temp,class_weights,1,power,0.01,0.01,64,"(16, 8)",tanh,sgd,0.89,6.0,62.0
1361,wear_torque_air_temp,class_weights,1,power,0.01,0.01,64,"(16, 8)",tanh,lbfgs,0.88,7.0,51.0
1362,wear_torque_air_temp,class_weights,1,power,0.01,0.01,256,"(16, 8)",relu,adam,0.86,1.0,65.0
1363,wear_torque_air_temp,class_weights,1,power,0.01,0.01,256,"(16, 8)",relu,sgd,0.81,2.0,52.0
1364,wear_torque_air_temp,class_weights,1,power,0.01,0.01,256,"(16, 8)",relu,lbfgs,0.89,3.0,65.0
1365,wear_torque_air_temp,class_weights,1,power,0.01,0.01,256,"(16, 8)",tanh,adam,0.89,1.0,62.0
1366,wear_torque_air_temp,class_weights,1,power,0.01,0.01,256,"(16, 8)",tanh,sgd,0.89,3.0,59.0
1367,wear_torque_air_temp,class_weights,1,power,0.01,0.01,256,"(16, 8)",tanh,lbfgs,0.88,5.0,51.0
1368,wear_torque_air_temp,class_weights,1,power,0.001,0.001,16,"(128, 64, 32)",relu,adam,0.88,7.0,64.0
1369,wear_torque_air_temp,class_weights,1,power,0.001,0.001,16,"(128, 64, 32)",relu,sgd,0.75,28.0,64.0
1370,wear_torque_air_temp,class_weights,1,power,0.001,0.001,16,"(128, 64, 32)",relu,lbfgs,0.09999999999999999,93.0,64.0
1371,wear_torque_air_temp,class_weights,1,power,0.001,0.001,16,"(128, 64, 32)",tanh,adam,0.68,8.0,54.0
1372,wear_torque_air_temp,class_weights,1,power,0.001,0.001,16,"(128, 64, 32)",tanh,sgd,0.73,30.0,59.0
1373,wear_torque_air_temp,class_weights,1,power,0.001,0.001,16,"(128, 64, 32)",tanh,lbfgs,0.13,32.0,63.0
1374,wear_torque_air_temp,class_weights,1,power,0.001,0.001,64,"(128, 64, 32)",relu,adam,0.79,3.0,56.0
1375,wear_torque_air_temp,class_weights,1,power,0.001,0.001,64,"(128, 64, 32)",relu,sgd,0.78,13.0,61.0
1376,wear_torque_air_temp,class_weights,1,power,0.001,0.001,64,"(128, 64, 32)",relu,lbfgs,0.09999999999999999,92.0,64.0
1377,wear_torque_air_temp,class_weights,1,power,0.001,0.001,64,"(128, 64, 32)",tanh,adam,0.87,7.0,69.0
1378,wear_torque_air_temp,class_weights,1,power,0.001,0.001,64,"(128, 64, 32)",tanh,sgd,0.85,21.0,63.0
1379,wear_torque_air_temp,class_weights,1,power,0.001,0.001,64,"(128, 64, 32)",tanh,lbfgs,0.13,32.0,63.0
1380,wear_torque_air_temp,class_weights,1,power,0.001,0.001,256,"(128, 64, 32)",relu,adam,0.81,2.0,63.0
1381,wear_torque_air_temp,class_weights,1,power,0.001,0.001,256,"(128, 64, 32)",relu,sgd,0.81,9.0,60.0
1382,wear_torque_air_temp,class_weights,1,power,0.001,0.001,256,"(128, 64, 32)",relu,lbfgs,0.09999999999999999,93.0,64.0
1383,wear_torque_air_temp,class_weights,1,power,0.001,0.001,256,"(128, 64, 32)",tanh,adam,0.81,4.0,57.0
1384,wear_torque_air_temp,class_weights,1,power,0.001,0.001,256,"(128, 64, 32)",tanh,sgd,0.8300000000000001,18.0,59.0
1385,wear_torque_air_temp,class_weights,1,power,0.001,0.001,256,"(128, 64, 32)",tanh,lbfgs,0.13,33.0,63.0
1386,wear_torque_air_temp,class_weights,1,power,0.01,0.001,16,"(128, 64, 32)",relu,adam,0.7000000000000001,9.0,71.0
1387,wear_torque_air_temp,class_weights,1,power,0.01,0.001,16,"(128, 64, 32)",relu,sgd,0.6900000000000001,32.0,64.0
1388,wear_torque_air_temp,class_weights,1,power,0.01,0.001,16,"(128, 64, 32)",relu,lbfgs,0.09999999999999999,92.0,64.0
1389,wear_torque_air_temp,class_weights,1,power,0.01,0.001,16,"(128, 64, 32)",tanh,adam,0.87,24.0,55.0
1390,wear_torque_air_temp,class_weights,1,power,0.01,0.001,16,"(128, 64, 32)",tanh,sgd,0.86,35.0,54.0
1391,wear_torque_air_temp,class_weights,1,power,0.01,0.001,16,"(128, 64, 32)",tanh,lbfgs,0.13,31.0,63.0
1392,wear_torque_air_temp,class_weights,1,power,0.01,0.001,64,"(128, 64, 32)",relu,adam,0.89,9.0,67.0
1393,wear_torque_air_temp,class_weights,1,power,0.01,0.001,64,"(128, 64, 32)",relu,sgd,0.77,14.0,63.0
1394,wear_torque_air_temp,class_weights,1,power,0.01,0.001,64,"(128, 64, 32)",relu,lbfgs,0.09999999999999999,90.0,64.0
1395,wear_torque_air_temp,class_weights,1,power,0.01,0.001,64,"(128, 64, 32)",tanh,adam,0.88,10.0,62.0
1396,wear_torque_air_temp,class_weights,1,power,0.01,0.001,64,"(128, 64, 32)",tanh,sgd,0.87,20.0,71.0
1397,wear_torque_air_temp,class_weights,1,power,0.01,0.001,64,"(128, 64, 32)",tanh,lbfgs,0.13,32.0,63.0
1398,wear_torque_air_temp,class_weights,1,power,0.01,0.001,256,"(128, 64, 32)",relu,adam,0.89,2.0,63.0
1399,wear_torque_air_temp,class_weights,1,power,0.01,0.001,256,"(128, 64, 32)",relu,sgd,0.8400000000000001,7.0,65.0
1400,wear_torque_air_temp,class_weights,1,power,0.01,0.001,256,"(128, 64, 32)",relu,lbfgs,0.09999999999999999,92.0,64.0
1401,wear_torque_air_temp,class_weights,1,power,0.01,0.001,256,"(128, 64, 32)",tanh,adam,0.64,3.0,60.0
1402,wear_torque_air_temp,class_weights,1,power,0.01,0.001,256,"(128, 64, 32)",tanh,sgd,0.74,12.0,54.0
1403,wear_torque_air_temp,class_weights,1,power,0.01,0.001,256,"(128, 64, 32)",tanh,lbfgs,0.13,32.0,63.0
1404,wear_torque_air_temp,class_weights,1,power,0.001,0.01,16,"(128, 64, 32)",relu,adam,0.8400000000000001,7.0,63.0
1405,wear_torque_air_temp,class_weights,1,power,0.001,0.01,16,"(128, 64, 32)",relu,sgd,0.74,32.0,66.0
1406,wear_torque_air_temp,class_weights,1,power,0.001,0.01,16,"(128, 64, 32)",relu,lbfgs,0.16,87.0,67.0
1407,wear_torque_air_temp,class_weights,1,power,0.001,0.01,16,"(128, 64, 32)",tanh,adam,0.77,11.0,64.0
1408,wear_torque_air_temp,class_weights,1,power,0.001,0.01,16,"(128, 64, 32)",tanh,sgd,0.8400000000000001,33.0,56.0
1409,wear_torque_air_temp,class_weights,1,power,0.001,0.01,16,"(128, 64, 32)",tanh,lbfgs,0.21000000000000002,31.0,67.0
1410,wear_torque_air_temp,class_weights,1,power,0.001,0.01,64,"(128, 64, 32)",relu,adam,0.8300000000000001,3.0,60.0
1411,wear_torque_air_temp,class_weights,1,power,0.001,0.01,64,"(128, 64, 32)",relu,sgd,0.78,13.0,62.0
1412,wear_torque_air_temp,class_weights,1,power,0.001,0.01,64,"(128, 64, 32)",relu,lbfgs,0.16,87.0,67.0
1413,wear_torque_air_temp,class_weights,1,power,0.001,0.01,64,"(128, 64, 32)",tanh,adam,0.86,6.0,63.0
1414,wear_torque_air_temp,class_weights,1,power,0.001,0.01,64,"(128, 64, 32)",tanh,sgd,0.85,21.0,63.0
1415,wear_torque_air_temp,class_weights,1,power,0.001,0.01,64,"(128, 64, 32)",tanh,lbfgs,0.21000000000000002,31.0,67.0
1416,wear_torque_air_temp,class_weights,1,power,0.001,0.01,256,"(128, 64, 32)",relu,adam,0.8300000000000001,2.0,65.0
1417,wear_torque_air_temp,class_weights,1,power,0.001,0.01,256,"(128, 64, 32)",relu,sgd,0.81,9.0,60.0
1418,wear_torque_air_temp,class_weights,1,power,0.001,0.01,256,"(128, 64, 32)",relu,lbfgs,0.16,87.0,67.0
1419,wear_torque_air_temp,class_weights,1,power,0.001,0.01,256,"(128, 64, 32)",tanh,adam,0.85,7.0,65.0
1420,wear_torque_air_temp,class_weights,1,power,0.001,0.01,256,"(128, 64, 32)",tanh,sgd,0.8300000000000001,18.0,59.0
1421,wear_torque_air_temp,class_weights,1,power,0.001,0.01,256,"(128, 64, 32)",tanh,lbfgs,0.21000000000000002,31.0,67.0
1422,wear_torque_air_temp,class_weights,1,power,0.01,0.01,16,"(128, 64, 32)",relu,adam,0.78,16.0,64.0
1423,wear_torque_air_temp,class_weights,1,power,0.01,0.01,16,"(128, 64, 32)",relu,sgd,0.76,32.0,58.0
1424,wear_torque_air_temp,class_weights,1,power,0.01,0.01,16,"(128, 64, 32)",relu,lbfgs,0.16,86.0,67.0
1425,wear_torque_air_temp,class_weights,1,power,0.01,0.01,16,"(128, 64, 32)",tanh,adam,0.67,11.0,27.0
1426,wear_torque_air_temp,class_weights,1,power,0.01,0.01,16,"(128, 64, 32)",tanh,sgd,0.68,37.0,62.0
1427,wear_torque_air_temp,class_weights,1,power,0.01,0.01,16,"(128, 64, 32)",tanh,lbfgs,0.21000000000000002,32.0,67.0
1428,wear_torque_air_temp,class_weights,1,power,0.01,0.01,64,"(128, 64, 32)",relu,adam,0.89,5.0,65.0
1429,wear_torque_air_temp,class_weights,1,power,0.01,0.01,64,"(128, 64, 32)",relu,sgd,0.88,13.0,59.0
1430,wear_torque_air_temp,class_weights,1,power,0.01,0.01,64,"(128, 64, 32)",relu,lbfgs,0.16,86.0,67.0
1431,wear_torque_air_temp,class_weights,1,power,0.01,0.01,64,"(128, 64, 32)",tanh,adam,0.87,5.0,50.0
1432,wear_torque_air_temp,class_weights,1,power,0.01,0.01,64,"(128, 64, 32)",tanh,sgd,0.8300000000000001,23.0,70.0
1433,wear_torque_air_temp,class_weights,1,power,0.01,0.01,64,"(128, 64, 32)",tanh,lbfgs,0.21000000000000002,31.0,67.0
1434,wear_torque_air_temp,class_weights,1,power,0.01,0.01,256,"(128, 64, 32)",relu,adam,0.89,2.0,65.0
1435,wear_torque_air_temp,class_weights,1,power,0.01,0.01,256,"(128, 64, 32)",relu,sgd,0.8300000000000001,7.0,61.0
1436,wear_torque_air_temp,class_weights,1,power,0.01,0.01,256,"(128, 64, 32)",relu,lbfgs,0.16,86.0,67.0
1437,wear_torque_air_temp,class_weights,1,power,0.01,0.01,256,"(128, 64, 32)",tanh,adam,0.88,4.0,66.0
1438,wear_torque_air_temp,class_weights,1,power,0.01,0.01,256,"(128, 64, 32)",tanh,sgd,0.74,12.0,53.0
1439,wear_torque_air_temp,class_weights,1,power,0.01,0.01,256,"(128, 64, 32)",tanh,lbfgs,0.21000000000000002,32.0,67.0
1440,wear_torque_air_temp,class_weights,1,power,0.001,0.001,16,"(256, 128, 64, 32)",relu,adam,0.89,31.0,69.0
1441,wear_torque_air_temp,class_weights,1,power,0.001,0.001,16,"(256, 128, 64, 32)",relu,sgd,0.89,59.0,63.0
1442,wear_torque_air_temp,class_weights,1,power,0.001,0.001,16,"(256, 128, 64, 32)",relu,lbfgs,0.04,73.0,64.0
1443,wear_torque_air_temp,class_weights,1,power,0.001,0.001,16,"(256, 128, 64, 32)",tanh,adam,0.89,20.0,54.0
1444,wear_torque_air_temp,class_weights,1,power,0.001,0.001,16,"(256, 128, 64, 32)",tanh,sgd,0.89,81.0,67.0
1445,wear_torque_air_temp,class_weights,1,power,0.001,0.001,16,"(256, 128, 64, 32)",tanh,lbfgs,0.17,38.0,65.0
1446,wear_torque_air_temp,class_weights,1,power,0.001,0.001,64,"(256, 128, 64, 32)",relu,adam,0.88,11.0,66.0
1447,wear_torque_air_temp,class_weights,1,power,0.001,0.001,64,"(256, 128, 64, 32)",relu,sgd,0.89,23.0,61.0
1448,wear_torque_air_temp,class_weights,1,power,0.001,0.001,64,"(256, 128, 64, 32)",relu,lbfgs,0.04,72.0,64.0
1449,wear_torque_air_temp,class_weights,1,power,0.001,0.001,64,"(256, 128, 64, 32)",tanh,adam,0.89,11.0,60.0
1450,wear_torque_air_temp,class_weights,1,power,0.001,0.001,64,"(256, 128, 64, 32)",tanh,sgd,0.89,38.0,57.0
1451,wear_torque_air_temp,class_weights,1,power,0.001,0.001,64,"(256, 128, 64, 32)",tanh,lbfgs,0.17,39.0,65.0
1452,wear_torque_air_temp,class_weights,1,power,0.001,0.001,256,"(256, 128, 64, 32)",relu,adam,0.89,3.0,58.0
1453,wear_torque_air_temp,class_weights,1,power,0.001,0.001,256,"(256, 128, 64, 32)",relu,sgd,0.85,14.0,55.0
1454,wear_torque_air_temp,class_weights,1,power,0.001,0.001,256,"(256, 128, 64, 32)",relu,lbfgs,0.04,74.0,64.0
1455,wear_torque_air_temp,class_weights,1,power,0.001,0.001,256,"(256, 128, 64, 32)",tanh,adam,0.89,9.0,59.0
1456,wear_torque_air_temp,class_weights,1,power,0.001,0.001,256,"(256, 128, 64, 32)",tanh,sgd,0.89,41.0,60.0
1457,wear_torque_air_temp,class_weights,1,power,0.001,0.001,256,"(256, 128, 64, 32)",tanh,lbfgs,0.17,38.0,65.0
1458,wear_torque_air_temp,class_weights,1,power,0.01,0.001,16,"(256, 128, 64, 32)",relu,adam,0.89,24.0,56.0
1459,wear_torque_air_temp,class_weights,1,power,0.01,0.001,16,"(256, 128, 64, 32)",relu,sgd,0.89,74.0,58.0
1460,wear_torque_air_temp,class_weights,1,power,0.01,0.001,16,"(256, 128, 64, 32)",relu,lbfgs,0.04,73.0,64.0
1461,wear_torque_air_temp,class_weights,1,power,0.01,0.001,16,"(256, 128, 64, 32)",tanh,adam,0.7000000000000001,30.0,44.0
1462,wear_torque_air_temp,class_weights,1,power,0.01,0.001,16,"(256, 128, 64, 32)",tanh,sgd,0.8,84.0,66.0
1463,wear_torque_air_temp,class_weights,1,power,0.01,0.001,16,"(256, 128, 64, 32)",tanh,lbfgs,0.17,41.0,65.0
1464,wear_torque_air_temp,class_weights,1,power,0.01,0.001,64,"(256, 128, 64, 32)",relu,adam,0.89,12.0,63.0
1465,wear_torque_air_temp,class_weights,1,power,0.01,0.001,64,"(256, 128, 64, 32)",relu,sgd,0.89,30.0,57.0
1466,wear_torque_air_temp,class_weights,1,power,0.01,0.001,64,"(256, 128, 64, 32)",relu,lbfgs,0.04,75.0,64.0
1467,wear_torque_air_temp,class_weights,1,power,0.01,0.001,64,"(256, 128, 64, 32)",tanh,adam,0.8200000000000001,22.0,53.0
1468,wear_torque_air_temp,class_weights,1,power,0.01,0.001,64,"(256, 128, 64, 32)",tanh,sgd,0.89,39.0,58.0
1469,wear_torque_air_temp,class_weights,1,power,0.01,0.001,64,"(256, 128, 64, 32)",tanh,lbfgs,0.17,37.0,65.0
1470,wear_torque_air_temp,class_weights,1,power,0.01,0.001,256,"(256, 128, 64, 32)",relu,adam,0.89,6.0,55.0
1471,wear_torque_air_temp,class_weights,1,power,0.01,0.001,256,"(256, 128, 64, 32)",relu,sgd,0.89,16.0,65.0
1472,wear_torque_air_temp,class_weights,1,power,0.01,0.001,256,"(256, 128, 64, 32)",relu,lbfgs,0.04,70.0,64.0
1473,wear_torque_air_temp,class_weights,1,power,0.01,0.001,256,"(256, 128, 64, 32)",tanh,adam,0.8200000000000001,7.0,52.0
1474,wear_torque_air_temp,class_weights,1,power,0.01,0.001,256,"(256, 128, 64, 32)",tanh,sgd,0.88,28.0,58.0
1475,wear_torque_air_temp,class_weights,1,power,0.01,0.001,256,"(256, 128, 64, 32)",tanh,lbfgs,0.17,37.0,65.0
1476,wear_torque_air_temp,class_weights,1,power,0.001,0.01,16,"(256, 128, 64, 32)",relu,adam,0.89,27.0,72.0
1477,wear_torque_air_temp,class_weights,1,power,0.001,0.01,16,"(256, 128, 64, 32)",relu,sgd,0.89,59.0,63.0
1478,wear_torque_air_temp,class_weights,1,power,0.001,0.01,16,"(256, 128, 64, 32)",relu,lbfgs,0.06999999999999999,70.0,63.0
1479,wear_torque_air_temp,class_weights,1,power,0.001,0.01,16,"(256, 128, 64, 32)",tanh,adam,0.89,29.0,53.0
1480,wear_torque_air_temp,class_weights,1,power,0.001,0.01,16,"(256, 128, 64, 32)",tanh,sgd,0.89,81.0,66.0
1481,wear_torque_air_temp,class_weights,1,power,0.001,0.01,16,"(256, 128, 64, 32)",tanh,lbfgs,0.12,37.0,66.0
1482,wear_torque_air_temp,class_weights,1,power,0.001,0.01,64,"(256, 128, 64, 32)",relu,adam,0.88,9.0,63.0
1483,wear_torque_air_temp,class_weights,1,power,0.001,0.01,64,"(256, 128, 64, 32)",relu,sgd,0.89,23.0,61.0
1484,wear_torque_air_temp,class_weights,1,power,0.001,0.01,64,"(256, 128, 64, 32)",relu,lbfgs,0.06999999999999999,71.0,63.0
1485,wear_torque_air_temp,class_weights,1,power,0.001,0.01,64,"(256, 128, 64, 32)",tanh,adam,0.89,13.0,51.0
1486,wear_torque_air_temp,class_weights,1,power,0.001,0.01,64,"(256, 128, 64, 32)",tanh,sgd,0.89,38.0,57.0
1487,wear_torque_air_temp,class_weights,1,power,0.001,0.01,64,"(256, 128, 64, 32)",tanh,lbfgs,0.12,38.0,66.0
1488,wear_torque_air_temp,class_weights,1,power,0.001,0.01,256,"(256, 128, 64, 32)",relu,adam,0.89,4.0,61.0
1489,wear_torque_air_temp,class_weights,1,power,0.001,0.01,256,"(256, 128, 64, 32)",relu,sgd,0.85,14.0,55.0
1490,wear_torque_air_temp,class_weights,1,power,0.001,0.01,256,"(256, 128, 64, 32)",relu,lbfgs,0.06999999999999999,70.0,63.0
1491,wear_torque_air_temp,class_weights,1,power,0.001,0.01,256,"(256, 128, 64, 32)",tanh,adam,0.89,9.0,58.0
1492,wear_torque_air_temp,class_weights,1,power,0.001,0.01,256,"(256, 128, 64, 32)",tanh,sgd,0.89,41.0,60.0
1493,wear_torque_air_temp,class_weights,1,power,0.001,0.01,256,"(256, 128, 64, 32)",tanh,lbfgs,0.12,37.0,66.0
1494,wear_torque_air_temp,class_weights,1,power,0.01,0.01,16,"(256, 128, 64, 32)",relu,adam,0.86,31.0,63.0
1495,wear_torque_air_temp,class_weights,1,power,0.01,0.01,16,"(256, 128, 64, 32)",relu,sgd,0.89,75.0,52.0
1496,wear_torque_air_temp,class_weights,1,power,0.01,0.01,16,"(256, 128, 64, 32)",relu,lbfgs,0.06999999999999999,71.0,63.0
1497,wear_torque_air_temp,class_weights,1,power,0.01,0.01,16,"(256, 128, 64, 32)",tanh,adam,0.64,22.0,40.0
1498,wear_torque_air_temp,class_weights,1,power,0.01,0.01,16,"(256, 128, 64, 32)",tanh,sgd,0.89,98.0,56.0
1499,wear_torque_air_temp,class_weights,1,power,0.01,0.01,16,"(256, 128, 64, 32)",tanh,lbfgs,0.12,34.0,66.0
1500,wear_torque_air_temp,class_weights,1,power,0.01,0.01,64,"(256, 128, 64, 32)",relu,adam,0.88,7.0,65.0
1501,wear_torque_air_temp,class_weights,1,power,0.01,0.01,64,"(256, 128, 64, 32)",relu,sgd,0.89,26.0,64.0
1502,wear_torque_air_temp,class_weights,1,power,0.01,0.01,64,"(256, 128, 64, 32)",relu,lbfgs,0.06999999999999999,71.0,63.0
1503,wear_torque_air_temp,class_weights,1,power,0.01,0.01,64,"(256, 128, 64, 32)",tanh,adam,0.89,17.0,51.0
1504,wear_torque_air_temp,class_weights,1,power,0.01,0.01,64,"(256, 128, 64, 32)",tanh,sgd,0.88,39.0,57.0
1505,wear_torque_air_temp,class_weights,1,power,0.01,0.01,64,"(256, 128, 64, 32)",tanh,lbfgs,0.12,37.0,66.0
1506,wear_torque_air_temp,class_weights,1,power,0.01,0.01,256,"(256, 128, 64, 32)",relu,adam,0.89,4.0,54.0
1507,wear_torque_air_temp,class_weights,1,power,0.01,0.01,256,"(256, 128, 64, 32)",relu,sgd,0.89,14.0,60.0
1508,wear_torque_air_temp,class_weights,1,power,0.01,0.01,256,"(256, 128, 64, 32)",relu,lbfgs,0.06999999999999999,71.0,63.0
1509,wear_torque_air_temp,class_weights,1,power,0.01,0.01,256,"(256, 128, 64, 32)",tanh,adam,0.89,8.0,41.0
1510,wear_torque_air_temp,class_weights,1,power,0.01,0.01,256,"(256, 128, 64, 32)",tanh,sgd,0.87,28.0,57.0
1511,wear_torque_air_temp,class_weights,1,power,0.01,0.01,256,"(256, 128, 64, 32)",tanh,lbfgs,0.12,35.0,66.0
1512,wear_torque_air_temp,class_weights,1.5,power,0.001,0.001,16,"(16, 8)",relu,adam,0.8200000000000001,7.0,69.0
1513,wear_torque_air_temp,class_weights,1.5,power,0.001,0.001,16,"(16, 8)",relu,sgd,0.78,17.0,63.0
1514,wear_torque_air_temp,class_weights,1.5,power,0.001,0.001,16,"(16, 8)",relu,lbfgs,0.89,3.0,65.0
1515,wear_torque_air_temp,class_weights,1.5,power,0.001,0.001,16,"(16, 8)",tanh,adam,0.8200000000000001,7.0,58.0
1516,wear_torque_air_temp,class_weights,1.5,power,0.001,0.001,16,"(16, 8)",tanh,sgd,0.86,17.0,59.0
1517,wear_torque_air_temp,class_weights,1.5,power,0.001,0.001,16,"(16, 8)",tanh,lbfgs,0.72,7.0,63.0
1518,wear_torque_air_temp,class_weights,1.5,power,0.001,0.001,64,"(16, 8)",relu,adam,0.85,2.0,67.0
1519,wear_torque_air_temp,class_weights,1.5,power,0.001,0.001,64,"(16, 8)",relu,sgd,0.87,6.0,56.0
1520,wear_torque_air_temp,class_weights,1.5,power,0.001,0.001,64,"(16, 8)",relu,lbfgs,0.89,3.0,65.0
1521,wear_torque_air_temp,class_weights,1.5,power,0.001,0.001,64,"(16, 8)",tanh,adam,0.88,3.0,53.0
1522,wear_torque_air_temp,class_weights,1.5,power,0.001,0.001,64,"(16, 8)",tanh,sgd,0.89,7.0,55.0
1523,wear_torque_air_temp,class_weights,1.5,power,0.001,0.001,64,"(16, 8)",tanh,lbfgs,0.72,7.0,63.0
1524,wear_torque_air_temp,class_weights,1.5,power,0.001,0.001,256,"(16, 8)",relu,adam,0.88,2.0,62.0
1525,wear_torque_air_temp,class_weights,1.5,power,0.001,0.001,256,"(16, 8)",relu,sgd,0.86,3.0,50.0
1526,wear_torque_air_temp,class_weights,1.5,power,0.001,0.001,256,"(16, 8)",relu,lbfgs,0.89,3.0,65.0
1527,wear_torque_air_temp,class_weights,1.5,power,0.001,0.001,256,"(16, 8)",tanh,adam,0.86,3.0,54.0
1528,wear_torque_air_temp,class_weights,1.5,power,0.001,0.001,256,"(16, 8)",tanh,sgd,0.85,2.0,30.0
1529,wear_torque_air_temp,class_weights,1.5,power,0.001,0.001,256,"(16, 8)",tanh,lbfgs,0.72,7.0,63.0
1530,wear_torque_air_temp,class_weights,1.5,power,0.01,0.001,16,"(16, 8)",relu,adam,0.77,4.0,61.0
1531,wear_torque_air_temp,class_weights,1.5,power,0.01,0.001,16,"(16, 8)",relu,sgd,0.88,18.0,74.0
1532,wear_torque_air_temp,class_weights,1.5,power,0.01,0.001,16,"(16, 8)",relu,lbfgs,0.89,3.0,65.0
1533,wear_torque_air_temp,class_weights,1.5,power,0.01,0.001,16,"(16, 8)",tanh,adam,0.8200000000000001,7.0,61.0
1534,wear_torque_air_temp,class_weights,1.5,power,0.01,0.001,16,"(16, 8)",tanh,sgd,0.8,16.0,56.0
1535,wear_torque_air_temp,class_weights,1.5,power,0.01,0.001,16,"(16, 8)",tanh,lbfgs,0.72,7.0,63.0
1536,wear_torque_air_temp,class_weights,1.5,power,0.01,0.001,64,"(16, 8)",relu,adam,0.85,1.0,62.0
1537,wear_torque_air_temp,class_weights,1.5,power,0.01,0.001,64,"(16, 8)",relu,sgd,0.89,5.0,63.0
1538,wear_torque_air_temp,class_weights,1.5,power,0.01,0.001,64,"(16, 8)",relu,lbfgs,0.89,3.0,65.0
1539,wear_torque_air_temp,class_weights,1.5,power,0.01,0.001,64,"(16, 8)",tanh,adam,0.89,1.0,49.0
1540,wear_torque_air_temp,class_weights,1.5,power,0.01,0.001,64,"(16, 8)",tanh,sgd,0.89,6.0,61.0
1541,wear_torque_air_temp,class_weights,1.5,power,0.01,0.001,64,"(16, 8)",tanh,lbfgs,0.72,7.0,63.0
1542,wear_torque_air_temp,class_weights,1.5,power,0.01,0.001,256,"(16, 8)",relu,adam,0.89,1.0,68.0
1543,wear_torque_air_temp,class_weights,1.5,power,0.01,0.001,256,"(16, 8)",relu,sgd,0.89,2.0,56.0
1544,wear_torque_air_temp,class_weights,1.5,power,0.01,0.001,256,"(16, 8)",relu,lbfgs,0.89,3.0,65.0
1545,wear_torque_air_temp,class_weights,1.5,power,0.01,0.001,256,"(16, 8)",tanh,adam,0.89,1.0,51.0
1546,wear_torque_air_temp,class_weights,1.5,power,0.01,0.001,256,"(16, 8)",tanh,sgd,0.89,2.0,50.0
1547,wear_torque_air_temp,class_weights,1.5,power,0.01,0.001,256,"(16, 8)",tanh,lbfgs,0.72,7.0,63.0
1548,wear_torque_air_temp,class_weights,1.5,power,0.001,0.01,16,"(16, 8)",relu,adam,0.78,9.0,66.0
1549,wear_torque_air_temp,class_weights,1.5,power,0.001,0.01,16,"(16, 8)",relu,sgd,0.72,16.0,60.0
1550,wear_torque_air_temp,class_weights,1.5,power,0.001,0.01,16,"(16, 8)",relu,lbfgs,0.89,4.0,69.0
1551,wear_torque_air_temp,class_weights,1.5,power,0.001,0.01,16,"(16, 8)",tanh,adam,0.7000000000000001,6.0,56.0
1552,wear_torque_air_temp,class_weights,1.5,power,0.001,0.01,16,"(16, 8)",tanh,sgd,0.81,22.0,61.0
1553,wear_torque_air_temp,class_weights,1.5,power,0.001,0.01,16,"(16, 8)",tanh,lbfgs,0.78,7.0,64.0
1554,wear_torque_air_temp,class_weights,1.5,power,0.001,0.01,64,"(16, 8)",relu,adam,0.85,2.0,66.0
1555,wear_torque_air_temp,class_weights,1.5,power,0.001,0.01,64,"(16, 8)",relu,sgd,0.85,6.0,56.0
1556,wear_torque_air_temp,class_weights,1.5,power,0.001,0.01,64,"(16, 8)",relu,lbfgs,0.89,4.0,69.0
1557,wear_torque_air_temp,class_weights,1.5,power,0.001,0.01,64,"(16, 8)",tanh,adam,0.88,3.0,53.0
1558,wear_torque_air_temp,class_weights,1.5,power,0.001,0.01,64,"(16, 8)",tanh,sgd,0.89,7.0,54.0
1559,wear_torque_air_temp,class_weights,1.5,power,0.001,0.01,64,"(16, 8)",tanh,lbfgs,0.78,7.0,64.0
1560,wear_torque_air_temp,class_weights,1.5,power,0.001,0.01,256,"(16, 8)",relu,adam,0.89,2.0,64.0
1561,wear_torque_air_temp,class_weights,1.5,power,0.001,0.01,256,"(16, 8)",relu,sgd,0.87,3.0,51.0
1562,wear_torque_air_temp,class_weights,1.5,power,0.001,0.01,256,"(16, 8)",relu,lbfgs,0.89,4.0,69.0
1563,wear_torque_air_temp,class_weights,1.5,power,0.001,0.01,256,"(16, 8)",tanh,adam,0.86,3.0,54.0
1564,wear_torque_air_temp,class_weights,1.5,power,0.001,0.01,256,"(16, 8)",tanh,sgd,0.85,2.0,30.0
1565,wear_torque_air_temp,class_weights,1.5,power,0.001,0.01,256,"(16, 8)",tanh,lbfgs,0.78,7.0,64.0
1566,wear_torque_air_temp,class_weights,1.5,power,0.01,0.01,16,"(16, 8)",relu,adam,0.74,7.0,70.0
1567,wear_torque_air_temp,class_weights,1.5,power,0.01,0.01,16,"(16, 8)",relu,sgd,0.81,19.0,77.0
1568,wear_torque_air_temp,class_weights,1.5,power,0.01,0.01,16,"(16, 8)",relu,lbfgs,0.89,4.0,69.0
1569,wear_torque_air_temp,class_weights,1.5,power,0.01,0.01,16,"(16, 8)",tanh,adam,0.8,7.0,60.0
1570,wear_torque_air_temp,class_weights,1.5,power,0.01,0.01,16,"(16, 8)",tanh,sgd,0.8300000000000001,18.0,68.0
1571,wear_torque_air_temp,class_weights,1.5,power,0.01,0.01,16,"(16, 8)",tanh,lbfgs,0.78,7.0,64.0
1572,wear_torque_air_temp,class_weights,1.5,power,0.01,0.01,64,"(16, 8)",relu,adam,0.8200000000000001,2.0,59.0
1573,wear_torque_air_temp,class_weights,1.5,power,0.01,0.01,64,"(16, 8)",relu,sgd,0.89,5.0,65.0
1574,wear_torque_air_temp,class_weights,1.5,power,0.01,0.01,64,"(16, 8)",relu,lbfgs,0.89,4.0,69.0
1575,wear_torque_air_temp,class_weights,1.5,power,0.01,0.01,64,"(16, 8)",tanh,adam,0.87,2.0,57.0
1576,wear_torque_air_temp,class_weights,1.5,power,0.01,0.01,64,"(16, 8)",tanh,sgd,0.89,6.0,61.0
1577,wear_torque_air_temp,class_weights,1.5,power,0.01,0.01,64,"(16, 8)",tanh,lbfgs,0.78,7.0,64.0
1578,wear_torque_air_temp,class_weights,1.5,power,0.01,0.01,256,"(16, 8)",relu,adam,0.89,1.0,64.0
1579,wear_torque_air_temp,class_weights,1.5,power,0.01,0.01,256,"(16, 8)",relu,sgd,0.89,2.0,57.0
1580,wear_torque_air_temp,class_weights,1.5,power,0.01,0.01,256,"(16, 8)",relu,lbfgs,0.89,4.0,69.0
1581,wear_torque_air_temp,class_weights,1.5,power,0.01,0.01,256,"(16, 8)",tanh,adam,0.89,1.0,59.0
1582,wear_torque_air_temp,class_weights,1.5,power,0.01,0.01,256,"(16, 8)",tanh,sgd,0.89,2.0,50.0
1583,wear_torque_air_temp,class_weights,1.5,power,0.01,0.01,256,"(16, 8)",tanh,lbfgs,0.78,5.0,64.0
1584,wear_torque_air_temp,class_weights,1.5,power,0.001,0.001,16,"(128, 64, 32)",relu,adam,0.89,7.0,69.0
1585,wear_torque_air_temp,class_weights,1.5,power,0.001,0.001,16,"(128, 64, 32)",relu,sgd,0.7000000000000001,31.0,66.0
1586,wear_torque_air_temp,class_weights,1.5,power,0.001,0.001,16,"(128, 64, 32)",relu,lbfgs,0.11,88.0,64.0
1587,wear_torque_air_temp,class_weights,1.5,power,0.001,0.001,16,"(128, 64, 32)",tanh,adam,0.78,10.0,65.0
1588,wear_torque_air_temp,class_weights,1.5,power,0.001,0.001,16,"(128, 64, 32)",tanh,sgd,0.59,31.0,56.0
1589,wear_torque_air_temp,class_weights,1.5,power,0.001,0.001,16,"(128, 64, 32)",tanh,lbfgs,0.09999999999999999,35.0,61.0
1590,wear_torque_air_temp,class_weights,1.5,power,0.001,0.001,64,"(128, 64, 32)",relu,adam,0.8300000000000001,3.0,58.0
1591,wear_torque_air_temp,class_weights,1.5,power,0.001,0.001,64,"(128, 64, 32)",relu,sgd,0.81,13.0,61.0
1592,wear_torque_air_temp,class_weights,1.5,power,0.001,0.001,64,"(128, 64, 32)",relu,lbfgs,0.11,89.0,64.0
1593,wear_torque_air_temp,class_weights,1.5,power,0.001,0.001,64,"(128, 64, 32)",tanh,adam,0.8200000000000001,7.0,64.0
1594,wear_torque_air_temp,class_weights,1.5,power,0.001,0.001,64,"(128, 64, 32)",tanh,sgd,0.89,20.0,61.0
1595,wear_torque_air_temp,class_weights,1.5,power,0.001,0.001,64,"(128, 64, 32)",tanh,lbfgs,0.09999999999999999,34.0,61.0
1596,wear_torque_air_temp,class_weights,1.5,power,0.001,0.001,256,"(128, 64, 32)",relu,adam,0.8300000000000001,2.0,61.0
1597,wear_torque_air_temp,class_weights,1.5,power,0.001,0.001,256,"(128, 64, 32)",relu,sgd,0.88,12.0,61.0
1598,wear_torque_air_temp,class_weights,1.5,power,0.001,0.001,256,"(128, 64, 32)",relu,lbfgs,0.11,89.0,64.0
1599,wear_torque_air_temp,class_weights,1.5,power,0.001,0.001,256,"(128, 64, 32)",tanh,adam,0.87,4.0,64.0
1600,wear_torque_air_temp,class_weights,1.5,power,0.001,0.001,256,"(128, 64, 32)",tanh,sgd,0.89,24.0,61.0
1601,wear_torque_air_temp,class_weights,1.5,power,0.001,0.001,256,"(128, 64, 32)",tanh,lbfgs,0.09999999999999999,34.0,61.0
1602,wear_torque_air_temp,class_weights,1.5,power,0.01,0.001,16,"(128, 64, 32)",relu,adam,0.8,9.0,67.0
1603,wear_torque_air_temp,class_weights,1.5,power,0.01,0.001,16,"(128, 64, 32)",relu,sgd,0.8200000000000001,32.0,69.0
1604,wear_torque_air_temp,class_weights,1.5,power,0.01,0.001,16,"(128, 64, 32)",relu,lbfgs,0.11,88.0,64.0
1605,wear_torque_air_temp,class_weights,1.5,power,0.01,0.001,16,"(128, 64, 32)",tanh,adam,0.68,15.0,55.0
1606,wear_torque_air_temp,class_weights,1.5,power,0.01,0.001,16,"(128, 64, 32)",tanh,sgd,0.8400000000000001,36.0,56.0
1607,wear_torque_air_temp,class_weights,1.5,power,0.01,0.001,16,"(128, 64, 32)",tanh,lbfgs,0.09999999999999999,34.0,61.0
1608,wear_torque_air_temp,class_weights,1.5,power,0.01,0.001,64,"(128, 64, 32)",relu,adam,0.8400000000000001,4.0,66.0
1609,wear_torque_air_temp,class_weights,1.5,power,0.01,0.001,64,"(128, 64, 32)",relu,sgd,0.77,14.0,59.0
1610,wear_torque_air_temp,class_weights,1.5,power,0.01,0.001,64,"(128, 64, 32)",relu,lbfgs,0.11,88.0,64.0
1611,wear_torque_air_temp,class_weights,1.5,power,0.01,0.001,64,"(128, 64, 32)",tanh,adam,0.89,10.0,53.0
1612,wear_torque_air_temp,class_weights,1.5,power,0.01,0.001,64,"(128, 64, 32)",tanh,sgd,0.85,20.0,65.0
1613,wear_torque_air_temp,class_weights,1.5,power,0.01,0.001,64,"(128, 64, 32)",tanh,lbfgs,0.09999999999999999,34.0,61.0
1614,wear_torque_air_temp,class_weights,1.5,power,0.01,0.001,256,"(128, 64, 32)",relu,adam,0.87,2.0,57.0
1615,wear_torque_air_temp,class_weights,1.5,power,0.01,0.001,256,"(128, 64, 32)",relu,sgd,0.89,7.0,61.0
1616,wear_torque_air_temp,class_weights,1.5,power,0.01,0.001,256,"(128, 64, 32)",relu,lbfgs,0.11,86.0,64.0
1617,wear_torque_air_temp,class_weights,1.5,power,0.01,0.001,256,"(128, 64, 32)",tanh,adam,0.88,3.0,56.0
1618,wear_torque_air_temp,class_weights,1.5,power,0.01,0.001,256,"(128, 64, 32)",tanh,sgd,0.87,12.0,59.0
1619,wear_torque_air_temp,class_weights,1.5,power,0.01,0.001,256,"(128, 64, 32)",tanh,lbfgs,0.09999999999999999,34.0,61.0
1620,wear_torque_air_temp,class_weights,1.5,power,0.001,0.01,16,"(128, 64, 32)",relu,adam,0.88,7.0,63.0
1621,wear_torque_air_temp,class_weights,1.5,power,0.001,0.01,16,"(128, 64, 32)",relu,sgd,0.66,32.0,62.0
1622,wear_torque_air_temp,class_weights,1.5,power,0.001,0.01,16,"(128, 64, 32)",relu,lbfgs,0.19,79.0,64.0
1623,wear_torque_air_temp,class_weights,1.5,power,0.001,0.01,16,"(128, 64, 32)",tanh,adam,0.77,8.0,52.0
1624,wear_torque_air_temp,class_weights,1.5,power,0.001,0.01,16,"(128, 64, 32)",tanh,sgd,0.79,33.0,58.0
1625,wear_torque_air_temp,class_weights,1.5,power,0.001,0.01,16,"(128, 64, 32)",tanh,lbfgs,0.32,33.0,62.0
1626,wear_torque_air_temp,class_weights,1.5,power,0.001,0.01,64,"(128, 64, 32)",relu,adam,0.89,4.0,65.0
1627,wear_torque_air_temp,class_weights,1.5,power,0.001,0.01,64,"(128, 64, 32)",relu,sgd,0.86,15.0,61.0
1628,wear_torque_air_temp,class_weights,1.5,power,0.001,0.01,64,"(128, 64, 32)",relu,lbfgs,0.19,80.0,64.0
1629,wear_torque_air_temp,class_weights,1.5,power,0.001,0.01,64,"(128, 64, 32)",tanh,adam,0.8300000000000001,7.0,64.0
1630,wear_torque_air_temp,class_weights,1.5,power,0.001,0.01,64,"(128, 64, 32)",tanh,sgd,0.89,20.0,60.0
1631,wear_torque_air_temp,class_weights,1.5,power,0.001,0.01,64,"(128, 64, 32)",tanh,lbfgs,0.32,33.0,62.0
1632,wear_torque_air_temp,class_weights,1.5,power,0.001,0.01,256,"(128, 64, 32)",relu,adam,0.85,2.0,60.0
1633,wear_torque_air_temp,class_weights,1.5,power,0.001,0.01,256,"(128, 64, 32)",relu,sgd,0.87,11.0,61.0
1634,wear_torque_air_temp,class_weights,1.5,power,0.001,0.01,256,"(128, 64, 32)",relu,lbfgs,0.19,79.0,64.0
1635,wear_torque_air_temp,class_weights,1.5,power,0.001,0.01,256,"(128, 64, 32)",tanh,adam,0.87,4.0,64.0
1636,wear_torque_air_temp,class_weights,1.5,power,0.001,0.01,256,"(128, 64, 32)",tanh,sgd,0.89,24.0,60.0
1637,wear_torque_air_temp,class_weights,1.5,power,0.001,0.01,256,"(128, 64, 32)",tanh,lbfgs,0.32,32.0,62.0
1638,wear_torque_air_temp,class_weights,1.5,power,0.01,0.01,16,"(128, 64, 32)",relu,adam,0.68,26.0,73.0
1639,wear_torque_air_temp,class_weights,1.5,power,0.01,0.01,16,"(128, 64, 32)",relu,sgd,0.73,35.0,62.0
1640,wear_torque_air_temp,class_weights,1.5,power,0.01,0.01,16,"(128, 64, 32)",relu,lbfgs,0.19,80.0,64.0
1641,wear_torque_air_temp,class_weights,1.5,power,0.01,0.01,16,"(128, 64, 32)",tanh,adam,0.89,8.0,38.0
1642,wear_torque_air_temp,class_weights,1.5,power,0.01,0.01,16,"(128, 64, 32)",tanh,sgd,0.89,38.0,70.0
1643,wear_torque_air_temp,class_weights,1.5,power,0.01,0.01,16,"(128, 64, 32)",tanh,lbfgs,0.32,32.0,62.0
1644,wear_torque_air_temp,class_weights,1.5,power,0.01,0.01,64,"(128, 64, 32)",relu,adam,0.87,7.0,66.0
1645,wear_torque_air_temp,class_weights,1.5,power,0.01,0.01,64,"(128, 64, 32)",relu,sgd,0.85,14.0,63.0
1646,wear_torque_air_temp,class_weights,1.5,power,0.01,0.01,64,"(128, 64, 32)",relu,lbfgs,0.19,80.0,64.0
1647,wear_torque_air_temp,class_weights,1.5,power,0.01,0.01,64,"(128, 64, 32)",tanh,adam,0.89,6.0,50.0
1648,wear_torque_air_temp,class_weights,1.5,power,0.01,0.01,64,"(128, 64, 32)",tanh,sgd,0.88,21.0,67.0
1649,wear_torque_air_temp,class_weights,1.5,power,0.01,0.01,64,"(128, 64, 32)",tanh,lbfgs,0.32,32.0,62.0
1650,wear_torque_air_temp,class_weights,1.5,power,0.01,0.01,256,"(128, 64, 32)",relu,adam,0.89,4.0,57.0
1651,wear_torque_air_temp,class_weights,1.5,power,0.01,0.01,256,"(128, 64, 32)",relu,sgd,0.89,7.0,63.0
1652,wear_torque_air_temp,class_weights,1.5,power,0.01,0.01,256,"(128, 64, 32)",relu,lbfgs,0.19,80.0,64.0
1653,wear_torque_air_temp,class_weights,1.5,power,0.01,0.01,256,"(128, 64, 32)",tanh,adam,0.89,5.0,56.0
1654,wear_torque_air_temp,class_weights,1.5,power,0.01,0.01,256,"(128, 64, 32)",tanh,sgd,0.87,13.0,59.0
1655,wear_torque_air_temp,class_weights,1.5,power,0.01,0.01,256,"(128, 64, 32)",tanh,lbfgs,0.32,33.0,62.0
1656,wear_torque_air_temp,class_weights,1.5,power,0.001,0.001,16,"(256, 128, 64, 32)",relu,adam,0.89,23.0,66.0
1657,wear_torque_air_temp,class_weights,1.5,power,0.001,0.001,16,"(256, 128, 64, 32)",relu,sgd,0.89,65.0,52.0
1658,wear_torque_air_temp,class_weights,1.5,power,0.001,0.001,16,"(256, 128, 64, 32)",relu,lbfgs,0.03,78.0,65.0
1659,wear_torque_air_temp,class_weights,1.5,power,0.001,0.001,16,"(256, 128, 64, 32)",tanh,adam,0.89,27.0,56.0
1660,wear_torque_air_temp,class_weights,1.5,power,0.001,0.001,16,"(256, 128, 64, 32)",tanh,sgd,0.89,82.0,65.0
1661,wear_torque_air_temp,class_weights,1.5,power,0.001,0.001,16,"(256, 128, 64, 32)",tanh,lbfgs,0.09999999999999999,42.0,66.0
1662,wear_torque_air_temp,class_weights,1.5,power,0.001,0.001,64,"(256, 128, 64, 32)",relu,adam,0.89,7.0,56.0
1663,wear_torque_air_temp,class_weights,1.5,power,0.001,0.001,64,"(256, 128, 64, 32)",relu,sgd,0.89,23.0,59.0
1664,wear_torque_air_temp,class_weights,1.5,power,0.001,0.001,64,"(256, 128, 64, 32)",relu,lbfgs,0.03,78.0,65.0
1665,wear_torque_air_temp,class_weights,1.5,power,0.001,0.001,64,"(256, 128, 64, 32)",tanh,adam,0.89,9.0,62.0
1666,wear_torque_air_temp,class_weights,1.5,power,0.001,0.001,64,"(256, 128, 64, 32)",tanh,sgd,0.89,36.0,57.0
1667,wear_torque_air_temp,class_weights,1.5,power,0.001,0.001,64,"(256, 128, 64, 32)",tanh,lbfgs,0.09999999999999999,42.0,66.0
1668,wear_torque_air_temp,class_weights,1.5,power,0.001,0.001,256,"(256, 128, 64, 32)",relu,adam,0.89,4.0,51.0
1669,wear_torque_air_temp,class_weights,1.5,power,0.001,0.001,256,"(256, 128, 64, 32)",relu,sgd,0.89,16.0,59.0
1670,wear_torque_air_temp,class_weights,1.5,power,0.001,0.001,256,"(256, 128, 64, 32)",relu,lbfgs,0.03,78.0,65.0
1671,wear_torque_air_temp,class_weights,1.5,power,0.001,0.001,256,"(256, 128, 64, 32)",tanh,adam,0.89,10.0,62.0
1672,wear_torque_air_temp,class_weights,1.5,power,0.001,0.001,256,"(256, 128, 64, 32)",tanh,sgd,0.89,22.0,38.0
1673,wear_torque_air_temp,class_weights,1.5,power,0.001,0.001,256,"(256, 128, 64, 32)",tanh,lbfgs,0.09999999999999999,42.0,66.0
1674,wear_torque_air_temp,class_weights,1.5,power,0.01,0.001,16,"(256, 128, 64, 32)",relu,adam,0.89,24.0,51.0
1675,wear_torque_air_temp,class_weights,1.5,power,0.01,0.001,16,"(256, 128, 64, 32)",relu,sgd,0.89,67.0,58.0
1676,wear_torque_air_temp,class_weights,1.5,power,0.01,0.001,16,"(256, 128, 64, 32)",relu,lbfgs,0.03,77.0,65.0
1677,wear_torque_air_temp,class_weights,1.5,power,0.01,0.001,16,"(256, 128, 64, 32)",tanh,adam,0.88,49.0,52.0
1678,wear_torque_air_temp,class_weights,1.5,power,0.01,0.001,16,"(256, 128, 64, 32)",tanh,sgd,0.8300000000000001,83.0,63.0
1679,wear_torque_air_temp,class_weights,1.5,power,0.01,0.001,16,"(256, 128, 64, 32)",tanh,lbfgs,0.09999999999999999,43.0,66.0
1680,wear_torque_air_temp,class_weights,1.5,power,0.01,0.001,64,"(256, 128, 64, 32)",relu,adam,0.89,10.0,51.0
1681,wear_torque_air_temp,class_weights,1.5,power,0.01,0.001,64,"(256, 128, 64, 32)",relu,sgd,0.89,31.0,55.0
1682,wear_torque_air_temp,class_weights,1.5,power,0.01,0.001,64,"(256, 128, 64, 32)",relu,lbfgs,0.03,78.0,65.0
1683,wear_torque_air_temp,class_weights,1.5,power,0.01,0.001,64,"(256, 128, 64, 32)",tanh,adam,0.88,16.0,46.0
1684,wear_torque_air_temp,class_weights,1.5,power,0.01,0.001,64,"(256, 128, 64, 32)",tanh,sgd,0.89,36.0,62.0
1685,wear_torque_air_temp,class_weights,1.5,power,0.01,0.001,64,"(256, 128, 64, 32)",tanh,lbfgs,0.09999999999999999,42.0,66.0
1686,wear_torque_air_temp,class_weights,1.5,power,0.01,0.001,256,"(256, 128, 64, 32)",relu,adam,0.89,3.0,63.0
1687,wear_torque_air_temp,class_weights,1.5,power,0.01,0.001,256,"(256, 128, 64, 32)",relu,sgd,0.89,13.0,58.0
1688,wear_torque_air_temp,class_weights,1.5,power,0.01,0.001,256,"(256, 128, 64, 32)",relu,lbfgs,0.03,78.0,65.0
1689,wear_torque_air_temp,class_weights,1.5,power,0.01,0.001,256,"(256, 128, 64, 32)",tanh,adam,0.89,8.0,45.0
1690,wear_torque_air_temp,class_weights,1.5,power,0.01,0.001,256,"(256, 128, 64, 32)",tanh,sgd,0.89,28.0,54.0
1691,wear_torque_air_temp,class_weights,1.5,power,0.01,0.001,256,"(256, 128, 64, 32)",tanh,lbfgs,0.09999999999999999,42.0,66.0
1692,wear_torque_air_temp,class_weights,1.5,power,0.001,0.01,16,"(256, 128, 64, 32)",relu,adam,0.89,22.0,66.0
1693,wear_torque_air_temp,class_weights,1.5,power,0.001,0.01,16,"(256, 128, 64, 32)",relu,sgd,0.8400000000000001,58.0,61.0
1694,wear_torque_air_temp,class_weights,1.5,power,0.001,0.01,16,"(256, 128, 64, 32)",relu,lbfgs,0.06999999999999999,90.0,63.0
1695,wear_torque_air_temp,class_weights,1.5,power,0.001,0.01,16,"(256, 128, 64, 32)",tanh,adam,0.8200000000000001,36.0,60.0
1696,wear_torque_air_temp,class_weights,1.5,power,0.001,0.01,16,"(256, 128, 64, 32)",tanh,sgd,0.89,106.0,63.0
1697,wear_torque_air_temp,class_weights,1.5,power,0.001,0.01,16,"(256, 128, 64, 32)",tanh,lbfgs,0.16,49.0,69.0
1698,wear_torque_air_temp,class_weights,1.5,power,0.001,0.01,64,"(256, 128, 64, 32)",relu,adam,0.89,8.0,63.0
1699,wear_torque_air_temp,class_weights,1.5,power,0.001,0.01,64,"(256, 128, 64, 32)",relu,sgd,0.89,28.0,60.0
1700,wear_torque_air_temp,class_weights,1.5,power,0.001,0.01,64,"(256, 128, 64, 32)",relu,lbfgs,0.06999999999999999,96.0,63.0
1701,wear_torque_air_temp,class_weights,1.5,power,0.001,0.01,64,"(256, 128, 64, 32)",tanh,adam,0.89,13.0,62.0
1702,wear_torque_air_temp,class_weights,1.5,power,0.001,0.01,64,"(256, 128, 64, 32)",tanh,sgd,0.89,43.0,57.0
1703,wear_torque_air_temp,class_weights,1.5,power,0.001,0.01,64,"(256, 128, 64, 32)",tanh,lbfgs,0.16,46.0,69.0
1704,wear_torque_air_temp,class_weights,1.5,power,0.001,0.01,256,"(256, 128, 64, 32)",relu,adam,0.89,4.0,51.0
1705,wear_torque_air_temp,class_weights,1.5,power,0.001,0.01,256,"(256, 128, 64, 32)",relu,sgd,0.89,20.0,59.0
1706,wear_torque_air_temp,class_weights,1.5,power,0.001,0.01,256,"(256, 128, 64, 32)",relu,lbfgs,0.06999999999999999,101.0,63.0
1707,wear_torque_air_temp,class_weights,1.5,power,0.001,0.01,256,"(256, 128, 64, 32)",tanh,adam,0.89,18.0,62.0
1708,wear_torque_air_temp,class_weights,1.5,power,0.001,0.01,256,"(256, 128, 64, 32)",tanh,sgd,0.89,46.0,38.0
1709,wear_torque_air_temp,class_weights,1.5,power,0.001,0.01,256,"(256, 128, 64, 32)",tanh,lbfgs,0.16,51.0,69.0
1710,wear_torque_air_temp,class_weights,1.5,power,0.01,0.01,16,"(256, 128, 64, 32)",relu,adam,0.89,121.0,59.0
1711,wear_torque_air_temp,class_weights,1.5,power,0.01,0.01,16,"(256, 128, 64, 32)",relu,sgd,0.87,181.0,71.0
1712,wear_torque_air_temp,class_weights,1.5,power,0.01,0.01,16,"(256, 128, 64, 32)",relu,lbfgs,0.06999999999999999,106.0,63.0
1713,wear_torque_air_temp,class_weights,1.5,power,0.01,0.01,16,"(256, 128, 64, 32)",tanh,adam,0.72,31.0,41.0
1714,wear_torque_air_temp,class_weights,1.5,power,0.01,0.01,16,"(256, 128, 64, 32)",tanh,sgd,0.89,145.0,51.0
1715,wear_torque_air_temp,class_weights,1.5,power,0.01,0.01,16,"(256, 128, 64, 32)",tanh,lbfgs,0.16,49.0,69.0
1716,wear_torque_air_temp,class_weights,1.5,power,0.01,0.01,64,"(256, 128, 64, 32)",relu,adam,0.89,15.0,54.0
1717,wear_torque_air_temp,class_weights,1.5,power,0.01,0.01,64,"(256, 128, 64, 32)",relu,sgd,0.89,46.0,51.0
1718,wear_torque_air_temp,class_weights,1.5,power,0.01,0.01,64,"(256, 128, 64, 32)",relu,lbfgs,0.06999999999999999,101.0,63.0
1719,wear_torque_air_temp,class_weights,1.5,power,0.01,0.01,64,"(256, 128, 64, 32)",tanh,adam,0.87,41.0,46.0
1720,wear_torque_air_temp,class_weights,1.5,power,0.01,0.01,64,"(256, 128, 64, 32)",tanh,sgd,0.89,66.0,62.0
1721,wear_torque_air_temp,class_weights,1.5,power,0.01,0.01,64,"(256, 128, 64, 32)",tanh,lbfgs,0.16,49.0,69.0
1722,wear_torque_air_temp,class_weights,1.5,power,0.01,0.01,256,"(256, 128, 64, 32)",relu,adam,0.89,6.0,61.0
1723,wear_torque_air_temp,class_weights,1.5,power,0.01,0.01,256,"(256, 128, 64, 32)",relu,sgd,0.89,26.0,60.0
1724,wear_torque_air_temp,class_weights,1.5,power,0.01,0.01,256,"(256, 128, 64, 32)",relu,lbfgs,0.06999999999999999,115.0,63.0
1725,wear_torque_air_temp,class_weights,1.5,power,0.01,0.01,256,"(256, 128, 64, 32)",tanh,adam,0.89,26.0,49.0
1726,wear_torque_air_temp,class_weights,1.5,power,0.01,0.01,256,"(256, 128, 64, 32)",tanh,sgd,0.89,82.0,54.0
1727,wear_torque_air_temp,class_weights,1.5,power,0.01,0.01,256,"(256, 128, 64, 32)",tanh,lbfgs,0.16,60.0,69.0
