udi,product_id,type,air_temperature_k,process_temperature_k,rotational_speed_rpm,torque_nm,tool_wear_min,twf,hdf,pwf,osf,rnf,machine_failure,cons_number
1889,M16748,M,297.8,307.4,1902,24.3,129,0,0,0,0,0,0,16748
4859,L52038,L,303.7,312.3,1349,51.0,105,0,0,0,0,0,0,52038
8991,L56170,L,297.2,307.9,1493,38.4,146,0,0,0,0,0,0,56170
4902,M19761,M,303.6,312.3,1630,32.4,223,0,0,0,0,0,0,19761
7958,H37371,H,300.9,311.9,2140,16.5,43,0,0,0,0,0,0,37371
7857,L55036,L,300.4,311.8,1433,42.2,14,0,0,0,0,0,0,55036
865,M15724,M,296.0,306.7,2044,22.3,48,0,0,0,0,0,0,15724
5673,H35086,H,302.1,311.6,1701,26.2,46,0,0,0,0,0,0,35086
6155,M21014,M,301.0,310.9,1765,24.2,179,0,0,0,0,0,0,21014
5061,L52240,L,304.0,312.8,1542,42.7,198,0,0,0,0,0,0,52240
8239,L55418,L,299.1,310.4,1519,45.3,92,0,0,0,0,0,0,55418
4940,L52119,L,303.6,312.5,1286,62.4,101,0,0,0,0,0,0,52119
40,L47219,L,298.8,309.1,1350,52.5,111,0,0,0,0,0,0,47219
4654,M19513,M,303.1,311.1,1594,35.5,13,0,0,0,0,0,0,19513
4188,M19047,M,302.2,310.7,1601,33.0,166,0,0,0,0,0,0,19047
2232,L49411,L,299.4,308.6,1415,56.4,175,0,0,0,0,0,0,49411
6529,L53708,L,301.2,310.5,1546,40.0,55,0,0,0,0,0,0,53708
9930,H39343,H,298.4,308.4,1479,39.2,58,0,0,0,0,0,0,39343
7082,L54261,L,300.7,310.4,1366,52.6,205,0,0,0,0,0,0,54261
926,H30339,H,295.6,306.1,1623,30.9,210,0,0,0,0,0,0,30339
2916,L50095,L,300.5,309.5,1255,62.1,138,0,0,0,0,0,0,50095
9228,L56407,L,298.0,309.1,1473,44.3,124,0,0,0,0,0,0,56407
8943,L56122,L,297.3,308.3,2188,17.0,32,0,0,0,0,0,0,56122
1117,L48296,L,296.4,307.3,1487,37.5,83,0,0,0,0,0,0,48296
9911,L57090,L,298.6,309.0,1469,46.0,4,0,0,0,0,0,0,57090
1534,M16393,M,298.0,308.9,1339,51.4,68,0,0,0,0,0,0,16393
8512,L55691,L,298.4,309.7,1457,44.2,175,0,0,0,0,0,0,55691
3397,M18256,M,301.4,310.6,1459,35.0,87,0,0,0,0,0,0,18256
621,M15480,M,298.3,310.1,1389,49.6,75,0,0,0,0,0,0,15480
5389,M20248,M,302.8,312.3,1432,49.0,218,0,0,0,0,0,0,20248
58,L47237,L,298.8,309.1,1513,40.3,160,0,0,0,0,0,0,47237
3411,L50590,L,301.2,310.3,1451,39.7,123,0,0,0,0,0,0,50590
3401,H32814,H,301.4,310.7,1536,44.4,96,0,0,0,0,0,0,32814
5221,L52400,L,303.8,313.0,1633,32.9,207,0,0,0,0,0,0,52400
9909,L57088,L,298.6,309.0,1456,47.7,0,0,0,0,0,0,0,57088
9433,L56612,L,298.0,308.7,1619,40.1,45,0,0,0,0,0,0,56612
9977,L57156,L,298.6,308.2,1705,26.3,177,0,0,0,0,0,0,57156
4245,L51424,L,302.4,310.9,1469,39.6,86,0,0,0,0,0,0,51424
2932,L50111,L,300.8,309.7,1373,45.4,179,0,0,0,0,0,0,50111
6437,L53616,L,300.4,310.0,1769,26.1,38,0,0,0,0,0,0,53616
4221,M19080,M,301.9,310.6,1260,65.9,29,0,0,0,0,0,0,19080
1626,L48805,L,297.9,307.8,1365,46.9,73,0,0,0,0,0,0,48805
7912,L55091,L,300.7,312.1,1512,36.9,153,0,0,0,0,0,0,55091
7767,L54946,L,300.3,311.4,1318,52.7,13,0,0,0,0,0,0,54946
1106,M15965,M,296.6,307.5,1734,27.0,50,0,0,0,0,0,0,15965
9064,L56243,L,297.2,308.3,1419,39.7,115,0,0,0,0,0,0,56243
5473,L52652,L,302.8,312.3,1386,57.8,172,0,0,0,0,0,0,52652
9871,H39284,H,299.0,309.9,1884,25.6,100,0,0,0,0,0,0,39284
2025,M16884,M,298.7,308.6,1722,24.7,64,0,0,0,0,0,0,16884
2737,M17596,M,299.7,309.1,1576,36.4,149,0,0,0,0,0,0,17596
7326,L54505,L,299.9,310.4,1419,45.7,178,0,0,0,0,0,0,54505
3665,M18524,M,302.3,311.7,1685,30.8,130,0,0,0,0,0,0,18524
2516,L49695,L,298.8,308.5,1490,35.0,29,0,0,0,0,0,0,49695
4471,L51650,L,302.7,310.6,1564,34.3,0,0,0,0,0,0,0,51650
4478,L51657,L,302.6,310.3,1647,34.2,14,0,0,0,0,0,0,51657
100,L47279,L,298.8,308.8,1523,44.4,55,0,0,0,0,0,0,47279
6734,M21593,M,301.7,311.0,1311,46.8,136,0,0,0,0,0,0,21593
1250,L48429,L,297.3,308.7,1467,36.8,216,0,0,0,0,0,0,48429
6191,L53370,L,300.9,310.9,1749,26.4,40,0,0,0,0,0,0,53370
5837,L53016,L,301.2,311.1,1550,39.7,20,0,0,0,0,0,0,53016
5274,L52453,L,303.6,313.1,1395,44.1,120,0,0,0,0,0,0,52453
4136,M18995,M,301.7,310.3,1787,26.7,33,0,0,0,0,0,0,18995
7131,L54310,L,300.6,309.9,1428,48.8,109,0,0,0,0,0,0,54310
4117,M18976,M,302.0,310.5,1381,58.4,201,0,0,0,0,0,0,18976
5842,M20701,M,301.3,311.1,1678,30.7,34,0,0,0,0,0,0,20701
4990,L52169,L,303.9,313.2,1499,37.4,7,0,0,0,0,0,0,52169
5222,L52401,L,303.9,313.0,1626,31.4,209,0,0,0,0,0,0,52401
528,M15387,M,297.6,309.6,1592,35.8,57,0,0,0,0,0,0,15387
1378,L48557,L,298.8,310.2,1461,46.7,105,0,0,0,0,0,0,48557
8480,L55659,L,298.6,309.7,1627,33.4,99,0,0,0,0,0,0,55659
9533,L56712,L,299.2,310.5,1384,48.7,93,0,0,0,0,0,0,56712
2310,L49489,L,299.1,308.6,1611,31.4,161,0,0,0,0,0,0,49489
4644,L51823,L,303.2,311.4,1324,54.2,228,0,1,0,1,0,1,51823
4212,L51391,L,302.1,310.7,1314,52.8,8,0,1,0,0,0,1,51391
3567,L50746,L,301.8,310.6,1295,62.3,91,0,0,0,0,0,0,50746
9927,M24786,M,298.5,308.6,1897,20.2,50,0,0,0,0,0,0,24786
1900,L49079,L,297.8,307.5,1388,40.0,159,0,0,0,0,0,0,49079
8579,L55758,L,297.5,308.2,1489,40.7,141,0,0,0,0,0,0,55758
4895,H34308,H,303.8,312.5,1447,46.6,198,0,0,0,0,0,0,34308
5030,M19889,M,303.9,313.2,1624,39.8,107,0,0,0,0,0,0,19889
9209,L56388,L,298.0,308.9,1406,40.9,77,0,0,0,0,0,0,56388
1424,L48603,L,298.7,309.8,1539,33.4,2,0,0,0,0,0,0,48603
231,L47410,L,298.3,308.6,1570,34.8,175,0,0,0,0,0,0,47410
9388,H38801,H,297.4,307.9,1390,52.0,131,0,0,0,0,0,0,38801
6063,M20922,M,301.1,311.2,1407,53.0,165,0,0,0,0,0,0,20922
5037,L52216,L,304.0,313.2,1615,37.8,127,0,0,0,0,0,0,52216
5915,L53094,L,300.7,310.3,1592,36.0,14,0,0,0,0,0,0,53094
3658,L50837,L,302.1,311.5,1477,45.4,111,0,0,0,0,0,0,50837
3291,L50470,L,301.2,310.2,1385,42.3,42,0,0,0,0,0,0,50470
94,L47273,L,299.1,309.0,1450,43.0,40,0,0,0,0,0,0,47273
3849,L51028,L,302.3,310.9,1720,28.1,178,0,0,0,0,0,0,51028
394,M15253,M,297.5,308.4,1350,52.2,157,0,0,0,0,0,0,15253
1077,L48256,L,296.9,307.7,1653,35.9,177,0,0,0,0,0,0,48256
6080,M20939,M,300.8,310.7,1371,44.7,205,0,0,0,0,0,0,20939
8503,H37916,H,298.6,309.8,1279,55.9,152,0,0,0,0,0,0,37916
6652,M21511,M,301.5,310.4,1276,55.6,158,0,0,0,0,0,0,21511
603,L47782,L,297.9,309.8,2000,21.3,29,0,0,0,0,0,0,47782
3174,L50353,L,300.3,309.6,1624,32.6,175,0,0,0,0,0,0,50353
4010,L51189,L,302.2,311.2,1630,36.0,169,0,0,0,0,0,0,51189
7825,L55004,L,299.9,311.3,1535,38.1,160,0,0,0,0,0,0,55004
2551,L49730,L,299.4,309.3,1366,48.4,116,0,0,0,0,0,0,49730
2840,M17699,M,300.4,309.4,1362,42.1,182,0,0,0,0,0,0,17699
458,L47637,L,297.4,308.6,1276,53.6,103,0,0,0,0,0,0,47637
5782,M20641,M,301.7,311.1,1618,36.7,115,0,0,0,0,0,0,20641
9796,L56975,L,298.5,309.3,1623,33.1,109,0,0,0,0,0,0,56975
5861,L53040,L,301.3,310.9,1566,33.1,82,0,0,0,0,0,0,53040
6304,H35717,H,301.2,310.6,1457,50.5,114,0,0,0,0,0,0,35717
4953,M19812,M,303.8,312.7,1374,53.6,136,0,0,0,0,0,0,19812
162,L47341,L,298.3,308.1,1412,52.3,218,0,0,0,1,0,1,47341
9371,H38784,H,297.7,308.4,1418,51.9,77,0,0,0,0,0,0,38784
1666,H31079,H,298.2,307.9,1491,39.7,181,0,0,0,0,0,0,31079
1529,L48708,L,298.1,309.0,1559,34.0,54,0,0,0,0,0,0,48708
9622,M24481,M,299.0,310.0,2049,19.5,111,0,0,0,0,0,0,24481
2579,L49758,L,299.4,309.3,1391,46.6,185,0,0,0,0,0,0,49758
1846,L49025,L,297.7,307.2,1444,40.0,17,0,0,0,0,0,0,49025
1175,M16034,M,297.1,308.1,1352,44.4,0,0,0,0,0,0,0,16034
5922,L53101,L,300.5,310.3,1336,57.1,29,0,0,0,0,0,0,53101
9385,M24244,M,297.6,308.1,1379,57.4,122,0,0,0,0,0,0,24244
1206,L48385,L,296.8,308.0,1371,54.5,86,0,0,0,0,0,0,48385
8129,L55308,L,300.1,311.4,1629,31.3,41,0,0,0,0,0,0,55308
6679,M21538,M,301.5,310.7,1336,65.6,0,0,0,1,0,0,1,21538
2199,M17058,M,299.7,308.9,1478,41.0,87,0,0,0,0,0,0,17058
4947,M19806,M,303.7,312.7,1669,31.7,120,0,0,0,0,0,0,19806
8023,L55202,L,300.9,312.0,1441,43.8,210,0,0,0,0,0,0,55202
1418,L48597,L,298.7,309.9,1541,38.5,208,0,0,0,0,0,0,48597
5656,L52835,L,302.3,311.5,1387,47.3,2,0,0,0,0,0,0,52835
6212,L53391,L,300.8,310.6,1360,48.8,91,0,0,0,0,0,0,53391
7701,M22560,M,300.7,311.6,1348,62.5,36,0,0,0,0,0,0,22560
9107,L56286,L,297.4,308.3,1854,21.8,24,0,0,0,0,0,0,56286
5318,L52497,L,303.6,312.7,1637,32.9,19,0,0,0,0,0,0,52497
1926,L49105,L,297.9,307.7,1537,37.7,15,0,0,0,0,0,0,49105
6456,L53635,L,300.7,310.1,1565,40.2,81,0,0,0,0,0,0,53635
1516,M16375,M,298.2,308.9,1614,35.5,15,0,0,0,0,0,0,16375
3315,L50494,L,301.4,310.5,1489,43.5,98,0,0,0,0,0,0,50494
8630,H38043,H,297.5,308.5,1557,39.1,47,0,0,0,0,0,0,38043
9408,L56587,L,297.8,308.3,1435,50.1,189,0,0,0,0,0,0,56587
2670,H32083,H,299.7,309.3,1494,37.8,214,0,0,0,0,0,0,32083
2528,L49707,L,298.8,308.5,1450,50.8,57,0,0,0,0,0,0,49707
1602,L48781,L,297.8,307.8,1597,38.2,11,0,0,0,0,0,0,48781
4231,L51410,L,302.2,310.8,1673,32.9,52,0,0,0,0,0,0,51410
7985,L55164,L,301.0,312.3,1550,34.9,111,0,0,0,0,0,0,55164
574,L47753,L,297.9,309.9,1472,45.0,183,0,0,0,0,0,0,47753
9870,L57049,L,298.9,309.9,1590,31.3,98,0,0,0,0,0,0,57049
8381,L55560,L,298.9,310.0,1776,25.7,51,0,0,0,0,0,0,55560
27,L47206,L,299.1,309.5,1512,39.0,75,0,0,0,0,0,0,47206
8833,L56012,L,297.4,308.8,1651,34.1,163,0,0,0,0,0,0,56012
148,L47327,L,298.4,308.4,1515,40.1,179,0,0,0,0,0,0,47327
2738,M17597,M,299.7,309.1,1508,41.2,152,0,0,0,0,0,0,17597
2061,L49240,L,299.6,309.5,1803,27.7,159,0,0,0,0,0,0,49240
1494,L48673,L,298.0,308.8,1496,44.9,179,0,0,0,0,0,0,48673
3510,L50689,L,301.8,311.0,1771,27.2,162,0,0,0,0,0,0,50689
8590,M23449,M,297.3,307.8,1538,48.0,171,0,0,0,0,0,0,23449
6609,M21468,M,301.5,310.4,1593,36.8,50,0,0,0,0,0,0,21468
5191,L52370,L,304.1,313.2,1452,48.0,126,0,0,0,0,0,0,52370
9216,L56395,L,297.9,308.8,1681,31.7,94,0,0,0,0,0,0,56395
6792,L53971,L,301.2,310.7,1551,41.2,82,0,0,0,0,0,0,53971
8823,L56002,L,297.4,308.8,1462,49.7,132,0,0,0,0,0,0,56002
7757,L54936,L,300.5,311.8,1368,57.9,191,0,0,0,1,0,1,54936
3706,M18565,M,302.0,311.3,1725,27.7,23,0,0,0,0,0,0,18565
7041,L54220,L,300.7,310.6,1720,30.3,96,0,0,0,0,0,0,54220
2210,L49389,L,299.8,309.3,1386,49.4,116,0,0,0,0,0,0,49389
6408,M21267,M,300.3,309.9,1611,29.0,177,0,0,0,0,0,0,21267
2501,L49680,L,299.1,308.9,1617,32.3,223,0,0,0,0,0,0,49680
9282,L56461,L,298.2,308.9,1336,45.0,66,0,0,0,0,0,0,56461
6142,L53321,L,300.8,310.8,1486,45.7,146,0,0,0,0,0,0,53321
1724,L48903,L,298.2,307.8,2029,19.9,96,0,0,0,0,0,0,48903
7058,L54237,L,300.8,310.6,1666,36.2,144,0,0,0,0,0,0,54237
2366,L49545,L,299.4,308.5,1845,22.9,76,0,0,0,0,0,0,49545
2349,L49528,L,299.2,308.4,1436,41.8,28,0,0,0,0,0,0,49528
3801,M18660,M,302.1,310.9,1916,23.1,51,0,0,0,0,0,0,18660
4134,L51313,L,301.8,310.3,1765,27.3,29,0,0,0,0,0,0,51313
2388,M17247,M,299.2,308.5,1474,47.2,132,0,0,0,0,0,0,17247
7285,M22144,M,300.1,310.3,1345,57.1,71,0,0,0,0,0,0,22144
7338,L54517,L,299.9,310.5,1539,32.8,213,0,0,0,0,0,0,54517
696,L47875,L,297.6,309.0,1487,45.4,64,0,0,0,0,0,0,47875
6894,L54073,L,301.0,311.6,1470,43.4,133,0,0,0,0,0,0,54073
6215,L53394,L,300.9,310.7,1392,44.2,97,0,0,0,0,0,0,53394
6217,L53396,L,301.1,310.8,1724,27.5,101,0,0,0,0,0,0,53396
5008,L52187,L,303.8,312.9,1442,48.3,52,0,0,0,0,0,0,52187
7158,L54337,L,300.2,310.0,1486,40.1,182,0,0,0,0,0,0,54337
7389,M22248,M,299.8,310.6,1694,31.3,121,0,0,0,0,0,0,22248
5310,M20169,M,303.9,313.2,1422,48.0,215,1,0,0,0,0,1,20169
9431,L56610,L,298.1,308.7,1671,28.8,41,0,0,0,0,0,0,56610
802,L47981,L,296.9,307.8,1285,52.1,100,0,0,0,0,0,0,47981
404,L47583,L,297.3,308.6,1273,59.8,182,0,0,0,0,0,0,47583
9959,M24818,M,298.1,307.8,1525,35.9,132,0,0,0,0,0,0,24818
3897,M18756,M,302.2,311.2,1627,33.2,74,0,0,0,0,0,0,18756
2775,L49954,L,300.1,309.4,1559,39.7,24,0,0,0,0,0,0,49954
311,H29724,H,298.0,308.6,1526,41.8,160,0,0,0,0,0,0,29724
1507,L48686,L,298.0,308.8,1610,33.7,212,0,0,0,0,0,0,48686
5060,L52239,L,303.9,312.8,1419,47.9,196,0,0,0,0,0,0,52239
2305,L49484,L,299.1,308.5,1455,39.8,145,0,0,0,0,0,0,49484
6959,L54138,L,300.6,311.0,1563,40.7,87,0,0,0,0,0,0,54138
2835,L50014,L,300.3,309.1,1368,46.0,171,0,0,0,0,0,0,50014
9331,M24190,M,298.4,309.0,1507,36.1,191,0,0,0,0,0,0,24190
3450,L50629,L,301.7,310.7,1605,33.3,220,0,0,0,0,0,0,50629
8459,L55638,L,298.7,309.9,1753,26.8,40,0,0,0,0,0,0,55638
8973,M23832,M,296.8,307.4,1455,49.9,102,0,0,0,0,0,0,23832
44,H29457,H,298.8,309.2,1372,48.5,120,0,0,0,0,0,0,29457
256,L47435,L,298.0,308.2,1489,40.4,11,0,0,0,0,0,0,47435
6711,L53890,L,301.5,310.7,1323,49.7,79,0,0,0,0,0,0,53890
6519,H35932,H,301.0,310.0,1212,67.9,30,0,0,0,0,0,0,35932
610,L47789,L,298.1,309.9,1629,32.5,45,0,0,0,0,0,0,47789
969,L48148,L,295.9,306.7,1547,40.9,107,0,0,0,0,0,0,48148
9464,M24323,M,298.5,309.3,1552,36.8,133,0,0,0,0,0,0,24323
8903,H38316,H,297.4,308.7,1522,46.3,146,0,0,0,0,0,0,38316
431,L47610,L,297.5,308.6,1596,37.1,30,0,0,0,0,0,0,47610
1590,M16449,M,298.1,308.3,1453,41.5,204,0,0,0,0,0,0,16449
4120,L51299,L,302.1,310.7,1325,45.1,208,0,1,0,0,0,1,51299
1390,L48569,L,298.9,310.2,1533,42.8,138,0,0,0,0,0,0,48569
5815,M20674,M,301.3,311.0,1402,47.5,197,0,0,0,0,0,0,20674
8789,L55968,L,297.4,308.5,1369,53.2,43,0,0,0,0,0,0,55968
4203,L51382,L,302.4,311.0,1555,40.6,205,0,0,0,0,0,0,51382
2363,H31776,H,299.3,308.6,1520,41.4,67,0,0,0,0,0,0,31776
2118,H31531,H,299.4,308.9,1762,29.3,91,0,0,0,0,0,0,31531
5541,L52720,L,302.4,311.8,1493,38.4,132,0,0,0,0,0,0,52720
1465,L48644,L,298.8,310.0,1412,46.3,107,0,0,0,0,0,0,48644
3693,L50872,L,302.1,311.3,1758,24.4,200,0,0,0,0,0,0,50872
3116,L50295,L,299.9,309.2,1658,34.8,16,0,0,0,0,0,0,50295
9908,M24767,M,298.6,309.1,1487,43.2,206,0,0,0,0,0,0,24767
6517,H35930,H,301.1,310.0,1470,40.1,23,0,0,0,0,0,0,35930
3277,L50456,L,301.3,310.0,1438,40.9,7,0,0,0,0,0,0,50456
4379,M19238,M,301.9,309.6,1385,45.8,217,0,0,0,0,0,0,19238
7991,M22850,M,301.1,312.4,1809,25.1,126,0,0,0,0,0,0,22850
5826,L53005,L,301.3,311.1,1413,42.0,221,0,0,0,0,0,0,53005
3982,M18841,M,302.2,311.3,1931,21.9,101,0,0,0,0,0,0,18841
5121,M19980,M,304.2,313.6,1424,43.7,151,0,0,0,0,0,0,19980
5415,L52594,L,302.6,312.3,1534,34.3,31,0,0,0,0,0,0,52594
435,M15294,M,297.5,308.5,1484,44.7,40,0,0,0,0,0,0,15294
8741,M23600,M,297.4,308.8,1573,33.9,123,0,0,0,0,0,0,23600
155,L47334,L,298.4,308.2,1528,36.2,196,0,0,0,0,0,0,47334
6590,M21449,M,301.6,310.6,1553,38.9,0,0,0,0,0,0,0,21449
6426,L53605,L,300.3,309.9,1393,56.1,12,0,0,0,0,0,0,53605
972,L48151,L,295.9,306.6,1557,41.1,113,0,0,0,0,0,0,48151
3263,L50442,L,301.3,310.1,1558,36.3,184,0,0,0,0,0,0,50442
7218,L54397,L,299.9,309.8,1716,28.2,117,0,0,0,0,0,0,54397
7441,L54620,L,300.0,311.4,1655,29.6,30,0,0,0,0,0,0,54620
7318,L54497,L,299.9,310.3,1638,29.1,152,0,0,0,0,0,0,54497
2851,L50030,L,300.4,309.3,1671,35.0,209,0,0,0,0,0,0,50030
3290,M18149,M,301.2,310.1,1295,56.6,39,0,0,0,0,0,0,18149
6133,L53312,L,301.1,311.1,1429,42.5,123,0,0,0,0,0,0,53312
7510,L54689,L,300.6,311.9,1372,60.1,212,0,0,0,1,0,1,54689
949,M15808,M,295.6,306.3,1426,45.5,53,0,0,0,0,0,0,15808
1999,H31412,H,298.3,308.0,1637,30.8,2,0,0,0,0,0,0,31412
7369,M22228,M,299.6,310.2,1620,30.0,70,0,0,0,0,0,0,22228
7297,H36710,H,300.0,310.4,1881,21.9,102,0,0,0,0,0,0,36710
5244,L52423,L,303.7,313.1,1721,34.8,50,0,0,0,0,0,0,52423
8341,M23200,M,298.8,309.7,1480,38.1,157,0,0,0,0,0,0,23200
2822,M17681,M,300.3,309.6,1419,42.5,137,0,0,0,0,0,0,17681
8110,L55289,L,300.3,311.7,1821,26.3,202,0,0,0,0,0,0,55289
9715,L56894,L,299.1,310.1,1894,20.1,106,0,0,0,0,0,0,56894
4796,L51975,L,303.6,312.5,1431,49.0,162,0,0,0,0,0,0,51975
9727,L56906,L,298.8,309.8,1557,37.2,139,0,0,0,0,0,0,56906
3205,L50384,L,300.1,309.0,1404,54.8,29,0,0,0,0,0,0,50384
7448,M22307,M,300.3,311.9,1677,30.8,48,0,0,0,0,0,0,22307
6223,H35636,H,301.1,310.8,1792,25.8,121,0,0,0,0,0,0,35636
6111,L53290,L,300.7,310.8,1534,41.3,69,0,0,0,0,0,0,53290
9790,L56969,L,298.6,309.6,1715,28.4,90,0,0,0,0,0,0,56969
805,M15664,M,296.9,307.8,1544,37.6,109,0,0,0,0,0,0,15664
9304,L56483,L,298.2,309.0,1491,38.3,121,0,0,0,0,0,0,56483
7819,L54998,L,299.8,311.2,2142,16.6,144,0,0,0,0,0,0,54998
675,L47854,L,297.8,309.0,1456,41.2,0,0,0,0,0,0,0,47854
8443,L55622,L,298.6,310.0,1517,39.0,4,0,0,0,0,0,0,55622
1908,L49087,L,297.9,307.6,1504,42.4,180,0,0,0,0,0,0,49087
9452,H38865,H,298.0,308.7,1536,39.6,99,0,0,0,0,0,0,38865
2739,M17598,M,299.8,309.1,1496,44.4,155,0,0,0,0,0,0,17598
3146,M18005,M,300.5,310.0,1415,43.5,98,0,0,0,0,0,0,18005
6282,M21141,M,301.3,310.8,1455,41.2,56,0,0,0,0,0,0,21141
8704,M23563,M,297.2,308.6,1284,51.3,32,0,0,0,0,0,0,23563
4551,M19410,M,302.5,310.5,1507,40.2,201,0,0,0,0,0,0,19410
4066,M18925,M,301.9,310.7,1511,37.6,70,0,0,0,0,0,0,18925
4771,L51950,L,303.5,311.9,1344,49.3,93,0,1,0,0,0,1,51950
5104,L52283,L,304.1,313.4,1399,43.7,111,0,0,0,0,0,0,52283
9864,L57043,L,298.9,309.8,1411,56.3,84,0,0,0,0,0,0,57043
4020,M18879,M,302.0,310.9,1558,45.3,193,0,0,0,0,0,0,18879
260,M15119,M,298.1,308.2,1420,63.9,19,0,0,1,0,0,1,15119
4021,L51200,L,302.1,311.0,1351,49.5,196,0,0,0,0,0,0,51200
2780,L49959,L,300.1,309.5,1353,50.9,34,0,0,0,0,0,0,49959
8942,M23801,M,297.3,308.3,1595,32.2,29,0,0,0,0,0,0,23801
3132,L50311,L,300.1,309.5,1660,32.7,57,0,0,0,0,0,0,50311
1547,L48726,L,298.4,308.9,1391,48.4,100,0,0,0,0,0,0,48726
8292,L55471,L,298.9,310.5,1717,26.9,17,0,0,0,0,0,0,55471
1295,L48474,L,298.8,309.9,1486,40.3,126,0,0,0,0,0,0,48474
337,M15196,M,297.6,308.2,1995,20.5,10,0,0,0,0,0,0,15196
3184,L50363,L,300.1,309.3,1616,32.0,199,0,0,0,0,0,0,50363
201,L47380,L,298.4,308.6,1609,35.0,103,0,0,0,0,0,0,47380
4044,M18903,M,302.0,310.8,1445,46.3,17,0,0,0,0,0,0,18903
9647,L56826,L,299.4,310.4,1582,31.7,181,0,0,0,0,0,0,56826
5307,H34720,H,304.0,313.2,1612,31.7,206,0,0,0,0,0,0,34720
1204,H30617,H,297.0,308.1,1410,47.6,79,0,0,0,0,0,0,30617
7904,L55083,L,300.8,312.3,1435,44.8,134,0,0,0,0,0,0,55083
511,L47690,L,297.5,309.3,1564,37.5,20,0,0,0,0,0,0,47690
1760,H31173,H,298.0,307.4,1606,35.2,195,0,0,0,0,0,0,31173
4206,L51385,L,302.3,310.8,1723,26.3,213,0,0,0,0,0,0,51385
4568,M19427,M,302.8,310.8,1451,44.7,32,0,0,0,0,0,0,19427
1656,M16515,M,298.2,308.0,1577,35.9,151,0,0,0,0,0,0,16515
9113,M23972,M,297.6,308.6,1482,38.3,39,0,0,0,0,0,0,23972
7344,L54523,L,299.6,310.2,1468,48.0,9,0,0,0,0,0,0,54523
3804,L50983,L,302.2,310.9,1531,37.5,60,0,0,0,0,0,0,50983
2813,M17672,M,300.0,309.3,1413,40.7,117,0,0,0,0,0,0,17672
3000,L50179,L,300.5,309.7,1395,61.0,157,0,0,0,0,0,0,50179
7202,L54381,L,300.0,309.8,1474,40.6,78,0,0,0,0,0,0,54381
5827,M20686,M,301.3,311.1,1492,41.2,223,0,0,0,0,0,0,20686
8131,H37544,H,300.0,311.2,1393,43.1,45,0,0,0,0,0,0,37544
7879,L55058,L,300.7,312.3,1418,49.0,69,0,0,0,0,0,0,55058
9586,M24445,M,299.3,310.5,1563,42.1,19,0,0,0,0,0,0,24445
3236,L50415,L,300.8,309.4,1946,20.5,111,0,0,0,0,0,0,50415
6140,L53319,L,300.8,310.7,1586,33.4,142,0,0,0,0,0,0,53319
8647,L55826,L,297.5,308.6,1497,43.9,91,0,0,0,0,0,0,55826
3378,H32791,H,301.5,310.8,1591,29.6,33,0,0,0,0,0,0,32791
7435,L54614,L,300.0,311.4,1508,38.2,18,0,0,0,0,0,0,54614
2157,M17016,M,299.4,308.9,1457,41.5,201,0,0,0,0,0,0,17016
9114,L56293,L,297.6,308.6,1744,28.5,42,0,0,0,0,0,0,56293
5682,L52861,L,302.2,311.6,1383,44.3,72,0,0,0,0,0,0,52861
8919,L56098,L,297.1,308.2,1402,51.2,186,0,0,0,0,0,0,56098
8727,L55906,L,297.2,308.6,1562,33.0,84,0,0,0,0,0,0,55906
1443,M16302,M,298.8,310.0,1486,38.5,55,0,0,0,0,0,0,16302
4863,L52042,L,303.5,312.1,1326,55.7,114,0,0,0,0,0,0,52042
1620,L48799,L,297.9,307.7,1590,34.6,57,0,0,0,0,0,0,48799
852,M15711,M,296.2,307.2,1389,48.6,7,0,0,0,0,0,0,15711
1628,L48807,L,297.9,307.8,1499,37.5,78,0,0,0,0,0,0,48807
3005,M17864,M,300.5,309.9,1466,53.2,172,0,0,0,0,0,0,17864
8383,L55562,L,298.9,310.0,1719,27.3,58,0,0,0,0,0,0,55562
6508,L53687,L,301.0,310.1,1558,32.6,0,0,0,0,0,0,0,53687
6597,M21456,M,301.5,310.7,1454,39.4,17,0,0,0,0,0,0,21456
428,M15287,M,297.5,308.5,1496,42.2,22,0,0,0,0,0,0,15287
2085,L49264,L,299.5,309.3,1442,46.2,5,0,0,0,0,0,0,49264
6915,H36328,H,300.9,311.3,1668,28.9,183,0,0,0,0,0,0,36328
6746,M21605,M,301.8,311.1,1395,44.6,171,0,0,0,0,0,0,21605
1394,L48573,L,299.1,310.4,1594,33.3,147,0,0,0,0,0,0,48573
4625,M19484,M,303.0,311.1,1428,39.8,181,0,0,0,0,0,0,19484
4302,L51481,L,301.7,310.2,1471,51.1,8,0,0,0,0,0,0,51481
9134,L56313,L,297.7,308.7,1479,45.7,93,0,0,0,0,0,0,56313
3042,L50221,L,300.4,309.5,1543,38.9,37,0,0,0,0,0,0,50221
2463,L49642,L,298.9,308.5,1742,34.5,117,0,0,0,0,0,0,49642
7489,L54668,L,300.3,311.7,1545,43.5,160,0,0,0,0,1,0,54668
4240,L51419,L,302.3,311.0,1446,37.6,75,0,0,0,0,0,0,51419
8751,L55930,L,297.3,308.5,1764,30.8,148,0,0,0,0,0,0,55930
2676,L49855,L,299.7,309.3,1574,35.8,6,0,0,0,0,0,0,49855
2931,H32344,H,300.7,309.6,1403,51.3,174,0,0,0,0,0,0,32344
1284,L48463,L,298.3,309.4,1356,45.4,96,0,0,0,0,0,0,48463
6306,M21165,M,301.1,310.5,1603,32.6,121,0,0,0,0,0,0,21165
1838,L49017,L,297.7,307.2,1392,43.0,197,0,0,0,0,0,0,49017
2750,M17609,M,299.7,309.2,1685,28.9,179,0,0,0,0,0,1,17609
9900,L57079,L,298.7,309.2,1586,31.4,180,0,0,0,0,0,0,57079
8009,L55188,L,300.8,311.9,1414,41.1,171,0,0,0,0,0,0,55188
3761,L50940,L,302.3,310.9,1377,46.8,166,0,1,0,0,0,1,50940
9707,M24566,M,299.0,310.1,1705,30.1,84,0,0,0,0,0,0,24566
9058,M23917,M,297.3,308.4,1686,34.5,97,0,0,0,0,0,0,23917
8618,L55797,L,297.6,308.6,1529,45.3,15,0,0,0,0,0,0,55797
7889,L55068,L,300.7,312.3,1577,33.2,100,0,0,0,0,0,0,55068
4018,L51197,L,302.0,310.8,1902,23.4,188,0,0,0,0,0,0,51197
7673,M22532,M,300.5,311.7,2141,17.2,196,0,0,0,0,0,0,22532
7765,M22624,M,300.4,311.7,1555,38.7,5,0,0,0,0,0,0,22624
1560,L48739,L,298.2,308.3,1458,41.8,132,0,0,0,0,0,0,48739
9307,M24166,M,298.3,309.2,1783,28.3,130,0,0,0,0,0,0,24166
6273,M21132,M,301.1,310.6,1429,52.7,35,0,0,0,0,0,0,21132
4976,L52155,L,303.7,312.7,1426,45.5,192,0,0,0,0,0,0,52155
5417,L52596,L,302.6,312.3,1660,30.3,36,0,0,0,0,0,0,52596
2890,M17749,M,300.7,309.7,1523,38.2,73,0,0,0,0,0,0,17749
4466,L51645,L,302.8,310.6,1404,43.2,203,0,0,0,0,0,0,51645
2505,L49684,L,299.2,309.1,1468,45.6,2,0,0,0,0,0,0,49684
5670,M20529,M,302.2,311.5,1479,39.5,36,0,0,0,0,0,0,20529
3357,L50536,L,301.6,310.8,1355,57.8,195,0,0,0,1,0,1,50536
7844,M22703,M,300.1,311.7,1400,48.5,205,0,0,0,0,0,0,22703
5793,M20652,M,301.8,311.3,1624,31.6,145,0,0,0,0,0,0,20652
334,L47513,L,297.5,308.2,1647,31.3,3,0,0,0,0,0,0,47513
8493,M23352,M,298.4,309.5,1514,38.8,128,0,0,0,0,0,0,23352
3485,L50664,L,301.9,310.8,1519,39.0,90,0,0,0,0,0,0,50664
210,L47389,L,298.4,308.6,1477,44.0,124,0,0,0,0,0,0,47389
8149,M23008,M,299.5,310.7,1488,39.5,95,0,0,0,0,0,0,23008
8252,L55431,L,299.0,310.4,1981,21.2,125,0,0,0,0,0,0,55431
6066,L53245,L,301.0,310.9,1568,38.2,172,0,0,0,0,0,0,53245
8776,H38189,H,297.5,308.6,1536,38.7,7,0,0,0,0,0,0,38189
6665,L53844,L,301.3,310.4,1538,38.4,195,0,0,0,0,0,0,53844
2963,L50142,L,300.7,309.5,1508,39.9,59,0,0,0,0,0,0,50142
4266,L51445,L,302.6,311.0,1424,38.0,144,0,0,0,0,0,0,51445
660,L47839,L,297.6,309.1,1449,49.1,174,0,0,0,0,0,0,47839
3938,L51117,L,302.5,311.5,1802,26.4,192,0,0,0,0,0,0,51117
9362,L56541,L,298.0,308.6,1610,33.1,56,0,0,0,0,0,0,56541
8969,L56148,L,297.1,307.8,1454,50.6,94,0,0,0,0,0,0,56148
534,L47713,L,297.5,309.3,1675,29.8,72,0,0,0,0,0,0,47713
7096,L54275,L,300.6,310.1,1485,49.9,19,0,0,0,0,0,0,54275
8253,L55432,L,299.0,310.4,1565,36.1,127,0,0,0,0,0,0,55432
8950,L56129,L,297.4,308.3,1284,60.3,50,0,0,0,0,0,0,56129
3781,L50960,L,302.4,311.1,1446,42.9,5,0,0,0,0,0,0,50960
6605,M21464,M,301.5,310.6,1573,37.4,37,0,0,0,0,0,0,21464
9840,M24699,M,298.4,309.2,1491,51.2,13,0,0,0,0,0,0,24699
9035,H38448,H,297.4,308.2,1585,46.2,37,0,0,0,0,0,0,38448
9992,M24851,M,298.9,308.4,1827,26.1,5,0,0,0,0,0,0,24851
5630,L52809,L,302.7,312.2,1405,51.4,157,0,0,0,0,0,0,52809
2338,L49517,L,299.2,308.4,1877,23.9,4,0,0,0,0,0,0,49517
4336,L51515,L,301.7,309.9,1607,37.7,93,0,0,0,0,0,0,51515
6823,M21682,M,300.9,310.6,1709,29.2,158,0,0,0,0,0,0,21682
9416,M24275,M,298.2,308.7,1361,44.2,0,0,0,0,0,0,0,24275
7779,L54958,L,300.4,311.6,1517,39.0,45,0,0,0,0,0,0,54958
8268,L55447,L,299.2,310.7,1540,36.3,175,0,0,0,0,0,0,55447
2488,H31901,H,298.9,308.6,1623,31.0,180,0,0,0,0,0,0,31901
5566,L52745,L,302.4,311.9,1671,29.9,204,0,0,0,0,0,0,52745
8712,L55891,L,297.1,308.5,1733,28.7,50,0,0,0,0,0,0,55891
1055,H30468,H,296.8,307.8,1627,30.5,117,0,0,0,0,0,0,30468
932,L48111,L,295.5,305.9,1542,36.2,12,0,0,0,0,0,0,48111
5001,L52180,L,303.7,312.8,1832,23.6,35,0,0,0,0,0,0,52180
37,M14896,M,298.9,309.2,1581,36.7,101,0,0,0,0,0,0,14896
9199,M24058,M,297.9,308.8,1538,37.6,54,0,0,0,0,0,0,24058
7690,L54869,L,300.6,311.7,1432,39.2,2,0,0,0,0,0,0,54869
3316,M18175,M,301.5,310.6,1492,43.0,100,0,0,0,0,0,0,18175
8967,L56146,L,297.1,307.8,1636,30.3,90,0,0,0,0,0,0,56146
8687,M23546,M,297.2,308.5,1611,31.6,197,0,0,0,0,0,0,23546
3716,M18575,M,302.4,311.4,1475,45.2,46,0,0,0,0,0,0,18575
895,L48074,L,295.6,306.2,1426,48.6,124,0,0,0,0,0,0,48074
2009,L49188,L,298.5,308.3,1811,24.7,27,0,0,0,0,0,0,49188
7599,L54778,L,300.5,311.1,1491,42.6,11,0,0,0,0,0,0,54778
2900,L50079,L,300.6,309.4,1410,40.6,99,0,0,0,0,0,0,50079
9511,M24370,M,299.2,310.4,1504,43.3,37,0,0,0,0,0,0,24370
5527,L52706,L,302.5,311.9,1520,44.9,94,0,0,0,0,0,0,52706
7347,L54526,L,299.6,310.2,1469,47.0,15,0,0,0,0,0,0,54526
1437,H30850,H,298.8,309.8,1510,44.2,35,0,0,0,0,0,0,30850
6330,M21189,M,300.7,310.0,1641,34.6,178,0,0,0,0,0,0,21189
6099,M20958,M,300.8,310.7,1924,22.4,36,0,0,0,0,0,0,20958
6078,L53257,L,300.9,310.7,1479,43.3,201,0,0,0,0,0,0,53257
5852,L53031,L,301.2,311.0,1573,32.8,57,0,0,0,0,0,0,53031
5637,L52816,L,302.6,312.0,1447,45.5,173,0,0,0,0,0,0,52816
5536,L52715,L,302.3,311.7,1465,43.5,117,0,0,0,0,0,0,52715
2709,L49888,L,299.6,309.1,2266,15.3,79,0,0,0,0,0,0,49888
3914,M18773,M,302.4,311.4,1675,29.6,128,0,0,0,0,0,0,18773
7330,M22189,M,299.9,310.4,1576,34.3,188,0,0,0,0,0,0,22189
1932,M16791,M,298.2,308.0,1969,21.7,32,0,0,0,0,0,0,16791
5189,L52368,L,304.0,313.2,1632,30.6,121,0,0,0,0,0,0,52368
536,H29949,H,297.4,309.3,1365,52.4,76,0,0,0,0,0,0,29949
2878,M17737,M,300.5,309.4,1655,32.1,37,0,0,0,0,0,0,17737
2357,H31770,H,299.3,308.6,1498,39.5,47,0,0,0,0,0,0,31770
5950,M20809,M,300.7,310.8,1506,44.0,97,0,0,0,0,0,0,20809
9254,M24113,M,298.2,309.0,1508,40.5,192,0,0,0,0,0,0,24113
7661,M22520,M,300.5,311.6,1246,52.9,165,0,0,0,0,0,0,22520
7337,H36750,H,299.9,310.5,1549,42.8,208,0,0,0,0,0,0,36750
5002,M19861,M,303.6,312.7,2174,17.6,37,0,0,0,0,0,0,19861
402,L47581,L,297.5,308.5,1722,30.4,178,0,0,0,0,0,0,47581
8099,L55278,L,300.2,311.6,1500,39.0,174,0,0,0,0,0,0,55278
7137,M21996,M,300.5,309.9,1343,63.7,124,0,0,0,0,0,0,21996
2902,L50081,L,300.6,309.4,1425,40.3,103,0,0,0,0,0,0,50081
1297,L48476,L,298.7,309.9,1621,34.1,130,0,0,0,0,0,0,48476
6760,L53939,L,301.7,311.0,1441,44.3,208,1,0,0,0,0,1,53939
9703,L56882,L,298.9,310.0,1633,31.2,76,0,0,0,0,0,0,56882
5167,H34580,H,304.2,313.5,1546,41.4,58,0,0,0,0,0,0,34580
8782,L55961,L,297.6,308.7,1552,42.3,27,0,0,0,0,0,0,55961
4504,M19363,M,302.5,310.2,1751,30.5,90,0,0,0,0,0,0,19363
5373,H34786,H,302.9,312.3,1509,46.8,175,0,0,0,0,0,0,34786
5559,L52738,L,302.5,311.9,1553,40.1,187,0,0,0,0,0,0,52738
7841,L55020,L,300.2,311.6,1606,31.0,199,0,0,0,0,0,0,55020
3958,L51137,L,302.2,311.4,1510,44.9,33,0,0,0,0,0,0,51137
3251,H32664,H,301.2,309.8,1709,27.0,151,0,0,0,0,0,0,32664
1241,L48420,L,297.2,308.6,1636,31.3,192,0,0,0,0,0,0,48420
3736,M18595,M,302.2,311.1,1434,58.6,102,0,0,0,0,0,0,18595
6718,M21577,M,301.4,310.6,1464,48.6,96,0,0,0,0,0,0,21577
8374,M23233,M,298.7,309.7,1362,50.5,34,0,0,0,0,0,0,23233
2067,L49246,L,299.7,309.6,1512,36.2,172,0,0,0,0,0,0,49246
5745,H35158,H,302.2,311.5,1482,42.6,16,0,0,0,0,0,0,35158
3380,M18239,M,301.4,310.7,1459,37.7,40,0,0,0,0,0,0,18239
6995,L54174,L,300.6,310.8,1375,53.2,179,0,0,0,0,0,0,54174
2179,L49358,L,299.6,309.2,1602,37.3,31,0,0,0,0,0,0,49358
2235,L49414,L,299.4,308.6,1492,40.5,181,0,0,0,0,0,0,49414
6983,L54162,L,300.7,311.1,1440,43.0,148,0,0,0,0,0,0,54162
8376,M23235,M,298.8,309.6,1384,48.2,39,0,0,0,0,0,0,23235
6542,L53721,L,301.4,310.7,1509,38.3,95,0,0,0,0,0,0,53721
3194,L50373,L,300.0,309.1,1401,44.5,0,0,0,0,0,0,0,50373
4031,L51210,L,302.0,310.8,2143,17.3,227,0,0,0,0,0,0,51210
5581,M20440,M,302.6,312.2,1458,38.8,34,0,0,0,0,0,0,20440
8042,H37455,H,300.8,311.9,1431,48.5,25,0,0,0,0,0,0,37455
9784,H39197,H,298.8,309.9,1466,44.6,66,0,0,0,0,0,0,39197
1604,M16463,M,297.8,307.8,1622,32.1,18,0,0,0,0,0,0,16463
1031,L48210,L,296.3,307.4,1760,28.4,56,0,0,0,0,0,0,48210
868,H30281,H,295.9,306.5,1594,33.2,55,0,0,0,0,0,0,30281
5038,M19897,M,304.1,313.2,1586,41.1,129,0,0,0,0,0,0,19897
1948,L49127,L,298.2,308.1,1462,49.9,69,0,0,0,0,0,0,49127
7304,L54483,L,300.1,310.6,1374,45.4,119,0,0,0,0,0,0,54483
6460,M21319,M,300.6,310.0,1397,55.2,90,0,0,0,0,0,0,21319
2281,L49460,L,299.4,308.8,1390,57.0,92,0,0,0,0,0,0,49460
4493,M19352,M,302.6,310.5,1420,56.4,57,0,0,0,0,0,0,19352
9240,H38653,H,298.2,308.8,1436,51.9,153,0,0,0,0,0,0,38653
749,H30162,H,296.7,308.1,1528,46.3,203,0,0,0,0,0,0,30162
7205,L54384,L,299.8,309.6,1526,41.7,85,0,0,0,0,0,0,54384
552,L47731,L,297.4,309.2,1274,54.3,121,0,0,0,0,0,0,47731
2992,M17851,M,300.5,309.7,1341,50.9,137,0,0,0,0,0,0,17851
783,L47962,L,296.8,307.9,1698,30.8,48,0,0,0,0,0,0,47962
353,M15212,M,297.6,308.4,1507,46.0,51,0,0,0,0,0,0,15212
7156,M22015,M,300.2,309.9,1569,31.2,176,0,0,0,0,0,0,22015
9684,M24543,M,299.0,310.0,1338,56.4,29,0,0,0,0,0,0,24543
570,M15429,M,297.7,309.6,1596,35.2,173,0,0,0,0,0,0,15429
6506,L53685,L,301.1,310.1,1457,39.6,215,0,0,0,0,0,0,53685
4931,L52110,L,303.4,312.3,1663,33.9,78,0,0,0,0,0,0,52110
3084,L50263,L,300.1,309.3,1712,28.5,141,0,0,0,0,0,0,50263
1222,M16081,M,297.0,308.3,1399,46.4,132,0,0,0,0,1,0,16081
7194,L54373,L,300.1,310.1,1306,64.7,57,0,0,0,0,0,0,54373
5126,M19985,M,304.3,313.5,1416,48.1,167,0,0,0,0,0,0,19985
1592,L48771,L,298.2,308.4,1355,49.4,209,0,0,0,0,0,0,48771
32,L47211,L,299.0,309.4,1798,25.5,89,0,0,0,0,0,0,47211
8178,L55357,L,299.7,311.1,1439,44.9,174,0,0,0,0,0,0,55357
8072,L55251,L,300.5,312.0,1646,29.5,106,0,0,0,0,0,0,55251
1107,L48286,L,296.7,307.6,1540,38.6,53,0,0,0,0,0,0,48286
3832,M18691,M,302.3,310.9,1742,29.7,137,0,0,0,0,0,0,18691
7166,L54345,L,300.2,310.1,1392,47.9,201,0,0,0,0,0,0,54345
2401,H31814,H,299.2,308.6,1462,55.0,163,0,0,0,0,0,0,31814
9611,L56790,L,299.0,310.1,1505,41.3,85,0,0,0,0,0,0,56790
7179,L54358,L,300.2,310.2,1600,31.5,23,0,0,0,0,0,0,54358
958,M15817,M,295.7,306.4,1387,40.1,81,0,0,0,0,0,0,15817
1096,L48275,L,296.9,307.5,2721,9.3,18,0,0,1,0,0,1,48275
6809,L53988,L,301.0,310.7,1391,45.0,123,0,0,0,0,0,0,53988
9974,L57153,L,298.5,308.2,1444,40.5,170,0,0,0,0,0,0,57153
8393,M23252,M,298.5,309.6,1502,39.4,84,0,0,0,0,0,0,23252
689,H30102,H,297.6,309.0,1735,26.4,41,0,0,0,0,0,0,30102
8275,L55454,L,298.9,310.5,1640,29.2,195,0,0,0,0,0,0,55454
4868,L52047,L,303.6,312.5,1345,54.1,126,0,0,0,0,0,0,52047
6455,L53634,L,300.7,310.1,1598,32.8,79,0,0,0,0,0,0,53634
4793,H34206,H,303.7,312.7,1564,40.2,150,0,0,0,0,0,0,34206
5242,L52421,L,303.7,313.1,1683,28.4,46,0,0,0,0,0,0,52421
4737,L51916,L,303.2,311.5,1513,37.9,0,0,0,0,0,0,0,51916
5705,L52884,L,302.5,311.8,1335,52.7,135,0,0,0,0,0,0,52884
5342,H34755,H,303.5,312.8,1404,55.8,84,0,0,0,0,0,0,34755
6259,M21118,M,301.1,310.7,1583,40.7,2,0,0,0,0,0,0,21118
4587,L51766,L,302.7,310.9,1395,48.3,80,0,0,0,0,0,0,51766
5655,L52834,L,302.3,311.6,1544,34.3,0,0,0,0,0,0,0,52834
3890,L51069,L,302.4,311.2,1404,52.0,57,0,0,0,0,0,0,51069
7404,L54583,L,299.8,310.8,1376,48.6,159,0,0,0,0,0,0,54583
6759,L53938,L,301.7,311.1,1644,32.8,206,0,0,0,0,0,0,53938
9327,L56506,L,298.6,309.3,1677,31.2,180,0,0,0,0,0,0,56506
7833,L55012,L,300.0,311.4,1484,37.0,183,0,0,0,0,0,0,55012
8810,L55989,L,297.3,308.5,1503,43.3,90,0,0,0,0,0,0,55989
1102,H30515,H,296.7,307.5,1607,33.6,38,0,0,0,0,0,0,30515
3163,L50342,L,300.5,309.9,1480,40.0,148,0,0,0,0,0,0,50342
3783,L50962,L,302.2,310.8,1827,23.8,9,0,0,0,0,0,0,50962
1791,L48970,L,298.2,307.9,1847,23.6,69,0,0,0,0,0,0,48970
8853,L56032,L,297.7,308.9,1575,39.9,12,0,0,0,0,0,0,56032
9400,L56579,L,297.8,308.3,1477,44.8,170,0,0,0,0,0,0,56579
8658,L55837,L,297.4,308.4,1421,46.0,124,0,0,0,0,0,0,55837
2015,L49194,L,298.6,308.4,1310,59.7,40,0,0,0,0,0,0,49194
2425,L49604,L,298.9,308.2,1828,23.8,26,0,0,0,0,0,0,49604
7124,M21983,M,300.9,310.4,1576,40.4,92,0,0,0,0,0,0,21983
7689,L54868,L,300.6,311.7,1553,39.8,0,0,0,0,0,0,0,54868
884,L48063,L,295.7,306.3,1490,34.3,97,0,0,0,0,0,0,48063
3943,M18802,M,302.2,311.4,1398,47.2,202,0,0,0,0,0,0,18802
388,L47567,L,297.7,308.7,1249,60.4,143,0,0,0,0,0,0,47567
2267,L49446,L,299.2,308.5,1381,60.6,59,0,0,0,0,0,0,49446
8462,L55641,L,298.7,309.9,1446,43.3,46,0,0,0,0,0,0,55641
5904,L53083,L,300.9,310.5,1894,21.9,188,0,0,0,0,0,0,53083
9267,L56446,L,298.2,308.9,1737,25.5,26,0,0,0,0,0,0,56446
2542,H31955,H,299.1,308.8,1553,32.6,90,0,0,0,0,0,0,31955
1361,H30774,H,298.8,310.2,1707,27.6,56,0,0,0,0,0,0,30774
9662,H39075,H,299.0,310.0,1458,44.9,221,0,0,0,0,0,0,39075
4194,L51373,L,302.4,311.1,1634,34.2,184,0,0,0,0,0,0,51373
2225,M17084,M,299.7,309.0,1645,31.9,155,0,0,0,0,0,0,17084
408,M15267,M,297.4,308.5,1600,42.1,190,0,0,0,0,0,0,15267
1618,L48797,L,297.8,307.8,1563,34.3,53,0,0,0,0,0,0,48797
4516,L51695,L,302.5,310.4,1415,48.2,117,0,0,0,0,0,0,51695
2368,M17227,M,299.3,308.5,1496,39.4,80,0,0,0,0,0,0,17227
6588,M21447,M,301.6,310.7,1813,24.6,210,0,0,0,0,0,0,21447
493,L47672,L,297.5,309.3,1404,43.5,195,0,0,0,0,0,0,47672
6430,M21289,M,300.2,309.8,1394,47.4,21,0,0,0,0,0,0,21289
6656,L53835,L,301.4,310.3,1639,32.7,171,0,0,0,0,0,0,53835
8808,M23667,M,297.4,308.6,1604,32.8,85,0,0,0,0,0,0,23667
7827,L55006,L,299.8,311.1,1300,64.2,165,0,0,0,0,0,0,55006
9554,L56733,L,299.3,310.7,1495,39.2,144,0,0,0,0,0,0,56733
8515,L55694,L,298.2,309.4,1447,47.1,185,0,0,0,0,0,0,55694
5752,H35165,H,302.3,311.8,1475,42.8,38,0,0,0,0,0,0,35165
4145,L51324,L,301.8,310.1,1738,28.0,58,0,0,0,0,0,0,51324
9903,H39316,H,298.7,309.3,1402,45.3,190,0,0,0,0,0,0,39316
2618,L49797,L,299.4,309.1,1670,35.9,68,0,0,0,0,0,0,49797
3114,M17973,M,299.9,309.1,1345,56.8,10,0,0,0,0,0,0,17973
5839,M20698,M,301.4,311.2,1476,36.5,25,0,0,0,0,0,0,20698
6412,M21271,M,300.4,310.0,1560,42.3,186,0,0,0,0,0,0,21271
1579,L48758,L,298.3,308.4,1593,37.0,174,0,0,0,0,0,0,48758
8806,M23665,M,297.4,308.6,1469,42.6,80,0,0,0,0,0,0,23665
2645,L49824,L,299.8,309.4,1510,42.5,146,0,0,0,0,0,0,49824
159,M15018,M,298.4,308.2,1499,40.0,211,0,0,0,0,0,0,15018
9847,L57026,L,298.3,309.0,1339,58.8,35,0,0,0,0,0,0,57026
8095,H37508,H,300.2,311.6,1662,28.8,162,0,0,0,0,0,0,37508
5556,L52735,L,302.5,312.0,1411,44.2,177,0,0,0,0,0,0,52735
9706,L56885,L,298.9,310.0,1482,41.1,82,0,0,0,0,0,0,56885
5942,L53121,L,300.6,310.7,1438,48.5,78,0,0,0,0,0,1,53121
7370,M22229,M,299.6,310.1,1646,29.6,73,0,0,0,0,0,0,22229
5531,M20390,M,302.3,311.8,1355,50.1,104,0,0,0,0,0,0,20390
6828,M21687,M,301.0,310.9,1515,41.8,170,0,0,0,0,0,0,21687
2710,L49889,L,299.6,309.1,1641,35.8,81,0,0,0,0,0,0,49889
9958,L57137,L,298.1,307.8,1606,33.0,130,0,0,0,0,0,0,57137
9566,M24425,M,299.8,311.1,1498,38.1,176,0,0,0,0,0,0,24425
5369,M20228,M,303.1,312.5,1667,30.0,160,0,0,0,0,0,0,20228
6683,L53862,L,301.5,310.8,1512,38.9,9,0,0,0,0,0,0,53862
3797,M18656,M,302.1,310.8,1504,37.5,42,0,0,0,0,0,0,18656
1607,L48786,L,297.8,307.7,1505,39.7,25,0,0,0,0,0,0,48786
2622,M17481,M,299.5,309.3,1506,41.5,77,0,0,0,0,0,0,17481
8482,M23341,M,298.3,309.4,1595,29.0,103,0,0,0,0,0,0,23341
9620,M24479,M,298.9,310.0,1323,52.9,106,0,0,0,0,0,0,24479
544,H29957,H,297.5,309.3,1563,36.1,100,0,0,0,0,0,0,29957
5362,L52541,L,303.3,312.7,1643,30.7,142,0,0,0,0,0,0,52541
4617,L51796,L,303.1,311.4,1829,24.5,159,0,0,0,0,0,0,51796
312,M15171,M,298.0,308.6,1453,44.1,165,0,0,0,0,0,0,15171
3714,L50893,L,302.3,311.5,1565,35.6,41,0,0,0,0,0,0,50893
3584,L50763,L,301.8,310.7,1751,29.3,133,0,0,0,0,0,0,50763
2968,L50147,L,300.6,309.4,1369,51.6,71,0,0,0,0,0,0,50147
9993,L57172,L,298.8,308.4,1484,39.2,8,0,0,0,0,0,0,57172
9424,L56603,L,298.1,308.5,1676,30.5,22,0,0,0,0,0,0,56603
6779,M21638,M,301.3,310.7,1819,25.5,46,0,0,0,0,0,0,21638
6405,M21264,M,300.2,309.7,1183,61.4,170,0,0,0,0,0,0,21264
2889,M17748,M,300.6,309.6,1365,50.0,70,0,0,0,0,0,0,17748
1689,L48868,L,297.9,307.4,1606,35.5,14,0,0,0,0,0,0,48868
2834,L50013,L,300.3,309.2,1807,26.4,169,0,0,0,0,0,0,50013
3324,L50503,L,301.5,310.5,1589,36.7,118,0,0,0,0,0,0,50503
4983,L52162,L,303.7,313.0,1811,24.3,209,0,0,0,0,0,0,52162
9374,L56553,L,297.7,308.5,1453,45.5,86,0,0,0,0,0,0,56553
1383,L48562,L,298.8,310.1,1653,30.3,119,0,0,0,0,0,0,48562
4483,H33896,H,302.7,310.5,1568,36.9,28,0,0,0,0,0,0,33896
6151,L53330,L,301.1,311.1,1711,29.1,170,0,0,0,0,0,0,53330
2261,H31674,H,299.1,308.3,1521,36.5,40,0,0,0,0,0,0,31674
2746,M17605,M,299.7,309.1,1603,38.5,170,0,0,0,0,0,0,17605
4440,M19299,M,302.4,310.2,1392,55.8,143,0,0,0,0,0,0,19299
1918,M16777,M,298.1,307.9,1463,47.3,206,0,0,0,0,0,0,16777
4043,L51222,L,302.0,310.9,1564,39.0,15,0,0,0,0,0,0,51222
6358,L53537,L,300.2,309.8,1398,54.8,39,0,0,0,0,0,0,53537
1397,L48576,L,299.0,310.3,1483,39.2,153,0,0,0,0,0,0,48576
6476,L53655,L,300.5,309.7,1560,30.2,139,0,0,0,0,0,0,53655
6017,L53196,L,300.7,310.7,1425,45.3,48,0,0,0,0,0,0,53196
2997,M17856,M,300.5,309.8,1508,37.8,150,0,0,0,0,0,0,17856
2440,L49619,L,299.1,308.4,1693,31.6,65,0,0,0,0,0,0,49619
6004,L53183,L,300.4,310.2,1529,36.2,10,0,0,0,0,0,0,53183
1678,M16537,M,297.9,307.5,1647,30.8,212,0,0,0,0,0,0,16537
5578,L52757,L,302.4,312.1,1455,40.4,28,0,0,0,0,0,0,52757
4527,L51706,L,302.4,310.4,1521,38.5,142,0,0,0,0,0,0,51706
6857,M21716,M,301.1,311.3,1836,22.8,31,0,0,0,0,0,0,21716
6069,M20928,M,301.0,310.9,2047,17.9,178,0,0,0,0,0,0,20928
7980,M22839,M,301.2,312.4,1428,36.6,99,0,0,0,0,0,0,22839
2833,M17692,M,300.4,309.3,1467,40.3,166,0,0,0,0,0,0,17692
2493,H31906,H,299.0,308.8,1382,58.5,199,0,0,0,0,0,0,31906
1267,L48446,L,298.0,309.6,1633,34.8,41,0,0,0,0,0,0,48446
7148,L54327,L,300.3,309.8,1466,41.2,156,0,0,0,0,0,0,54327
9187,L56366,L,297.9,309.0,1629,29.0,26,0,0,0,0,0,0,56366
9030,L56209,L,297.4,308.3,1483,38.8,23,0,0,0,0,0,0,56209
2543,H31956,H,299.2,308.9,1712,26.4,95,0,0,0,0,0,0,31956
4650,M19509,M,303.3,311.4,1395,59.1,4,0,0,0,0,0,0,19509
2297,L49476,L,299.4,308.7,1553,42.7,128,0,0,0,0,0,0,49476
8567,M23426,M,297.9,308.7,1751,26.6,111,0,0,0,0,0,0,23426
9931,L57110,L,298.3,308.3,1452,45.5,63,0,0,0,0,0,0,57110
2991,L50170,L,300.6,309.8,1688,28.6,135,0,0,0,0,0,0,50170
5053,L52232,L,303.9,313.0,1433,48.4,178,0,0,0,0,0,0,52232
976,M15835,M,296.0,306.6,1628,36.8,121,0,0,0,0,0,0,15835
8878,M23737,M,298.1,309.2,1460,45.8,80,0,0,0,0,0,0,23737
2468,M17327,M,298.9,308.6,1574,33.5,128,0,0,0,0,0,0,17327
4482,M19341,M,302.6,310.4,1544,35.1,25,0,0,0,0,0,0,19341
1961,L49140,L,297.8,307.6,1446,51.4,105,0,0,0,0,0,0,49140
2556,L49735,L,299.3,309.2,1511,37.2,129,0,0,0,0,0,0,49735
8607,M23466,M,297.5,308.4,1505,37.2,215,0,0,0,0,0,0,23466
3160,H32573,H,300.4,309.8,1409,47.5,138,0,0,0,0,0,0,32573
4209,M19068,M,302.3,310.9,1627,32.3,0,0,0,0,0,0,0,19068
5816,L52995,L,301.2,311.0,1670,33.0,200,0,0,0,0,0,0,52995
8881,L56060,L,298.0,309.2,1458,39.8,87,0,0,0,0,0,0,56060
2776,L49955,L,300.1,309.4,1560,47.7,26,0,0,0,0,0,0,49955
4540,L51719,L,302.5,310.3,1592,32.6,174,0,0,0,0,0,0,51719
9808,L56987,L,298.2,309.0,1413,55.0,145,0,0,0,0,0,0,56987
6012,L53191,L,300.8,310.8,1564,36.2,31,0,0,0,0,0,0,53191
9071,L56250,L,297.1,308.2,1427,45.2,136,0,0,0,0,0,0,56250
7426,M22285,M,300.0,311.4,1791,24.1,213,0,0,0,0,0,0,22285
7568,M22427,M,300.2,311.0,2370,14.7,144,0,0,0,0,0,0,22427
6484,L53663,L,300.7,309.9,1412,45.3,155,0,0,0,0,0,0,53663
6114,M20973,M,300.7,310.8,1724,30.0,76,0,0,0,0,0,0,20973
5549,L52728,L,302.3,311.8,1605,35.2,152,0,0,0,0,0,0,52728
437,L47616,L,297.3,308.3,1504,36.3,45,0,0,0,0,0,0,47616
5771,L52950,L,301.6,311.2,1408,42.9,89,0,0,0,0,0,0,52950
855,M15714,M,296.3,307.3,1498,41.6,15,0,0,0,0,0,0,15714
7566,M22425,M,300.3,311.2,1783,25.6,139,0,0,0,0,0,0,22425
5438,M20297,M,302.9,312.6,1394,46.4,82,0,0,0,0,0,0,20297
173,M15032,M,298.1,308.0,1924,20.8,29,0,0,0,0,0,0,15032
5288,H34701,H,303.8,313.2,1506,46.9,154,0,0,0,0,0,0,34701
5154,L52333,L,304.2,313.4,1644,31.7,23,0,0,0,0,0,0,52333
744,L47923,L,296.8,308.2,1361,53.8,193,0,0,0,0,0,0,47923
5901,M20760,M,300.9,310.7,1485,41.0,181,0,0,0,0,0,0,20760
6812,L53991,L,300.9,310.6,1504,46.4,129,0,0,0,0,0,0,53991
6944,L54123,L,300.7,311.3,1522,35.2,48,0,0,0,0,0,0,54123
6081,L53260,L,300.9,310.7,1468,36.2,208,0,0,0,0,0,0,53260
956,L48135,L,295.6,306.3,1911,20.9,74,0,0,0,0,0,0,48135
3300,L50479,L,301.3,310.5,1390,45.8,63,0,0,0,0,0,0,50479
8970,L56149,L,297.0,307.8,1396,50.0,96,0,0,0,0,0,0,56149
7538,L54717,L,300.1,311.3,1305,64.7,66,0,0,0,0,0,0,54717
6925,L54104,L,301.2,311.6,1461,52.9,208,0,0,0,1,0,1,54104
7525,L54704,L,300.2,311.5,1639,31.1,31,0,0,0,0,0,0,54704
5572,L52751,L,302.4,312.0,1562,37.9,10,0,0,0,0,0,0,52751
5272,L52451,L,303.6,313.0,1534,39.7,115,0,0,0,0,0,0,52451
1954,L49133,L,297.9,307.7,1593,34.9,83,0,0,0,0,0,0,49133
5505,L52684,L,302.8,312.2,1458,51.0,42,0,0,0,0,0,0,52684
8954,L56133,L,297.3,308.0,1518,36.0,59,0,0,0,0,0,0,56133
719,L47898,L,297.5,308.8,1477,39.0,127,0,0,0,0,0,0,47898
2156,L49335,L,299.3,308.8,1341,47.7,199,0,0,0,0,0,0,49335
1852,M16711,M,297.7,307.3,1365,49.2,36,0,0,0,0,0,0,16711
6933,L54112,L,300.8,311.4,1322,67.2,18,0,0,1,0,0,1,54112
3574,L50753,L,301.8,310.6,1452,48.4,110,0,0,0,0,0,0,50753
2697,L49876,L,300.0,309.6,1452,46.0,51,0,0,0,0,0,0,49876
2731,L49910,L,299.6,309.2,1425,45.9,133,0,0,0,0,0,0,49910
2954,L50133,L,300.7,309.5,1578,35.4,34,0,0,0,0,0,0,50133
4785,L51964,L,303.9,312.6,1642,32.3,127,0,0,0,0,0,0,51964
3745,L50924,L,302.5,311.4,1409,53.1,126,0,0,0,0,0,0,50924
5943,L53122,L,300.7,310.7,1450,43.4,80,0,0,0,0,0,0,53122
6465,M21324,M,300.5,309.9,1735,27.0,107,0,0,0,0,0,0,21324
9065,L56244,L,297.2,308.4,1833,25.2,117,0,0,0,0,0,0,56244
4907,H34320,H,303.6,312.4,1436,45.6,9,0,0,0,0,0,0,34320
4682,M19541,M,303.6,311.8,1659,34.7,94,0,0,0,0,0,0,19541
5331,L52510,L,303.6,312.9,1588,31.9,53,0,0,0,0,0,0,52510
711,M15570,M,297.5,308.7,1697,28.1,107,0,0,0,0,0,0,15570
9295,L56474,L,298.1,309.0,1437,36.2,95,0,0,0,0,0,0,56474
9857,L57036,L,298.6,309.5,1450,44.2,63,0,0,0,0,0,0,57036
3666,M18525,M,302.4,311.8,1358,50.6,133,0,0,0,0,0,0,18525
4710,M19569,M,303.4,311.6,1446,50.0,163,0,0,0,0,0,0,19569
8673,L55852,L,297.5,308.8,1312,50.3,159,0,0,0,0,0,0,55852
7415,L54594,L,300.1,311.1,1619,33.4,186,0,0,0,0,0,0,54594
687,M15546,M,297.7,309.0,1504,40.4,35,0,0,0,0,0,0,15546
7742,L54921,L,300.5,312.0,1478,39.0,153,0,0,0,0,0,0,54921
7272,M22131,M,300.3,310.4,1293,49.7,37,0,0,0,0,0,0,22131
1158,L48337,L,297.0,307.8,1583,37.2,189,0,0,0,0,0,0,48337
2014,L49193,L,298.6,308.4,1485,42.9,38,0,0,0,0,0,0,49193
1265,M16124,M,297.8,309.3,2243,15.7,36,0,0,0,0,0,0,16124
1127,L48306,L,296.8,307.9,1706,30.8,111,0,0,0,0,0,0,48306
156,H29569,H,298.4,308.2,1987,19.8,198,0,0,0,0,0,0,29569
1281,H30694,H,298.3,309.5,1521,37.1,84,0,0,0,0,0,0,30694
469,L47648,L,297.3,308.7,1619,31.6,129,0,0,0,0,0,0,47648
7008,L54187,L,300.5,310.6,1499,45.2,8,0,0,0,0,0,0,54187
2435,M17294,M,299.0,308.2,1358,42.7,50,0,0,0,0,0,0,17294
9720,L56899,L,298.9,309.9,1309,56.2,119,0,0,0,0,0,0,56899
4304,L51483,L,301.7,310.2,1435,48.1,12,0,0,0,0,0,0,51483
9824,M24683,M,298.5,309.3,1488,43.7,189,0,0,0,0,0,0,24683
4962,L52141,L,303.9,312.7,1800,24.3,158,0,0,0,0,0,0,52141
5865,M20724,M,301.4,311.0,1486,36.5,91,0,0,0,0,0,0,20724
5603,L52782,L,302.9,312.1,1334,54.7,88,0,0,0,0,0,0,52782
310,M15169,M,297.9,308.5,1449,40.8,157,0,0,0,0,0,0,15169
5176,L52355,L,304.2,313.4,1740,23.7,86,0,0,0,0,0,0,52355
5969,L53148,L,300.4,310.8,1348,56.0,146,0,0,0,0,0,0,53148
886,L48065,L,295.7,306.2,1397,52.0,101,0,0,0,0,0,0,48065
7722,L54901,L,300.5,311.6,1425,42.4,102,0,0,0,0,0,0,54901
6414,L53593,L,300.4,310.1,1614,33.5,191,0,0,0,0,0,0,53593
2274,L49453,L,299.3,308.5,1589,32.7,74,0,0,0,0,0,0,49453
5018,L52197,L,303.9,313.0,1483,45.0,78,0,0,0,0,0,0,52197
1738,L48917,L,298.4,307.9,1743,27.3,134,0,0,0,0,0,0,48917
7933,L55112,L,300.7,311.8,1478,41.9,207,0,0,0,0,0,0,55112
5570,L52749,L,302.4,312.0,1508,36.9,5,0,0,0,0,0,0,52749
4897,M19756,M,303.7,312.4,1642,32.3,206,0,0,0,0,0,0,19756
906,L48085,L,295.6,306.1,1474,41.2,156,0,0,0,0,0,0,48085
224,L47403,L,298.4,308.6,1569,34.4,160,0,0,0,0,0,0,47403
1066,L48245,L,296.8,307.9,1718,25.2,148,0,0,0,0,0,0,48245
6384,H35797,H,300.2,309.7,1483,43.8,108,0,0,0,0,0,0,35797
5902,L53081,L,301.0,310.7,1464,45.8,184,0,0,0,0,0,0,53081
5416,M20275,M,302.6,312.4,1410,50.3,33,0,0,0,0,0,0,20275
5286,L52465,L,303.8,313.1,1523,39.8,150,0,0,0,0,0,0,52465
9962,L57141,L,298.2,307.9,1399,54.9,139,0,0,0,0,0,0,57141
2967,L50146,L,300.6,309.3,1601,40.2,69,0,0,0,0,0,0,50146
4154,M19013,M,302.0,310.4,1212,55.6,79,0,1,0,0,0,1,19013
1901,H31314,H,297.9,307.6,1493,36.0,161,0,0,0,0,0,0,31314
8996,L56175,L,297.2,308.0,1474,43.7,162,0,0,0,0,0,0,56175
9211,M24070,M,297.9,309.0,2456,13.9,82,0,0,0,0,0,0,24070
6458,L53637,L,300.7,310.0,1395,48.0,85,0,0,0,0,0,0,53637
1704,M16563,M,298.1,307.8,1636,36.7,51,0,0,0,0,0,0,16563
8140,L55319,L,299.5,310.8,1571,38.2,74,0,0,0,0,0,0,55319
5936,L53115,L,300.5,310.5,1646,34.5,63,0,0,0,0,0,0,53115
7583,H36996,H,300.4,311.2,1489,45.3,180,0,0,0,0,0,0,36996
4431,H33844,H,302.3,310.1,1688,30.4,115,0,0,0,0,0,0,33844
9618,L56797,L,299.0,310.2,1516,35.3,102,0,0,0,0,0,0,56797
4948,L52127,L,303.7,312.7,1395,53.9,123,0,0,0,0,0,0,52127
9434,M24293,M,298.0,308.7,1430,51.9,47,0,0,0,0,0,0,24293
2806,L49985,L,300.0,309.4,1460,43.5,102,0,0,0,0,0,0,49985
3028,L50207,L,300.5,309.5,1777,23.6,0,0,0,0,0,0,0,50207
7488,L54667,L,300.3,311.7,1707,33.6,158,0,0,0,0,0,0,54667
9462,M24321,M,298.4,309.2,1414,46.4,128,0,0,0,0,0,0,24321
7278,L54457,L,300.1,310.2,1475,54.2,53,0,0,0,0,0,0,54457
468,L47647,L,297.2,308.5,2182,16.5,127,0,0,0,0,0,0,47647
8522,L55701,L,298.4,309.5,1376,50.4,202,0,0,0,0,0,0,55701
2037,L49216,L,299.0,308.7,1892,22.8,96,0,0,0,0,0,0,49216
2308,H31721,H,299.0,308.5,1623,33.5,154,0,0,0,0,0,0,31721
3430,H32843,H,301.5,310.5,1551,34.3,166,0,0,0,0,0,0,32843
6104,L53283,L,300.8,310.8,1407,45.1,51,0,0,0,0,0,0,53283
741,M15600,M,296.9,308.4,1450,46.9,186,0,0,0,0,0,0,15600
7870,M22729,M,300.5,312.0,1779,27.7,46,0,0,0,0,0,0,22729
8657,M23516,M,297.3,308.3,1697,27.4,121,0,0,0,0,0,0,23516
7756,M22615,M,300.4,311.8,1362,47.6,188,0,0,0,0,0,0,22615
6279,L53458,L,301.2,310.7,1568,38.3,49,0,0,0,0,0,0,53458
4146,M19005,M,301.8,310.3,1465,46.5,60,0,0,0,0,0,0,19005
9286,M24145,M,298.2,309.0,1410,47.6,76,0,0,0,0,0,0,24145
4748,L51927,L,303.3,311.2,1763,27.3,27,0,0,0,0,0,0,51927
4252,H33665,H,302.5,310.9,1356,55.5,101,0,1,0,0,0,1,33665
1588,M16447,M,298.2,308.3,1448,43.3,199,0,0,0,0,0,0,16447
3609,M18468,M,301.7,310.8,1954,21.6,198,0,0,0,0,0,0,18468
8226,L55405,L,299.1,310.5,1532,36.6,62,0,0,0,0,0,0,55405
2096,L49275,L,299.4,309.3,1525,41.5,30,0,0,0,0,0,0,49275
191,L47370,L,298.2,308.4,1477,49.9,72,0,0,0,0,0,0,47370
8311,L55490,L,298.7,309.9,1465,39.7,72,0,0,0,0,0,0,55490
2571,L49750,L,299.6,309.2,1713,26.5,167,0,0,0,0,0,0,49750
2894,M17753,M,300.7,309.6,1568,35.2,82,0,0,0,0,0,0,17753
8826,M23685,M,297.3,308.8,1548,41.3,140,0,0,0,0,0,0,23685
7320,L54499,L,299.8,310.2,1654,32.7,159,0,0,0,0,0,0,54499
585,H29998,H,297.6,309.6,1419,48.2,215,0,0,0,0,0,0,29998
3168,L50347,L,300.4,309.7,1384,45.1,159,0,0,0,0,0,0,50347
2243,L49422,L,299.2,308.4,1667,29.0,199,0,0,0,0,0,0,49422
4444,L51623,L,302.5,310.3,1405,57.4,152,0,0,0,0,0,0,51623
7430,L54609,L,300.0,311.4,1590,33.6,5,0,0,0,0,0,0,54609
6544,L53723,L,301.4,310.8,1698,29.6,99,0,0,0,0,0,0,53723
7371,M22230,M,299.6,310.1,1455,46.1,76,0,0,0,0,0,0,22230
5830,M20689,M,301.2,311.1,1574,34.3,4,0,0,0,0,0,0,20689
8126,L55305,L,300.2,311.4,1452,47.8,34,0,0,0,0,0,0,55305
4789,H34202,H,303.7,312.6,1514,35.5,138,0,0,0,0,0,0,34202
7147,L54326,L,300.4,309.9,1496,31.8,154,0,0,0,0,0,0,54326
1548,L48727,L,298.3,308.9,1348,55.5,102,0,0,0,0,0,0,48727
474,M15333,M,297.4,309.0,1520,37.0,147,0,0,0,0,0,0,15333
1681,M16540,M,297.9,307.4,1610,34.6,219,0,0,0,0,0,0,16540
4960,L52139,L,303.8,312.6,1735,25.9,154,0,0,0,0,0,0,52139
8255,M23114,M,299.0,310.4,1625,37.1,131,0,0,0,0,0,0,23114
9975,L57154,L,298.6,308.2,1361,68.2,172,0,0,1,1,0,1,57154
3953,L51132,L,302.3,311.4,1476,37.3,20,0,0,0,0,0,0,51132
5512,L52691,L,302.8,312.1,1958,20.3,56,0,0,0,0,0,0,52691
5851,L53030,L,301.3,311.1,1560,35.3,55,0,0,0,0,0,0,53030
728,H30141,H,297.3,308.6,1499,37.6,147,0,0,0,0,0,0,30141
3535,M18394,M,302.0,311.1,1769,26.0,10,0,0,0,0,0,0,18394
7505,L54684,L,300.4,311.8,1589,42.0,201,0,0,0,0,0,0,54684
6536,H35949,H,301.2,310.5,1505,43.6,78,0,0,0,0,0,0,35949
6978,L54157,L,300.7,311.1,2377,14.3,135,0,0,0,0,0,0,54157
2515,L49694,L,298.9,308.6,2069,18.7,27,0,0,0,0,0,0,49694
6989,L54168,L,300.7,311.1,1478,46.8,165,0,0,0,0,0,0,54168
3427,L50606,L,301.5,310.5,1380,48.7,160,0,0,0,0,0,0,50606
8242,M23101,M,298.9,310.2,2099,20.0,98,0,0,0,0,0,0,23101
4053,M18912,M,301.9,310.8,1563,39.2,39,0,0,0,0,0,0,18912
8392,L55571,L,298.6,309.6,1423,42.7,82,0,0,0,0,0,0,55571
7127,M21986,M,300.6,310.0,1542,33.9,100,0,0,0,0,0,0,21986
4870,L52049,L,303.7,312.4,1718,26.5,130,0,0,0,0,0,0,52049
1809,L48988,L,298.1,307.7,2567,12.8,125,0,0,1,0,0,1,48988
1549,M16408,M,298.3,308.8,1349,52.1,104,0,0,0,0,0,0,16408
8188,L55367,L,299.6,310.9,1448,46.3,196,0,0,0,0,0,0,55367
6784,L53963,L,301.3,310.8,1450,46.9,59,0,0,0,0,0,0,53963
4510,L51689,L,302.4,310.1,1429,43.7,104,0,0,0,0,0,0,51689
4270,L51449,L,302.6,311.0,1610,39.2,152,0,0,0,0,0,0,51449
5487,L52666,L,302.6,312.2,1520,43.0,208,0,0,0,0,0,0,52666
630,L47809,L,298.3,310.1,1523,45.9,99,0,0,0,0,0,0,47809
6726,M21585,M,301.5,310.7,1359,47.1,115,0,0,0,0,0,0,21585
1310,L48489,L,298.9,310.2,1654,31.1,158,0,0,0,0,0,0,48489
5552,H34965,H,302.4,311.9,1366,47.3,162,0,0,0,0,0,0,34965
8447,L55626,L,298.5,309.9,1482,42.1,15,0,0,0,0,0,0,55626
55,L47234,L,298.7,309.0,1691,30.1,154,0,0,0,0,0,0,47234
4130,M18989,M,301.8,310.3,1666,32.7,19,0,0,0,0,0,0,18989
476,L47655,L,297.4,309.1,1380,41.1,152,0,0,0,0,0,0,47655
3200,H32613,H,300.1,309.1,1560,35.4,14,0,0,0,0,0,0,32613
5810,H35223,H,301.3,311.0,1580,36.6,184,0,0,0,0,0,0,35223
362,L47541,L,297.5,308.3,1596,36.8,77,0,0,0,0,0,0,47541
1405,M16264,M,298.9,310.1,1555,40.6,176,0,0,0,0,0,0,16264
5260,L52439,L,303.5,312.9,1544,36.9,87,0,0,0,0,0,0,52439
1431,L48610,L,298.9,310.0,1378,49.3,18,0,0,0,0,0,0,48610
9575,H38988,H,299.7,310.8,1418,46.6,197,0,0,0,0,0,0,38988
5360,M20219,M,303.3,312.6,1397,47.1,137,0,0,0,0,0,0,20219
118,L47297,L,298.8,308.6,1599,33.0,101,0,0,0,0,0,0,47297
1018,L48197,L,296.3,307.2,1637,31.6,27,0,0,0,0,0,0,48197
4537,L51716,L,302.4,310.2,1351,45.1,168,0,1,0,0,0,1,51716
5633,L52812,L,302.7,312.2,1376,52.8,164,0,0,0,0,0,0,52812
1677,H31090,H,297.9,307.6,1418,43.0,207,0,0,0,0,0,0,31090
7513,M22372,M,300.5,311.8,1636,34.4,2,0,0,0,0,0,0,22372
3979,L51158,L,302.2,311.3,1382,46.4,94,0,0,0,0,0,0,51158
3234,H32647,H,300.8,309.4,1474,40.7,104,0,0,0,0,0,0,32647
622,L47801,L,298.3,310.1,1408,45.3,78,0,0,0,0,0,0,47801
7798,L54977,L,300.0,311.4,1476,39.0,92,0,0,0,0,0,0,54977
6428,L53607,L,300.2,309.8,1418,49.3,16,0,0,0,0,0,0,53607
4944,H34357,H,303.6,312.6,1436,42.0,110,0,0,0,0,0,0,34357
6793,L53972,L,301.2,310.6,1811,24.0,84,0,0,0,0,0,0,53972
7154,L54333,L,300.2,310.0,1493,47.3,172,0,0,0,0,0,0,54333
1087,L48266,L,297.0,307.9,1455,49.0,204,0,0,0,0,0,0,48266
4407,L51586,L,302.5,310.3,1326,58.5,55,0,1,0,0,0,1,51586
3314,L50493,L,301.4,310.4,1737,31.9,96,0,0,0,0,0,0,50493
9693,M24552,M,299.0,310.0,1667,30.0,53,0,0,0,0,0,0,24552
3655,L50834,L,302.1,311.4,1603,35.9,104,0,0,0,0,0,0,50834
9021,L56200,L,297.3,308.2,1553,33.5,2,0,0,0,0,0,0,56200
9805,L56984,L,298.4,309.1,1467,42.5,139,0,0,0,0,0,0,56984
7502,L54681,L,300.2,311.7,1640,30.8,191,0,0,0,0,0,0,54681
7747,M22606,M,300.4,311.7,1508,45.4,164,0,0,0,0,0,0,22606
8527,L55706,L,298.3,309.3,1401,51.9,14,0,0,0,0,0,0,55706
6103,L53282,L,300.7,310.7,1442,43.2,49,0,0,0,0,0,0,53282
1894,L49073,L,297.8,307.5,1631,29.9,144,0,0,0,0,0,0,49073
9997,H39410,H,298.9,308.4,1632,31.8,17,0,0,0,0,0,0,39410
1088,H30501,H,296.9,307.8,1549,35.8,206,1,0,0,0,0,1,30501
6664,L53843,L,301.3,310.4,1504,47.2,193,0,0,0,0,0,0,53843
6670,L53849,L,301.4,310.5,1571,33.9,208,0,0,0,0,0,0,53849
7292,L54471,L,300.2,310.5,1416,46.7,90,0,0,0,0,0,0,54471
5984,H35397,H,300.8,310.8,1466,45.2,188,0,0,0,0,0,0,35397
214,L47393,L,298.4,308.7,1386,44.9,135,0,0,0,0,0,0,47393
9915,L57094,L,298.5,308.8,1670,29.6,13,0,0,0,0,0,0,57094
5964,H35377,H,300.4,310.7,1656,36.3,127,0,0,0,0,0,0,35377
9785,M24644,M,298.7,309.8,1435,48.8,71,0,0,0,0,0,0,24644
3800,L50979,L,302.2,310.9,1506,34.0,49,0,0,0,0,0,0,50979
4557,M19416,M,302.7,310.6,1349,51.2,6,0,1,0,0,0,1,19416
1839,M16698,M,297.8,307.2,1456,39.6,199,0,0,0,0,0,0,16698
5345,L52524,L,303.4,312.8,1360,50.8,94,0,0,0,0,0,0,52524
8389,L55568,L,298.9,309.9,1365,46.5,75,0,0,0,0,0,0,55568
8720,L55899,L,297.2,308.8,1451,43.1,68,0,0,0,0,0,0,55899
9046,L56225,L,297.4,308.4,1603,34.6,65,0,0,0,0,0,0,56225
1022,M15881,M,296.3,307.2,1454,42.5,35,0,0,0,0,0,0,15881
1028,M15887,M,296.3,307.4,1335,50.5,48,0,0,0,0,0,0,15887
9667,M24526,M,299.1,310.3,1838,24.0,235,0,0,0,0,0,0,24526
6740,L53919,L,301.7,311.2,1482,43.6,154,0,0,0,0,0,0,53919
1919,M16778,M,298.1,307.9,1496,40.0,0,0,0,0,0,0,0,16778
7893,M22752,M,300.9,312.6,1555,40.6,109,0,0,0,0,0,0,22752
3671,L50850,L,302.3,311.7,1701,27.5,145,0,0,0,0,0,0,50850
9336,L56515,L,298.4,308.9,1501,50.0,203,0,0,0,0,0,0,56515
3792,L50971,L,302.3,311.0,1528,43.1,30,0,0,0,0,0,0,50971
2001,L49180,L,298.4,308.1,1279,53.1,9,0,0,0,0,0,0,49180
6369,M21228,M,300.0,309.6,1423,48.7,67,0,0,0,0,0,0,21228
6052,L53231,L,300.9,311.0,1382,51.2,136,0,0,0,0,0,0,53231
199,L47378,L,298.4,308.7,1588,35.0,99,0,0,0,0,0,0,47378
8966,L56145,L,297.1,307.9,1496,44.7,88,0,0,0,0,0,0,56145
6618,L53797,L,301.6,310.6,1321,60.8,73,0,0,0,0,0,0,53797
8153,L55332,L,299.5,310.7,1438,45.7,106,0,0,0,0,0,0,55332
9956,M24815,M,298.2,307.9,1462,38.8,124,0,0,0,0,0,0,24815
7730,H37143,H,300.7,311.9,1329,59.2,121,0,0,0,0,0,0,37143
3063,L50242,L,299.9,309.0,1553,40.0,88,0,0,0,0,0,0,50242
391,L47570,L,297.6,308.7,1460,46.7,150,0,0,0,0,0,0,47570
1818,L48997,L,298.1,307.7,1664,27.6,145,0,0,0,0,0,0,48997
2374,L49553,L,299.2,308.4,1350,51.3,96,0,0,0,0,0,0,49553
2842,L50021,L,300.3,309.4,1705,29.4,190,0,0,0,0,0,0,50021
1600,L48779,L,297.9,308.0,1490,46.2,6,0,0,0,0,0,0,48779
8606,L55785,L,297.5,308.4,1633,33.3,213,0,0,0,0,0,0,55785
3555,L50734,L,301.9,310.8,1525,43.2,62,0,0,0,0,0,0,50734
4072,L51251,L,301.9,310.6,1331,68.6,85,0,0,1,0,0,1,51251
7159,L54338,L,300.2,310.0,1389,53.6,184,0,0,0,0,0,0,54338
316,L47495,L,297.9,308.4,1646,40.6,175,0,0,0,0,0,0,47495
9850,L57029,L,298.6,309.4,2312,15.5,44,0,0,0,0,0,0,57029
1489,L48668,L,298.2,309.1,1568,36.3,166,0,0,0,0,0,0,48668
4915,M19774,M,303.5,312.3,1532,41.7,32,0,0,0,0,0,0,19774
548,M15407,M,297.5,309.4,1482,39.3,112,0,0,0,0,0,0,15407
2285,L49464,L,299.2,308.5,1378,53.4,100,0,0,0,0,0,0,49464
1141,M16000,M,296.9,307.9,1385,44.8,144,0,0,0,0,0,0,16000
5485,M20344,M,302.5,312.0,1826,25.3,203,0,0,0,0,0,0,20344
1789,L48968,L,298.3,308.0,1442,47.3,65,0,0,0,0,0,0,48968
2394,L49573,L,299.2,308.5,1544,41.6,146,0,0,0,0,0,0,49573
5178,H34591,H,304.0,313.1,1388,53.2,91,0,0,0,0,0,0,34591
8670,M23529,M,297.5,308.8,1471,52.3,152,0,0,0,0,0,0,23529
1189,L48368,L,297.3,308.4,1339,52.1,36,0,0,0,0,0,0,48368
4782,L51961,L,303.7,312.3,1384,45.9,121,0,0,0,0,0,0,51961
7128,L54307,L,300.6,310.0,1438,53.8,103,0,0,0,0,0,0,54307
5994,M20853,M,300.7,310.6,1407,42.4,218,0,0,0,0,0,0,20853
5247,L52426,L,303.5,313.0,1465,41.0,56,0,0,0,0,0,0,52426
5555,M20414,M,302.5,312.0,1521,40.2,174,0,0,0,0,0,0,20414
3816,L50995,L,302.2,310.7,1769,24.9,91,0,0,0,0,0,0,50995
2211,L49390,L,299.7,309.2,1401,54.1,118,0,0,0,0,0,0,49390
6958,L54137,L,300.7,311.1,1324,52.2,85,0,0,0,0,0,0,54137
8936,L56115,L,297.4,308.3,1801,26.9,11,0,0,0,0,0,0,56115
7034,M21893,M,300.7,310.8,1469,46.4,75,0,0,0,0,0,0,21893
5883,L53062,L,301.4,311.1,1469,36.9,133,0,0,0,0,0,0,53062
4921,L52100,L,303.4,312.2,1337,69.4,52,0,0,1,0,0,1,52100
4008,L51187,L,302.1,311.2,1369,50.8,164,0,0,0,0,0,0,51187
461,H29874,H,297.3,308.6,1431,42.0,109,0,0,0,0,0,0,29874
3064,L50243,L,300.0,309.1,1431,45.4,90,0,0,0,0,0,0,50243
8337,L55516,L,298.9,309.7,1449,48.8,147,0,0,0,0,0,0,55516
3486,L50665,L,301.9,310.8,1427,47.7,92,0,0,0,0,0,0,50665
5585,L52764,L,302.4,311.9,1578,29.9,44,0,0,0,0,0,0,52764
9612,L56791,L,299.0,310.2,1432,42.2,87,0,0,0,0,0,0,56791
2572,M17431,M,299.5,309.2,1497,40.9,169,0,0,0,0,0,0,17431
2181,H31594,H,299.6,309.2,1597,36.3,35,0,0,0,0,0,0,31594
6772,M21631,M,301.2,310.7,1962,22.5,28,0,0,0,0,0,0,21631
7978,L55157,L,301.2,312.4,1378,59.0,95,0,0,0,0,0,0,55157
5177,M20036,M,304.0,313.3,1844,27.1,88,0,0,0,0,0,0,20036
3185,L50364,L,300.1,309.3,1654,31.0,201,0,0,0,0,0,0,50364
5635,M20494,M,302.6,312.2,1353,56.5,168,0,0,0,0,0,0,20494
6533,H35946,H,301.2,310.6,1352,52.0,69,0,0,0,0,0,0,35946
3443,M18302,M,301.4,310.5,1495,52.5,201,0,0,0,0,0,0,18302
7090,L54269,L,300.6,310.2,1622,34.1,3,0,0,0,0,0,0,54269
8049,L55228,L,300.6,311.9,1413,41.3,43,0,0,0,0,0,0,55228
9604,M24463,M,298.9,310.1,1549,40.2,65,0,0,0,0,0,0,24463
5764,H35177,H,301.8,311.2,1451,39.4,70,0,0,0,0,0,0,35177
1719,M16578,M,298.2,307.7,1681,31.0,84,0,0,0,0,0,0,16578
5265,L52444,L,303.4,312.8,1376,53.4,98,0,0,0,0,0,0,52444
818,L47997,L,296.8,307.6,1368,52.0,140,0,0,0,0,0,0,47997
67,M14926,M,298.9,308.9,1679,28.7,181,0,0,0,0,0,0,14926
4558,L51737,L,302.7,310.6,1686,26.3,9,0,0,0,0,0,0,51737
8211,H37624,H,299.2,310.7,1636,29.4,23,0,0,0,0,0,0,37624
7037,L54216,L,300.7,310.6,1540,52.7,85,0,0,0,0,0,0,54216
2495,L49674,L,299.1,308.8,1329,53.6,207,0,0,0,1,0,1,49674
53,H29466,H,298.8,309.0,1497,43.8,147,0,0,0,0,0,0,29466
3071,L50250,L,300.0,309.1,1631,28.3,110,0,0,0,0,0,0,50250
6470,M21329,M,300.4,309.6,1521,35.0,119,0,0,0,0,0,0,21329
8488,L55667,L,298.4,309.4,1392,50.1,117,0,0,0,0,0,0,55667
5280,L52459,L,303.6,313.0,1522,35.8,133,0,0,0,0,0,0,52459
478,H29891,H,297.4,309.0,1468,41.4,156,0,0,0,0,0,0,29891
5725,L52904,L,302.3,311.8,1433,50.3,183,0,0,0,0,0,0,52904
1942,L49121,L,298.1,307.9,1425,58.2,57,0,0,0,0,0,0,49121
2309,L49488,L,299.1,308.5,1371,55.5,159,0,0,0,0,0,0,49488
5991,M20850,M,300.7,310.7,1343,51.6,211,0,0,0,0,0,0,20850
2507,M17366,M,299.2,309.1,1503,34.7,6,0,0,0,0,0,0,17366
9149,L56328,L,297.6,308.6,1393,40.4,127,0,0,0,0,0,0,56328
4598,M19457,M,303.0,311.1,1490,43.0,108,0,0,0,0,0,0,19457
220,M15079,M,298.3,308.5,1434,46.2,148,0,0,0,0,0,0,15079
4563,L51742,L,302.7,310.7,1398,57.7,19,0,0,0,0,0,0,51742
1081,L48260,L,297.0,307.8,1774,28.0,188,0,0,0,0,0,0,48260
667,L47846,L,297.5,309.0,1470,43.5,191,0,0,0,0,0,0,47846
1931,M16790,M,298.1,307.9,1569,37.0,29,0,0,0,0,0,0,16790
693,L47872,L,297.7,309.1,1479,42.1,58,0,0,0,0,0,0,47872
7144,H36557,H,300.3,309.7,1582,30.8,144,0,0,0,0,0,0,36557
767,L47946,L,296.8,308.0,1561,38.3,9,0,0,0,0,0,0,47946
5819,L52998,L,301.3,311.0,1539,36.9,206,0,0,0,0,0,0,52998
1974,L49153,L,297.9,307.6,1747,25.3,136,0,0,0,0,0,0,49153
6503,L53682,L,300.9,310.0,2595,13.7,207,0,0,0,0,0,0,53682
4746,H34159,H,303.2,311.2,1475,43.1,20,0,0,0,0,0,0,34159
371,M15230,M,297.5,308.3,1622,37.2,103,0,0,0,0,0,0,15230
4732,L51911,L,303.3,311.6,1301,45.1,219,0,1,0,0,0,1,51911
6645,L53824,L,301.5,310.6,1565,43.9,142,0,0,0,0,0,0,53824
5558,M20417,M,302.5,312.0,1436,43.5,184,0,0,0,0,0,0,20417
9042,L56221,L,297.3,308.3,1309,61.5,56,0,0,0,0,0,0,56221
5965,H35378,H,300.5,310.8,1631,30.5,132,0,0,0,0,0,0,35378
9508,L56687,L,299.3,310.5,1505,38.8,30,0,0,0,0,0,0,56687
6335,M21194,M,300.4,309.8,1725,30.4,195,0,0,0,0,0,0,21194
6105,M20964,M,300.8,310.8,1461,41.3,53,0,0,0,0,0,0,20964
8564,L55743,L,298.0,308.9,1500,36.7,104,0,0,0,0,0,0,55743
5440,L52619,L,303.0,312.5,1626,30.5,87,0,0,0,0,0,0,52619
1411,M16270,M,298.9,310.1,1469,53.2,189,0,0,0,0,0,0,16270
8232,L55411,L,299.1,310.5,1419,48.8,76,0,0,0,0,0,0,55411
8284,H37697,H,298.9,310.6,1615,33.0,221,0,0,0,0,0,0,37697
7972,L55151,L,301.0,312.1,1405,46.1,79,0,0,0,0,0,0,55151
9757,L56936,L,298.6,309.8,1597,35.9,213,0,0,0,0,0,0,56936
1731,M16590,M,298.3,307.8,1330,55.4,114,0,0,0,0,0,0,16590
5190,M20049,M,304.1,313.2,1427,46.9,123,0,0,0,0,0,0,20049
8264,H37677,H,299.2,310.6,1704,30.6,160,0,0,0,0,0,0,37677
3348,L50527,L,301.3,310.6,1529,41.8,176,0,0,0,0,0,0,50527
2502,M17361,M,299.1,308.9,1476,42.7,225,0,0,0,0,0,0,17361
1359,M16218,M,298.7,310.1,1693,31.9,51,0,0,0,0,0,0,16218
663,M15522,M,297.6,308.9,1479,38.1,182,0,0,0,0,0,0,15522
3069,H32482,H,300.0,309.0,1622,31.8,103,0,0,0,0,0,0,32482
8949,M23808,M,297.4,308.3,1483,41.9,47,0,0,0,0,0,0,23808
1387,L48566,L,298.9,310.2,1445,40.0,129,0,0,0,0,0,0,48566
4770,H34183,H,303.6,311.9,1544,37.1,88,0,0,0,0,0,0,34183
1001,L48180,L,296.3,307.1,1654,29.6,188,0,0,0,0,0,0,48180
9664,L56843,L,299.1,310.1,1435,48.8,229,0,0,0,1,0,1,56843
5545,L52724,L,302.2,311.7,1471,45.6,140,0,0,0,0,0,0,52724
470,M15329,M,297.3,308.8,1586,32.7,131,0,0,0,0,0,0,15329
2114,L49293,L,299.5,309.1,1863,22.5,79,0,0,0,0,0,0,49293
3741,L50920,L,302.3,311.2,1401,49.7,118,0,0,0,0,0,0,50920
1059,L48238,L,296.7,307.8,1605,31.3,128,0,0,0,0,0,0,48238
4692,L51871,L,303.5,311.5,1535,33.3,120,0,0,0,0,0,0,51871
6738,M21597,M,301.7,311.0,1537,33.5,146,0,0,0,0,0,0,21597
1454,L48633,L,299.1,310.4,1450,40.9,85,0,0,0,0,0,0,48633
2755,H32168,H,299.6,309.1,1630,32.3,194,0,0,0,0,0,0,32168
4840,H34253,H,303.4,311.9,1402,50.0,54,0,0,0,0,0,0,34253
4614,L51793,L,303.1,311.3,1403,55.6,150,0,0,0,0,0,0,51793
3228,M18087,M,300.5,309.3,1589,34.9,91,0,0,0,0,0,0,18087
8509,M23368,M,298.4,309.7,1679,33.3,167,0,0,0,0,0,0,23368
6427,L53606,L,300.2,309.7,1448,36.8,14,0,0,0,0,0,0,53606
4402,H33815,H,302.2,310.0,1468,43.6,38,0,0,0,0,0,0,33815
6655,L53834,L,301.4,310.3,2203,16.6,169,0,0,0,0,0,0,53834
5516,H34929,H,302.7,312.0,1484,41.5,65,0,0,0,0,0,0,34929
2404,H31817,H,299.2,308.7,1448,51.4,173,0,0,0,0,0,0,31817
7914,L55093,L,300.7,312.1,1395,41.9,157,0,0,0,0,0,0,55093
5886,L53065,L,301.3,311.1,1647,28.2,140,0,0,0,0,0,0,53065
7468,H36881,H,300.3,311.6,1463,41.6,102,0,0,0,0,0,0,36881
5285,M20144,M,303.8,313.2,1732,29.6,147,0,0,0,0,0,0,20144
5474,L52653,L,302.7,312.2,1369,51.8,174,0,0,0,0,0,0,52653
8093,M22952,M,300.2,311.6,1513,40.8,157,0,0,0,0,0,0,22952
6323,M21182,M,300.7,310.1,1483,40.2,162,0,0,0,0,0,0,21182
4113,H33526,H,301.9,310.5,1472,39.7,187,0,0,0,0,0,0,33526
9499,H38912,H,299.2,310.1,1542,36.1,5,0,0,0,0,0,0,38912
6169,M21028,M,300.7,310.6,1778,27.1,215,0,0,0,0,0,0,21028
6447,M21306,M,300.7,310.3,1471,40.2,59,0,0,0,0,0,0,21306
7395,L54574,L,299.7,310.6,1479,38.0,137,0,0,0,0,0,0,54574
8535,M23394,M,298.6,309.5,1404,43.3,33,0,0,0,0,0,0,23394
5985,H35398,H,300.7,310.8,1346,52.0,193,0,0,0,0,0,0,35398
5708,L52887,L,302.4,311.8,1448,43.4,141,0,0,0,0,0,0,52887
6843,L54022,L,301.2,311.2,1635,29.6,211,0,0,0,0,0,0,54022
566,H29979,H,297.7,309.7,1570,35.8,160,0,0,0,0,0,0,29979
6042,M20901,M,300.7,311.0,1418,49.3,106,0,0,0,0,0,0,20901
4000,L51179,L,302.0,311.0,1420,45.9,144,0,0,0,0,0,0,51179
5517,L52696,L,302.6,312.0,1674,32.2,70,0,0,0,0,0,0,52696
1578,L48757,L,298.3,308.4,1484,43.4,172,0,0,0,0,0,0,48757
7235,M22094,M,299.8,310.0,1397,48.1,164,0,0,0,0,0,0,22094
6701,H36114,H,301.6,310.9,1419,50.2,51,0,0,0,0,0,0,36114
2717,L49896,L,299.5,309.0,1498,44.6,101,0,0,0,0,0,0,49896
3856,H33269,H,302.4,311.1,1578,32.3,196,0,0,0,0,0,0,33269
3344,M18203,M,301.5,310.8,1628,36.4,167,0,0,0,0,0,0,18203
4879,L52058,L,303.7,312.4,1348,51.0,152,0,0,0,0,0,0,52058
3080,L50259,L,300.1,309.3,1340,56.0,130,0,0,0,0,0,0,50259
283,M15142,M,298.1,308.1,1390,49.8,85,0,0,0,0,0,0,15142
3560,M18419,M,301.7,310.7,1659,29.9,73,0,0,0,0,0,0,18419
6936,L54115,L,300.7,311.2,1878,24.3,24,0,0,0,0,0,0,54115
4204,M19063,M,302.3,310.9,1558,31.9,207,0,0,0,0,0,0,19063
3261,M18120,M,301.3,310.0,2068,17.8,176,0,0,0,0,0,0,18120
6546,M21405,M,301.4,310.8,1738,30.3,104,0,0,0,0,0,0,21405
9570,M24429,M,299.8,311.0,1948,20.0,185,0,0,0,0,0,0,24429
4004,L51183,L,302.1,311.2,1519,39.3,155,0,0,0,0,0,0,51183
2077,L49256,L,299.4,309.3,1544,36.0,197,0,0,0,0,0,0,49256
5848,L53027,L,301.4,311.3,1397,42.3,48,0,0,0,0,0,0,53027
4182,M19041,M,302.4,310.7,1521,40.4,152,0,0,0,0,0,0,19041
8898,M23757,M,297.3,308.7,1577,35.6,133,0,0,0,0,0,0,23757
31,M14890,M,299.1,309.5,1339,48.2,86,0,0,0,0,0,0,14890
64,M14923,M,298.9,309.0,1812,25.9,174,0,0,0,0,0,0,14923
9926,M24785,M,298.5,308.7,1367,47.3,47,0,0,0,0,0,0,24785
4804,L51983,L,303.6,312.5,1710,31.4,180,0,0,0,0,0,0,51983
8089,L55268,L,300.1,311.4,1356,45.7,149,0,0,0,0,0,0,55268
5938,M20797,M,300.6,310.5,1462,41.3,68,0,0,0,0,0,0,20797
7465,L54644,L,300.1,311.3,1535,42.3,92,0,0,0,0,0,0,54644
9798,M24657,M,298.4,309.2,1597,33.5,116,0,0,0,0,0,0,24657
681,M15540,M,297.8,309.1,1432,42.6,17,0,0,0,0,0,0,15540
1112,H30525,H,296.5,307.4,1432,49.2,64,0,0,0,0,0,0,30525
2692,L49871,L,300.0,309.6,1431,47.7,39,0,0,0,0,0,0,49871
3102,H32515,H,299.8,309.0,1467,37.3,193,0,0,0,0,0,0,32515
7826,M22685,M,299.9,311.2,1579,35.5,162,0,0,0,0,0,0,22685
2353,M17212,M,299.3,308.5,1422,45.4,37,0,0,0,0,0,0,17212
5182,L52361,L,304.0,313.1,1720,28.7,106,0,0,0,0,0,0,52361
1026,L48205,L,296.2,307.3,1475,37.0,44,0,0,0,0,0,0,48205
1223,L48402,L,297.0,308.3,1399,59.0,135,0,0,0,0,0,0,48402
7165,M22024,M,300.2,310.1,1474,44.0,198,0,0,0,0,0,0,22024
5099,L52278,L,304.2,313.4,1475,40.2,98,0,0,0,0,0,0,52278
9041,L56220,L,297.3,308.3,1550,37.0,54,0,0,0,0,0,0,56220
816,M15675,M,296.8,307.5,1516,36.7,135,0,0,0,0,0,0,15675
7571,H36984,H,300.2,311.0,1777,27.5,151,0,0,0,0,0,0,36984
3561,L50740,L,301.8,310.7,1680,32.4,76,0,0,0,0,0,0,50740
4406,L51585,L,302.4,310.2,1331,45.5,53,0,1,0,0,0,1,51585
4199,M19058,M,302.4,311.1,1432,44.5,195,0,0,0,0,0,0,19058
9863,M24722,M,298.8,309.7,1439,45.8,81,0,0,0,0,0,0,24722
6377,L53556,L,300.0,309.6,1694,28.7,94,0,0,0,0,0,0,53556
6434,L53613,L,300.3,309.9,1570,34.0,31,0,0,0,0,0,0,53613
4562,L51741,L,302.9,310.8,1610,32.2,17,0,0,0,0,0,0,51741
3280,L50459,L,301.2,309.9,1382,52.4,13,0,0,0,0,0,0,50459
9577,L56756,L,299.6,310.7,1922,23.3,205,1,0,0,0,0,1,56756
4442,L51621,L,302.5,310.2,1329,50.6,148,0,1,0,0,0,1,51621
5869,L53048,L,301.5,311.1,1731,27.9,101,0,0,0,0,0,0,53048
2914,L50093,L,300.7,309.6,1541,34.6,131,0,0,0,0,0,0,50093
7947,L55126,L,300.8,311.6,1516,35.6,14,0,0,0,0,0,0,55126
6627,L53806,L,301.6,310.6,1613,42.5,97,0,0,0,0,0,0,53806
9467,L56646,L,298.6,309.4,1471,48.0,141,0,0,0,0,0,0,56646
7411,L54590,L,299.9,311.0,1747,27.6,177,0,0,0,0,0,0,54590
7670,L54849,L,300.7,311.8,1336,58.4,189,0,0,0,1,0,1,54849
1299,M16158,M,298.7,309.8,1343,53.6,134,0,0,0,0,0,0,16158
160,L47339,L,298.4,308.2,1471,47.0,214,0,0,0,0,0,0,47339
8677,M23536,M,297.3,308.5,1520,42.4,171,0,0,0,0,0,0,23536
6689,L53868,L,301.7,311.0,1548,40.3,21,0,0,0,0,0,0,53868
5913,M20772,M,300.7,310.3,1659,29.8,6,0,0,0,0,0,0,20772
9799,L56978,L,298.5,309.3,1471,44.7,119,0,0,0,0,0,0,56978
217,L47396,L,298.3,308.6,1499,38.3,142,0,0,0,0,0,0,47396
3811,M18670,M,302.2,310.8,1562,38.1,78,0,0,0,0,0,0,18670
7209,L54388,L,299.8,309.7,1707,29.1,94,0,0,0,0,0,0,54388
5613,L52792,L,303.0,312.3,1486,42.4,112,0,0,0,0,0,0,52792
3957,M18816,M,302.3,311.4,1500,40.2,30,0,0,0,0,0,0,18816
9901,H39314,H,298.7,309.2,1449,42.3,182,0,0,0,0,0,0,39314
1639,L48818,L,297.9,307.8,1397,45.0,104,0,0,0,0,0,0,48818
1826,M16685,M,298.0,307.5,1784,27.8,163,0,0,0,0,0,0,16685
8436,M23295,M,298.7,310.0,1519,38.1,198,0,0,0,0,0,0,23295
9966,L57145,L,298.3,307.9,1703,28.9,147,0,0,0,0,0,0,57145
1611,L48790,L,297.8,307.8,1573,37.9,33,0,0,0,0,0,0,48790
6160,L53339,L,301.0,311.0,1399,58.0,190,0,0,0,1,0,1,53339
3075,L50254,L,300.1,309.2,1783,27.3,118,0,0,0,0,0,0,50254
7961,H37374,H,301.1,312.2,1491,42.6,52,0,0,0,0,0,0,37374
4138,L51317,L,301.7,310.1,1384,50.5,38,0,0,0,0,0,0,51317
6863,M21722,M,301.1,311.2,1384,49.4,48,0,0,0,0,0,0,21722
1367,M16226,M,298.7,310.1,1368,56.8,72,0,0,0,0,0,0,16226
1727,L48906,L,298.3,307.8,1906,22.1,104,0,0,0,0,0,0,48906
1978,M16837,M,298.1,307.7,1633,30.7,145,0,0,0,0,0,0,16837
9565,L56744,L,299.8,311.1,1820,24.9,174,0,0,0,0,0,0,56744
5899,L53078,L,301.0,310.7,1300,57.2,174,0,0,0,0,0,0,53078
9011,L56190,L,297.2,307.9,1441,40.0,195,0,0,0,0,0,0,56190
639,L47818,L,298.0,309.6,1536,37.3,120,0,0,0,0,0,0,47818
4864,M19723,M,303.6,312.3,1915,22.3,116,0,0,0,0,0,0,19723
8922,L56101,L,297.1,308.1,1633,33.3,192,0,0,0,0,0,0,56101
1030,M15889,M,296.2,307.3,1477,35.2,53,0,0,0,0,0,0,15889
4401,L51580,L,302.3,310.1,1353,50.9,36,0,1,0,0,0,1,51580
1289,M16148,M,298.5,309.6,1441,48.2,107,0,0,0,0,0,0,16148
4037,L51216,L,302.0,310.8,1445,49.1,2,0,0,0,0,0,0,51216
2837,M17696,M,300.3,309.1,1458,44.3,175,0,0,0,0,0,0,17696
7563,M22422,M,300.3,311.1,1350,58.7,130,0,0,0,0,0,0,22422
5443,L52622,L,303.1,312.7,1353,51.8,97,0,0,0,0,0,0,52622
6521,M21380,M,301.2,310.1,1666,34.9,37,0,0,0,0,0,0,21380
8478,H37891,H,298.5,309.6,1579,33.5,91,0,0,0,0,0,0,37891
4052,L51231,L,301.8,310.8,1383,46.4,37,0,0,0,0,0,0,51231
4669,H34082,H,303.3,311.4,1692,27.9,55,0,0,0,0,0,0,34082
1827,H31240,H,297.8,307.3,1516,40.1,166,0,0,0,0,0,0,31240
3021,L50200,L,300.4,309.6,1543,38.1,209,0,0,0,0,0,0,50200
600,H30013,H,297.7,309.7,1616,31.1,20,0,0,0,0,0,0,30013
796,L47975,L,296.9,307.8,1605,37.0,84,0,0,0,0,0,0,47975
6397,L53576,L,300.0,309.6,1526,46.4,150,0,0,0,0,0,0,53576
3238,M18097,M,300.9,309.5,1758,26.8,116,0,0,0,0,0,0,18097
1058,L48237,L,296.8,307.8,1573,36.4,126,0,0,0,0,0,0,48237
1000,L48179,L,296.3,307.1,1560,33.2,186,0,0,0,0,0,0,48179
4845,M19704,M,303.4,311.8,1316,50.9,69,0,1,0,0,0,1,19704
1643,H31056,H,298.0,307.8,1588,35.4,114,0,0,0,0,0,0,31056
7282,L54461,L,300.0,310.2,1675,29.7,64,0,0,0,0,0,0,54461
2470,L49649,L,299.0,308.7,1507,37.5,134,0,0,0,0,0,0,49649
6545,M21404,M,301.4,310.7,1470,46.5,101,0,0,0,0,0,0,21404
8265,M23124,M,299.1,310.6,1397,49.5,165,0,0,0,0,0,0,23124
4762,H34175,H,303.7,311.9,1332,52.7,66,0,1,0,0,0,1,34175
8775,M23634,M,297.6,308.7,1408,51.5,4,0,0,0,0,0,0,23634
2035,M16894,M,298.8,308.5,1425,47.4,90,0,0,0,0,0,0,16894
4534,M19393,M,302.4,310.3,1375,52.5,161,0,1,0,0,0,1,19393
5066,L52245,L,304.1,313.0,1566,37.2,7,0,0,0,0,0,0,52245
2277,L49456,L,299.3,308.7,1393,54.2,80,0,0,0,0,0,0,49456
8863,M23722,M,298.0,309.2,1558,41.7,35,0,0,0,0,0,0,23722
2546,M17405,M,299.2,309.0,1541,36.3,104,0,0,0,0,0,0,17405
9592,L56771,L,299.2,310.4,1570,37.3,37,0,0,0,0,0,0,56771
1193,M16052,M,297.2,308.3,1431,43.7,46,0,0,0,0,0,0,16052
725,L47904,L,297.5,308.9,1390,44.6,140,0,0,0,0,0,0,47904
7741,L54920,L,300.5,312.0,1453,45.1,151,0,0,0,0,0,0,54920
1064,M15923,M,296.8,307.8,1664,32.8,142,0,0,0,0,0,0,15923
1471,L48650,L,298.5,309.7,1437,42.6,120,0,0,0,0,0,0,48650
1816,M16675,M,298.1,307.6,1565,36.3,140,0,0,0,0,0,0,16675
9368,L56547,L,297.9,308.5,1472,45.1,70,0,0,0,0,0,0,56547
6844,L54023,L,301.3,311.3,1509,42.5,213,0,0,0,0,0,0,54023
9189,L56368,L,297.9,309.0,1502,40.2,30,0,0,0,0,0,0,56368
5626,L52805,L,302.7,312.1,1728,24.4,146,0,0,0,0,0,0,52805
363,H29776,H,297.6,308.3,1640,30.9,79,0,0,0,0,0,0,29776
4714,L51893,L,303.5,311.8,1451,45.2,173,0,0,0,0,0,0,51893
5892,L53071,L,301.4,311.0,1334,53.3,157,0,0,0,0,0,0,53071
5021,L52200,L,304.1,313.1,1556,36.3,86,0,0,0,0,0,0,52200
5387,L52566,L,302.9,312.2,1469,42.0,214,0,0,0,0,0,0,52566
2269,L49448,L,299.2,308.5,1438,46.6,63,0,0,0,0,0,0,49448
4049,L51228,L,301.9,311.0,2691,12.1,31,0,0,1,0,0,1,51228
368,M15227,M,297.6,308.4,1569,38.3,93,0,0,0,0,0,0,15227
7989,L55168,L,301.1,312.3,1486,34.9,122,0,0,0,0,0,0,55168
5530,M20389,M,302.4,311.8,1539,39.9,101,0,0,0,0,0,0,20389
2056,L49235,L,299.6,309.4,1643,32.9,145,0,0,0,0,0,0,49235
4505,L51684,L,302.4,310.1,1645,31.6,93,0,0,0,0,0,0,51684
9167,M24026,M,297.6,308.6,1390,53.4,175,0,0,0,0,0,0,24026
709,M15568,M,297.6,308.8,1416,45.9,101,0,0,0,0,0,0,15568
277,M15136,M,298.0,307.9,1750,26.6,67,0,0,0,0,0,0,15136
659,L47838,L,297.7,309.1,1562,36.8,172,0,0,0,0,0,0,47838
7697,H37110,H,300.6,311.5,1282,60.2,24,0,0,0,0,0,0,37110
424,L47603,L,297.3,308.3,1484,43.9,13,0,0,0,0,0,0,47603
3920,H33333,H,302.5,311.5,1655,32.3,142,0,0,0,0,0,0,33333
514,L47693,L,297.4,309.2,1428,38.8,26,0,0,0,0,0,0,47693
4675,L51854,L,303.4,311.5,1414,44.8,71,0,0,0,0,0,0,51854
1257,M16116,M,297.5,308.9,1535,37.7,12,0,0,0,0,0,0,16116
8549,L55728,L,298.5,309.4,1578,36.3,71,0,0,0,0,0,0,55728
2652,L49831,L,299.9,309.5,2008,20.4,165,0,0,0,0,0,0,49831
4468,L51647,L,302.8,310.6,1617,37.9,207,0,0,0,0,0,0,51647
5316,L52495,L,303.6,312.8,1710,27.2,14,0,0,0,0,0,0,52495
4514,L51693,L,302.4,310.3,1900,24.4,113,0,0,0,0,0,0,51693
6236,L53415,L,301.3,310.9,1596,33.9,157,0,0,0,0,0,0,53415
5636,L52815,L,302.6,312.1,1502,47.3,171,0,0,0,0,0,0,52815
9492,M24351,M,299.0,309.7,1489,40.7,212,0,0,0,0,0,0,24351
2603,L49782,L,299.4,309.2,1427,41.5,29,0,0,0,0,0,0,49782
7023,L54202,L,300.7,310.5,1561,33.2,48,0,0,0,0,0,0,54202
4799,L51978,L,303.5,312.5,1457,46.4,168,0,0,0,0,0,0,51978
3248,M18107,M,301.0,309.8,1594,31.1,143,0,0,0,0,0,0,18107
8458,L55637,L,298.6,309.9,1393,45.5,38,0,0,0,0,0,0,55637
5833,L53012,L,301.3,311.2,1675,32.1,12,0,0,0,0,0,0,53012
8192,M23051,M,299.6,310.9,1630,29.8,206,0,0,0,0,0,0,23051
4582,L51761,L,303.0,311.2,1601,32.9,69,0,0,0,0,0,0,51761
3003,M17862,M,300.5,309.8,1555,38.9,166,0,0,0,0,0,0,17862
5755,L52934,L,302.1,311.5,1727,27.7,50,0,0,0,0,0,0,52934
6647,L53826,L,301.5,310.5,1479,34.2,147,0,0,0,0,0,0,53826
1865,L49044,L,297.9,307.7,1546,37.6,72,0,0,0,0,0,0,49044
1334,M16193,M,299.0,310.3,1558,35.4,223,0,0,0,0,0,0,16193
8067,L55246,L,300.4,311.9,1868,21.3,92,0,0,0,0,0,0,55246
642,L47821,L,297.9,309.5,1390,47.9,127,0,0,0,0,0,0,47821
4457,L51636,L,302.3,310.1,1487,46.0,184,0,0,0,0,0,0,51636
3605,L50784,L,301.8,310.8,1557,33.3,190,0,0,0,0,0,0,50784
4013,M18872,M,302.2,311.2,1360,52.8,176,0,0,0,0,0,0,18872
5248,L52427,L,303.6,313.1,1405,38.3,58,0,0,0,0,0,0,52427
7126,L54305,L,300.7,310.1,1261,56.6,98,0,0,0,0,0,0,54305
768,L47947,L,296.9,308.0,1546,31.1,11,0,0,0,0,0,0,47947
8771,L55950,L,297.4,308.6,1680,32.8,200,0,0,0,0,0,0,55950
1768,M16627,M,298.3,307.7,1520,41.4,10,0,0,0,0,0,0,16627
4178,L51357,L,302.5,310.9,1477,39.2,144,0,0,0,0,0,0,51357
6096,M20955,M,300.9,310.7,1452,47.3,25,0,0,0,0,0,0,20955
9786,H39199,H,298.7,309.7,1697,29.8,74,0,0,0,0,0,0,39199
1941,L49120,L,298.1,307.9,1578,35.6,55,0,0,0,0,0,0,49120
169,L47348,L,298.4,308.3,1433,62.3,20,0,0,1,0,0,1,47348
3905,H33318,H,302.2,311.1,1426,50.6,101,0,0,0,0,0,0,33318
9777,M24636,M,298.6,309.6,1397,54.1,47,0,0,0,0,0,0,24636
5519,M20378,M,302.5,311.8,2023,19.1,74,0,0,0,0,0,0,20378
1874,L49053,L,298.4,308.1,1367,57.8,92,0,0,0,0,0,0,49053
7981,M22840,M,301.2,312.4,1505,39.6,102,0,0,0,0,0,0,22840
5508,L52687,L,302.8,312.1,1520,39.9,48,0,0,0,0,0,0,52687
947,L48126,L,295.6,306.2,1287,54.8,49,0,0,0,0,0,0,48126
578,L47757,L,297.7,309.7,1591,37.7,196,0,0,0,0,0,0,47757
7849,H37262,H,300.2,311.6,1547,37.7,217,0,0,0,0,0,0,37262
2547,L49726,L,299.2,309.1,1605,34.3,107,0,0,0,0,0,0,49726
1765,H31178,H,298.2,307.6,1318,55.7,0,0,0,0,0,0,0,31178
2032,L49211,L,298.8,308.6,1331,62.8,81,0,0,0,0,0,0,49211
2513,L49692,L,298.9,308.8,1530,38.3,23,0,0,0,0,0,0,49692
8598,L55777,L,297.6,308.3,1410,47.0,191,0,0,0,0,0,0,55777
6097,M20956,M,300.8,310.7,1483,40.8,28,0,0,0,0,0,0,20956
5264,L52443,L,303.5,312.8,1877,22.3,96,0,0,0,0,0,0,52443
9547,M24406,M,299.7,311.2,1560,43.9,126,0,0,0,0,0,0,24406
669,L47848,L,297.5,308.9,1738,24.0,195,0,0,0,0,0,0,47848
9191,M24050,M,298.0,309.0,1439,38.5,34,0,0,0,0,0,0,24050
1,M14860,M,298.1,308.6,1551,42.8,0,0,0,0,0,0,0,14860
9687,L56866,L,299.1,310.1,1486,40.7,39,0,0,0,0,0,0,56866
2071,L49250,L,299.7,309.5,1352,49.7,184,0,0,0,0,0,0,49250
2864,L50043,L,300.6,309.4,1471,44.1,244,0,0,0,0,0,0,50043
8002,L55181,L,300.8,312.0,1374,50.2,154,0,0,0,0,0,0,55181
4277,M19136,M,302.2,310.4,1456,47.5,167,0,0,0,0,0,0,19136
3334,M18193,M,301.6,310.8,1343,49.5,140,0,0,0,0,0,0,18193
9468,L56647,L,298.6,309.3,1702,27.6,143,0,0,0,0,0,0,56647
9061,H38474,H,297.2,308.3,1453,45.8,105,0,0,0,0,0,0,38474
1185,L48364,L,297.3,308.5,1497,47.5,27,0,0,0,0,0,0,48364
5313,L52492,L,303.6,312.9,1873,23.5,7,0,0,0,0,0,0,52492
4858,L52037,L,303.7,312.3,1606,37.4,103,0,0,0,0,0,0,52037
3580,L50759,L,301.8,310.6,2672,11.8,124,0,0,1,0,0,1,50759
8405,L55584,L,298.4,309.5,1545,36.6,117,0,0,0,0,0,0,55584
2448,L49627,L,299.3,308.7,1408,48.7,85,0,0,0,0,0,0,49627
5642,L52821,L,302.6,312.1,1473,37.3,184,0,0,0,0,0,0,52821
9978,L57157,L,298.6,308.3,1422,40.4,179,0,0,0,0,0,0,57157
8090,L55269,L,300.1,311.3,1676,30.3,151,0,0,0,0,0,0,55269
7667,M22526,M,300.6,311.7,1424,50.8,182,0,0,0,0,0,0,22526
2272,L49451,L,299.2,308.5,1821,26.1,69,0,0,0,0,0,0,49451
3453,H32866,H,301.6,310.5,1602,32.3,2,0,0,0,0,1,0,32866
6011,H35424,H,300.7,310.7,1428,43.4,26,0,0,0,0,0,0,35424
3196,M18055,M,300.0,309.2,1635,32.4,4,0,0,0,0,0,0,18055
3429,L50608,L,301.6,310.6,1391,49.4,164,0,0,0,0,0,0,50608
7171,M22030,M,300.3,310.2,1442,39.5,4,0,0,0,0,0,0,22030
5225,L52404,L,303.9,313.2,1590,31.9,5,0,0,0,0,0,0,52404
5049,H34462,H,304.0,313.2,1271,68.6,161,0,0,1,0,0,1,34462
8234,M23093,M,299.1,310.6,1449,43.2,80,0,0,0,0,0,0,23093
510,M15369,M,297.6,309.3,1415,41.3,17,0,0,0,0,0,0,15369
6782,M21641,M,301.3,310.8,1494,35.3,54,0,0,0,0,0,0,21641
9351,L56530,L,298.2,308.7,2186,17.8,31,0,0,0,0,0,0,56530
5829,L53008,L,301.3,311.1,1504,39.1,2,0,0,0,0,0,0,53008
2453,M17312,M,299.1,308.6,2329,14.6,95,0,0,0,0,0,0,17312
7655,M22514,M,300.3,311.5,1540,41.5,151,0,0,0,0,0,0,22514
9479,L56658,L,298.8,309.6,1890,24.0,173,0,0,0,0,0,0,56658
7807,L54986,L,300.0,311.5,1349,48.6,113,0,0,0,0,0,0,54986
6092,L53271,L,300.9,310.7,1412,57.5,16,0,0,0,0,1,0,53271
2362,M17221,M,299.2,308.6,1631,35.4,64,0,0,0,0,0,0,17221
5607,L52786,L,302.9,312.2,1729,23.6,96,0,0,0,0,0,0,52786
7378,L54557,L,299.5,310.0,1349,52.7,92,0,0,0,0,0,0,54557
3702,L50881,L,302.1,311.2,1417,48.0,13,0,0,0,0,0,0,50881
9008,L56187,L,297.4,308.0,1383,46.2,188,0,0,0,0,0,0,56187
4383,L51562,L,301.8,309.5,1525,39.6,227,0,0,0,0,0,0,51562
1785,L48964,L,298.3,308.0,2886,3.8,57,0,0,1,0,0,1,48964
2062,L49241,L,299.7,309.6,1359,50.7,161,0,0,0,0,0,0,49241
2713,H32126,H,299.7,309.2,1302,55.5,87,0,0,0,0,0,0,32126
7795,M22654,M,300.2,311.6,1415,55.8,82,0,0,0,0,0,0,22654
3479,L50658,L,301.8,310.7,1597,30.8,74,0,0,0,0,0,0,50658
4661,L51840,L,303.2,311.2,1439,43.9,30,0,0,0,0,0,0,51840
2426,L49605,L,298.8,308.1,1472,53.5,28,0,0,0,0,0,0,49605
5209,L52388,L,303.8,312.7,1664,29.3,178,0,0,0,0,0,0,52388
931,M15790,M,295.5,305.9,1453,47.3,9,0,0,0,0,0,0,15790
1484,L48663,L,298.0,308.9,1578,35.6,153,0,0,0,0,0,0,48663
1173,L48352,L,297.1,308.1,1446,36.6,227,0,0,0,0,0,0,48352
446,L47625,L,297.5,308.6,1793,26.7,70,0,0,0,0,0,0,47625
913,L48092,L,295.6,306.0,1569,40.4,174,0,0,0,0,0,0,48092
3668,L50847,L,302.3,311.6,1665,34.3,139,0,0,0,0,0,0,50847
285,L47464,L,298.2,308.3,2051,19.2,90,0,0,0,0,0,0,47464
9812,L56991,L,298.2,309.0,1610,31.7,155,0,0,0,0,0,0,56991
5419,L52598,L,302.6,312.4,1398,41.6,40,0,0,0,0,0,0,52598
8905,L56084,L,297.4,308.7,1584,38.2,154,0,0,0,0,0,0,56084
676,M15535,M,297.8,309.1,1424,45.5,2,0,0,0,0,0,0,15535
8804,L55983,L,297.4,308.5,1486,48.6,75,0,0,0,0,0,0,55983
3335,M18194,M,301.6,310.8,1548,34.2,143,0,0,0,0,0,0,18194
2323,L49502,L,299.2,308.7,1514,41.9,196,0,0,0,0,0,0,49502
2875,L50054,L,300.6,309.5,1471,49.6,29,0,0,0,0,0,0,50054
9176,L56355,L,297.8,309.0,1403,64.2,0,0,0,1,0,0,1,56355
7549,L54728,L,300.2,311.4,1495,43.6,95,0,0,0,0,0,0,54728
6615,L53794,L,301.7,310.6,1660,28.7,66,0,0,0,0,0,0,53794
4842,M19701,M,303.3,311.8,1441,44.9,61,0,0,0,0,0,0,19701
8854,L56033,L,297.7,308.9,1458,41.1,14,0,0,0,0,0,0,56033
84,L47263,L,299.0,309.0,1469,40.1,13,0,0,0,0,0,0,47263
7739,M22598,M,300.5,312.0,1263,60.8,146,0,0,0,0,0,0,22598
4997,M19856,M,303.6,312.8,1400,43.2,23,0,0,0,0,0,0,19856
2533,L49712,L,298.9,308.7,1389,44.9,69,0,0,0,0,0,0,49712
8937,L56116,L,297.4,308.3,1465,42.0,13,0,0,0,0,0,0,56116
7620,L54799,L,300.6,311.5,1459,47.0,63,0,0,0,0,0,0,54799
4238,L51417,L,302.2,311.0,1832,23.2,70,0,0,0,0,0,0,51417
9942,L57121,L,298.4,308.1,1395,44.0,92,0,0,0,0,0,0,57121
2519,M17378,M,298.9,308.6,1425,49.6,35,0,0,0,0,0,0,17378
7616,L54795,L,300.5,311.4,1442,47.0,53,0,0,0,0,0,0,54795
8728,L55907,L,297.2,308.7,1501,38.5,86,0,0,0,0,0,0,55907
8434,M23293,M,298.8,310.1,1501,48.7,192,0,0,0,0,0,0,23293
7617,M22476,M,300.6,311.4,1468,40.4,55,0,0,0,0,0,0,22476
9033,L56212,L,297.4,308.3,1723,28.8,33,0,0,0,0,0,0,56212
8859,L56038,L,297.8,308.9,1506,33.5,26,0,0,0,0,0,0,56038
5317,M20176,M,303.6,312.8,1689,33.1,16,0,0,0,0,0,0,20176
8895,M23754,M,297.5,308.7,1546,38.0,123,0,0,0,0,0,0,23754
4923,M19782,M,303.4,312.2,1615,35.7,56,0,0,0,0,0,0,19782
6024,M20883,M,300.7,310.9,1369,51.2,63,0,0,0,0,0,0,20883
2593,L49772,L,298.9,308.6,1539,45.4,4,0,0,0,0,0,0,49772
9853,L57032,L,298.6,309.4,1316,51.4,52,0,0,0,0,0,0,57032
4347,L51526,L,301.8,309.7,1598,30.4,124,0,0,0,0,0,0,51526
8807,L55986,L,297.4,308.5,1692,34.3,83,0,0,0,0,0,0,55986
945,M15804,M,295.7,306.3,1712,28.5,43,0,0,0,0,0,0,15804
9069,H38482,H,297.1,308.2,1790,30.3,128,0,0,0,0,0,0,38482
5823,M20682,M,301.3,311.0,1463,50.2,214,0,0,0,0,0,0,20682
5778,L52957,L,301.6,311.1,1408,44.4,106,0,0,0,0,0,0,52957
7897,L55076,L,300.8,312.6,1376,53.6,119,0,0,0,0,0,0,55076
6869,L54048,L,301.0,311.2,1363,46.3,62,0,0,0,0,0,0,54048
1368,M16227,M,298.8,310.2,1581,37.5,75,0,0,0,0,0,0,16227
7142,M22001,M,300.4,309.8,1356,44.4,136,0,0,0,0,0,0,22001
9435,L56614,L,298.0,308.6,1626,33.3,50,0,0,0,0,0,0,56614
3030,L50209,L,300.4,309.5,1525,51.3,4,0,0,0,0,0,0,50209
5259,M20118,M,303.5,312.9,1572,44.7,84,0,0,0,0,0,0,20118
4616,L51795,L,303.0,311.3,1793,29.3,157,0,0,0,0,0,0,51795
5377,H34790,H,302.8,312.3,1336,57.5,187,0,0,0,0,0,0,34790
9316,L56495,L,298.5,309.5,1569,41.0,153,0,0,0,0,0,0,56495
9378,H38791,H,297.7,308.3,1488,41.0,101,0,0,0,0,0,0,38791
4299,M19158,M,301.8,310.2,1437,42.3,0,0,0,0,0,0,0,19158
4346,M19205,M,301.8,309.8,1546,39.8,121,0,0,0,0,0,0,19205
5515,L52694,L,302.7,312.0,1828,24.0,63,0,0,0,0,0,0,52694
765,L47944,L,296.8,307.9,1337,56.5,5,0,0,0,0,0,0,47944
5393,L52572,L,302.8,312.2,1481,40.2,230,0,0,0,0,0,0,52572
6256,L53435,L,301.0,310.5,1379,57.3,204,0,0,0,1,0,1,53435
7615,L54794,L,300.5,311.4,1432,47.5,51,0,0,0,0,0,0,54794
7111,M21970,M,300.8,310.4,1518,36.0,59,0,0,0,0,0,0,21970
9954,L57133,L,298.1,307.8,1565,35.3,119,0,0,0,0,0,0,57133
496,H29909,H,297.5,309.3,1459,49.7,201,0,0,0,0,0,0,29909
4152,M19011,M,301.9,310.4,1373,48.0,73,0,1,0,0,0,1,19011
6463,H35876,H,300.6,310.0,1483,44.0,97,0,0,0,0,0,0,35876
2657,L49836,L,299.9,309.5,1349,51.3,176,0,0,0,0,0,0,49836
2151,H31564,H,299.3,308.8,1636,35.5,180,0,0,0,0,0,0,31564
2167,M17026,M,299.6,309.2,1867,23.4,225,1,0,0,0,0,1,17026
9996,M24855,M,298.8,308.4,1604,29.5,14,0,0,0,0,0,0,24855
8415,L55594,L,298.6,309.8,1842,20.1,142,0,0,0,0,0,0,55594
2395,L49574,L,299.2,308.5,1488,40.3,148,0,0,0,0,0,0,49574
1402,H30815,H,298.9,310.2,1532,37.7,166,0,0,0,0,0,0,30815
1903,L49082,L,298.0,307.6,1694,29.1,169,0,0,0,0,0,0,49082
2877,M17736,M,300.5,309.3,1578,30.5,34,0,0,0,0,0,0,17736
3212,L50391,L,300.3,309.2,1462,51.4,48,0,0,0,0,0,0,50391
6200,L53379,L,300.9,310.9,1497,43.2,62,0,0,0,0,0,0,53379
6318,L53497,L,300.9,310.3,1321,48.8,150,0,0,0,0,0,0,53497
2685,L49864,L,299.8,309.4,1460,37.4,25,0,0,0,0,0,0,49864
1183,L48362,L,297.3,308.3,1410,48.1,23,0,0,0,0,0,0,48362
9907,M24766,M,298.6,309.1,1587,37.3,203,0,0,0,0,0,0,24766
2011,L49190,L,298.6,308.3,1278,60.5,32,0,0,0,0,0,0,49190
8319,H37732,H,298.7,309.7,1565,39.3,94,0,0,0,0,0,0,37732
1537,M16396,M,298.2,308.9,1326,54.4,75,0,0,0,0,0,0,16396
3419,H32832,H,301.6,310.6,1555,40.4,139,0,0,0,0,0,0,32832
7234,L54413,L,299.9,310.0,1447,45.9,162,0,0,0,0,0,0,54413
4812,M19671,M,303.4,312.0,1748,28.4,200,0,0,0,0,0,0,19671
9426,M24285,M,298.1,308.6,1415,46.3,27,0,0,0,0,0,0,24285
6088,M20947,M,300.9,310.8,1599,33.0,7,0,0,0,0,0,0,20947
7805,M22664,M,299.9,311.4,1480,44.9,108,0,0,0,0,0,0,22664
3880,M18739,M,302.6,311.7,1430,51.7,32,0,0,0,0,0,0,18739
1713,L48892,L,298.3,307.9,1551,33.8,72,0,0,0,0,0,0,48892
6568,M21427,M,301.3,310.6,1499,36.1,163,0,0,0,0,0,0,21427
7966,L55145,L,301.1,312.3,1464,35.3,65,0,0,0,0,0,0,55145
2886,M17745,M,300.5,309.5,1320,49.9,59,0,0,0,0,0,0,17745
6055,H35468,H,300.7,310.8,1518,40.1,142,0,0,0,0,0,0,35468
5808,M20667,M,301.4,310.9,1489,38.9,179,0,0,0,0,0,0,20667
8541,L55720,L,298.6,309.5,1687,29.3,47,0,0,0,0,0,0,55720
455,L47634,L,297.4,308.7,1468,46.6,94,0,0,0,0,0,0,47634
1550,L48729,L,298.4,308.9,1706,29.5,107,0,0,0,0,0,0,48729
9116,M23975,M,297.6,308.6,1444,48.2,46,0,0,0,0,0,0,23975
7812,M22671,M,300.0,311.4,1466,39.0,125,0,0,0,0,0,0,22671
4664,L51843,L,303.3,311.3,1389,53.9,39,0,0,0,0,0,0,51843
1400,L48579,L,299.0,310.2,1533,43.5,159,0,0,0,0,0,0,48579
3862,M18721,M,302.5,311.5,1481,41.1,215,0,0,0,0,0,0,18721
1577,L48756,L,298.3,308.4,1490,41.7,170,0,0,0,0,0,0,48756
2174,M17033,M,299.5,309.2,1495,41.6,17,0,0,0,0,0,0,17033
3330,L50509,L,301.6,310.7,1683,29.7,131,0,0,0,0,0,0,50509
5277,L52456,L,303.5,313.0,1606,34.0,126,0,0,0,0,0,0,52456
466,M15325,M,297.3,308.6,1456,42.9,122,0,0,0,0,0,0,15325
1984,M16843,M,298.0,307.6,1459,44.4,163,0,0,0,0,0,0,16843
1477,L48656,L,298.4,309.5,1692,28.3,136,0,0,0,0,0,0,48656
6666,L53845,L,301.3,310.4,1440,41.5,197,0,0,0,0,0,0,53845
870,L48049,L,295.8,306.5,1358,49.2,63,0,0,0,0,0,0,48049
9229,M24088,M,298.1,309.1,1572,37.5,126,0,0,0,0,0,0,24088
3865,M18724,M,302.5,311.4,1629,31.7,225,0,0,0,0,0,0,18724
5711,H35124,H,302.2,311.7,1413,46.5,147,0,0,0,0,0,0,35124
2412,L49591,L,299.0,308.5,1559,38.1,194,0,0,0,0,0,0,49591
5539,M20398,M,302.3,311.8,1879,23.0,124,0,0,0,0,0,0,20398
6903,L54082,L,301.0,311.6,1461,40.6,154,0,0,0,0,0,0,54082
2566,L49745,L,299.4,309.1,1304,50.5,153,0,0,0,0,0,0,49745
9166,L56345,L,297.6,308.6,1326,62.4,173,0,0,0,0,0,0,56345
425,L47604,L,297.3,308.4,1430,45.7,15,0,0,0,0,0,0,47604
8164,L55343,L,299.7,311.1,1574,36.4,135,0,0,0,0,0,0,55343
6418,L53597,L,300.3,309.9,1540,39.9,203,0,0,0,0,0,0,53597
6449,H35862,H,300.7,310.2,1877,24.8,64,0,0,0,0,0,0,35862
1133,L48312,L,296.8,307.9,1271,61.4,125,0,0,0,0,0,0,48312
3015,L50194,L,300.5,309.7,1580,42.8,196,0,0,0,0,0,0,50194
7837,L55016,L,300.1,311.4,1604,35.0,191,0,0,0,0,0,0,55016
318,L47497,L,297.8,308.4,1685,28.4,179,0,0,0,0,0,0,47497
8258,M23117,M,299.0,310.6,1587,34.2,141,0,0,0,0,0,0,23117
7261,L54440,L,300.4,310.5,2424,14.5,12,0,0,0,0,0,0,54440
278,H29691,H,298.0,308.0,1479,50.7,70,0,0,0,0,0,0,29691
2248,M17107,M,299.2,308.4,1396,48.5,5,0,0,0,0,0,0,17107
8681,L55860,L,297.2,308.5,1494,39.6,181,0,0,0,0,0,0,55860
3565,M18424,M,301.7,310.6,1492,42.2,85,0,0,0,0,0,0,18424
6035,M20894,M,300.6,310.8,1389,48.1,88,0,0,0,0,0,0,20894
8037,L55216,L,300.7,311.7,1460,46.1,15,0,0,0,0,0,0,55216
9480,H38893,H,298.9,309.6,1600,33.5,175,0,0,0,0,0,0,38893
2331,M17190,M,299.3,308.7,1390,49.3,215,0,0,0,0,0,0,17190
3147,M18006,M,300.5,309.9,1780,26.5,101,0,0,0,0,0,0,18006
7019,M21878,M,300.7,310.7,1377,46.7,36,0,0,0,0,0,0,21878
3126,L50305,L,300.1,309.4,1694,27.4,44,0,0,0,0,0,0,50305
6373,M21232,M,300.0,309.5,1879,22.4,79,0,0,0,0,0,0,21232
6582,L53761,L,301.4,310.4,1559,36.0,196,0,0,0,0,0,0,53761
281,M15140,M,298.1,308.1,1456,43.7,80,0,0,0,0,0,0,15140
2108,M16967,M,299.4,309.1,1417,47.3,59,0,0,0,0,0,0,16967
2831,M17690,M,300.4,309.3,1411,41.6,160,0,0,0,0,0,0,17690
2745,L49924,L,299.7,309.2,1620,30.0,168,0,0,0,0,0,0,49924
1296,L48475,L,298.7,309.8,1402,54.3,128,0,0,0,0,0,0,48475
7440,L54619,L,300.0,311.3,1493,41.4,28,0,0,0,0,0,0,54619
3638,M18497,M,302.2,311.4,1626,31.6,62,0,0,0,0,0,0,18497
1828,M16687,M,297.9,307.3,1420,47.8,171,0,0,0,0,0,0,16687
5379,L52558,L,302.9,312.4,1550,36.9,194,0,0,0,0,0,0,52558
8271,M23130,M,299.1,310.8,1517,38.4,185,0,0,0,0,0,0,23130
1640,M16499,M,297.9,307.8,1450,43.5,106,0,0,0,0,0,0,16499
7671,L54850,L,300.5,311.6,1525,37.6,191,0,0,0,0,0,0,54850
6425,M21284,M,300.3,310.0,1409,43.2,9,0,0,0,0,0,0,21284
1209,L48388,L,297.0,308.1,1489,44.1,96,0,0,0,0,0,0,48388
1462,L48641,L,298.9,310.2,1491,45.1,101,0,0,0,0,0,0,48641
2497,M17356,M,299.2,308.9,1573,37.4,212,0,0,0,0,0,0,17356
1808,L48987,L,298.0,307.6,1654,28.9,123,0,0,0,0,0,0,48987
7755,M22614,M,300.4,311.7,1478,39.9,185,0,0,0,0,0,0,22614
131,L47310,L,298.8,308.4,1473,41.1,128,0,0,0,0,0,0,47310
7454,H36867,H,300.3,311.7,1432,47.7,61,0,0,0,0,0,0,36867
7860,M22719,M,300.5,311.9,1370,44.8,20,0,0,0,0,0,0,22719
7869,H37282,H,300.4,311.9,1438,46.7,41,0,0,0,0,1,0,37282
4175,L51354,L,302.3,310.7,1499,37.8,137,0,0,0,0,0,0,51354
6110,M20969,M,300.8,310.9,1514,38.7,66,0,0,0,0,0,0,20969
1162,L48341,L,297.0,307.8,1316,61.2,200,0,0,0,1,0,1,48341
9266,M24125,M,298.3,308.9,1390,49.7,23,0,0,0,0,0,0,24125
1194,L48373,L,297.1,308.2,1347,50.8,49,0,0,0,0,0,0,48373
7276,L54455,L,300.2,310.3,1514,38.7,48,0,0,0,0,0,0,54455
9692,L56871,L,299.0,310.0,1582,31.9,51,0,0,0,0,0,0,56871
2433,L49612,L,298.9,308.2,1510,43.5,46,0,0,0,0,0,0,49612
7639,L54818,L,300.5,311.5,1661,35.9,110,0,0,0,0,0,0,54818
4564,L51743,L,302.7,310.7,1977,20.0,21,0,0,0,0,0,0,51743
1148,M16007,M,297.1,308.0,1690,25.6,159,0,0,0,0,0,0,16007
9100,H38513,H,297.3,308.1,1477,52.3,2,0,0,0,0,0,0,38513
336,L47515,L,297.4,308.1,1749,25.9,8,0,0,0,0,0,0,47515
9099,L56278,L,297.3,308.1,1468,49.8,0,0,0,0,0,0,0,56278
8369,L55548,L,298.9,309.8,1534,42.1,23,0,0,0,0,0,0,55548
3282,M18141,M,301.2,310.0,1445,45.6,18,0,0,0,0,0,0,18141
7884,H37297,H,300.7,312.3,1446,45.4,86,0,0,0,0,0,0,37297
8082,L55261,L,300.2,311.6,1356,53.5,132,0,0,0,0,0,0,55261
5006,M19865,M,303.7,312.9,1444,52.7,46,0,0,0,0,0,0,19865
8757,L55936,L,297.5,308.7,1761,26.2,164,0,0,0,0,0,0,55936
8035,L55214,L,300.7,311.8,1564,36.8,11,0,0,0,0,0,0,55214
8698,L55877,L,297.3,308.6,1505,33.5,14,0,0,0,0,0,0,55877
4181,L51360,L,302.4,310.8,1686,28.8,150,0,0,0,0,0,0,51360
822,L48001,L,296.7,307.6,1474,41.7,148,0,0,0,0,0,0,48001
7167,M22026,M,300.3,310.2,1429,44.7,203,0,0,0,0,0,0,22026
4183,L51362,L,302.4,310.7,1362,54.8,155,0,1,0,0,0,1,51362
440,M15299,M,297.4,308.3,1535,34.6,51,0,0,0,0,0,0,15299
7312,H36725,H,300.0,310.5,1558,36.7,137,0,0,0,0,0,0,36725
3351,L50530,L,301.4,310.8,1285,62.6,183,0,0,0,1,0,1,50530
8262,H37675,H,299.2,310.6,1434,48.4,153,0,0,0,0,0,0,37675
6077,L53256,L,301.0,310.9,1492,36.7,199,0,0,0,0,0,0,53256
7201,L54380,L,300.0,309.9,1608,33.4,76,0,0,0,0,0,0,54380
8256,L55435,L,299.0,310.4,1606,31.1,134,0,0,0,0,0,0,55435
7674,M22533,M,300.5,311.6,1476,39.1,199,0,0,0,0,0,0,22533
1884,M16743,M,298.0,307.6,1472,46.7,116,0,0,0,0,0,0,16743
1049,L48228,L,296.5,307.6,1607,33.5,104,0,0,0,0,0,0,48228
6374,H35787,H,300.0,309.5,1735,28.9,82,0,0,0,0,0,0,35787
3624,M18483,M,302.0,311.3,1530,36.4,27,0,0,0,0,0,0,18483
4464,L51643,L,302.8,310.6,2016,19.9,199,0,0,0,0,0,0,51643
7025,L54204,L,300.6,310.6,2127,18.7,53,0,0,0,0,0,0,54204
7225,L54404,L,299.8,309.6,1598,31.0,139,0,0,0,0,0,0,54404
238,M15097,M,298.0,308.1,1552,36.6,190,0,0,0,0,0,0,15097
3232,L50411,L,300.7,309.3,1425,45.3,100,0,0,0,0,0,0,50411
4774,L51953,L,303.6,312.0,1391,50.3,101,0,0,0,0,0,0,51953
647,M15506,M,297.7,309.4,1461,43.7,142,0,0,0,0,0,0,15506
1750,L48929,L,298.3,307.7,1576,33.8,171,0,0,0,0,0,0,48929
5972,L53151,L,300.5,310.8,1509,33.0,153,0,0,0,0,0,0,53151
9217,H38630,H,297.7,308.8,1469,43.7,96,0,0,0,0,0,0,38630
2786,L49965,L,300.2,309.5,1495,32.6,49,0,0,0,0,0,0,49965
1916,L49095,L,298.0,307.7,1492,38.7,202,0,0,0,0,0,0,49095
9194,M24053,M,297.9,309.0,1530,40.9,42,0,0,0,0,0,0,24053
3476,L50655,L,301.8,310.7,1644,33.4,68,0,0,0,0,0,0,50655
8726,M23585,M,297.1,308.5,1515,42.1,81,0,0,0,0,0,0,23585
5399,L52578,L,302.9,312.4,1923,23.9,244,0,0,0,0,0,0,52578
1589,L48768,L,298.2,308.3,1688,32.0,202,0,0,0,0,0,0,48768
5921,L53100,L,300.5,310.2,1764,25.9,27,0,0,0,0,0,0,53100
8386,H37799,H,298.8,309.8,1563,38.8,65,0,0,0,0,0,0,37799
4946,L52125,L,303.6,312.7,1418,44.1,118,0,0,0,0,0,0,52125
1328,L48507,L,298.8,310.2,1814,26.8,204,0,0,0,0,0,0,48507
1375,L48554,L,298.8,310.3,1553,36.8,97,0,0,0,0,0,0,48554
3711,L50890,L,302.2,311.5,1489,38.3,35,0,0,0,0,0,0,50890
2994,M17853,M,300.5,309.8,1370,55.9,143,0,0,0,0,0,0,17853
2996,L50175,L,300.5,309.8,1550,37.4,148,0,0,0,0,0,0,50175
9912,M24771,M,298.6,309.0,1481,40.8,6,0,0,0,0,0,0,24771
3765,L50944,L,302.4,311.0,1329,54.6,176,0,0,0,0,0,0,50944
9843,L57022,L,298.4,309.3,1395,47.6,24,0,0,0,0,0,0,57022
9347,M24206,M,298.2,308.8,1626,40.4,20,0,0,0,0,0,0,24206
4190,L51369,L,302.4,310.9,1560,31.8,172,0,0,0,0,0,0,51369
1366,L48545,L,298.7,310.1,1676,33.5,70,0,0,0,0,0,0,48545
4525,M19384,M,302.5,310.5,1527,38.8,136,0,0,0,0,0,0,19384
2391,L49570,L,299.2,308.5,1487,41.2,140,0,0,0,0,0,0,49570
4827,L52006,L,303.4,311.8,2268,15.8,20,0,0,0,0,0,0,52006
4218,L51397,L,301.9,310.6,1462,38.8,22,0,0,0,0,0,0,51397
1440,M16299,M,298.8,309.8,1534,37.0,47,0,0,0,0,0,0,16299
1824,L49003,L,298.1,307.7,1414,48.7,159,0,0,0,0,0,0,49003
4597,L51776,L,303.0,311.2,1361,47.6,106,0,1,0,0,0,1,51776
6774,L53953,L,301.3,310.8,1381,47.9,33,0,0,0,0,0,0,53953
8162,H37575,H,299.6,311.0,1714,30.2,128,0,0,0,0,0,0,37575
7828,M22687,M,299.8,311.1,1452,44.3,167,0,0,0,0,0,0,22687
2830,L50009,L,300.3,309.3,1612,36.0,158,0,0,0,0,0,0,50009
1386,M16245,M,298.9,310.2,1603,36.1,126,0,0,0,0,0,0,16245
7608,M22467,M,300.5,311.3,1468,41.1,34,0,0,0,0,0,0,22467
411,M15270,M,297.5,308.6,1472,44.9,198,0,0,0,0,0,0,15270
6325,M21184,M,300.7,310.1,1367,52.6,167,0,0,0,0,0,0,21184
6269,L53448,L,300.9,310.5,1616,33.5,25,0,0,0,0,0,0,53448
8563,L55742,L,298.1,308.9,1351,52.4,102,0,0,0,0,0,0,55742
4048,L51227,L,301.9,311.0,1455,46.0,29,0,0,0,0,0,0,51227
3678,M18537,M,302.3,311.7,1368,53.6,165,0,0,0,0,0,0,18537
7834,L55013,L,300.0,311.4,1604,38.7,185,0,0,0,0,0,0,55013
1612,M16471,M,297.8,307.9,1726,27.3,35,0,0,0,0,0,0,16471
7999,L55178,L,300.9,312.1,1359,51.7,146,0,0,0,0,0,0,55178
2504,L49683,L,299.2,309.0,1408,47.2,0,0,0,0,0,0,0,49683
9481,M24340,M,298.9,309.6,1434,43.8,180,0,0,0,0,0,0,24340
1949,L49128,L,298.1,308.1,1410,45.8,71,0,0,0,0,0,0,49128
3254,L50433,L,301.1,309.6,1502,48.9,160,0,0,0,0,0,0,50433
2920,L50099,L,300.6,309.6,1726,30.0,147,0,0,0,0,0,0,50099
7483,M22342,M,300.2,311.6,1510,47.5,146,0,0,0,0,0,0,22342
4294,L51473,L,301.8,310.0,1393,44.9,208,0,0,0,0,0,0,51473
7582,M22441,M,300.4,311.2,1366,56.1,177,0,0,0,0,0,0,22441
8693,L55872,L,297.1,308.4,1583,31.9,2,0,0,0,0,0,0,55872
2042,L49221,L,299.1,308.9,1680,27.2,110,0,0,0,0,0,0,49221
1526,L48705,L,298.2,309.0,2449,13.8,45,0,0,0,0,0,0,48705
9344,M24203,M,298.3,308.8,1391,50.4,13,0,0,0,0,0,0,24203
8825,M23684,M,297.3,308.9,1799,24.5,137,0,0,0,0,0,0,23684
8580,M23439,M,297.4,308.1,1620,31.2,143,0,0,0,0,0,0,23439
5931,L53110,L,300.3,310.3,1483,51.6,50,0,0,0,0,0,0,53110
9059,M23918,M,297.2,308.3,1326,57.2,100,0,0,0,0,0,0,23918
6637,M21496,M,301.5,310.5,1774,25.5,121,0,0,0,0,0,0,21496
8174,H37587,H,299.9,311.4,1497,37.0,162,0,0,0,0,0,0,37587
6580,L53759,L,301.3,310.4,1501,41.6,192,0,0,0,0,0,0,53759
5654,L52833,L,302.4,311.7,1495,36.8,215,0,0,0,0,0,0,52833
7746,L54925,L,300.4,311.7,1460,39.6,162,0,0,0,0,0,0,54925
8603,L55782,L,297.4,308.1,1729,31.7,204,0,0,0,0,0,0,55782
4296,L51475,L,301.8,310.2,1457,40.4,213,0,0,0,0,0,0,51475
4684,L51863,L,303.6,311.8,1736,32.9,99,0,0,0,0,0,0,51863
7423,L54602,L,300.0,311.2,1351,44.1,206,0,0,0,0,0,0,54602
840,M15699,M,296.5,307.4,1565,43.5,194,0,0,0,0,0,0,15699
9841,H39254,H,298.3,309.2,1486,42.4,16,0,0,0,0,0,0,39254
236,M15095,M,298.1,308.3,1680,33.7,185,0,0,0,0,0,0,15095
4988,M19847,M,303.7,313.0,1303,54.4,2,0,0,0,0,0,0,19847
809,L47988,L,296.9,307.7,1424,43.3,120,0,0,0,0,0,0,47988
9054,M23913,M,297.4,308.5,1638,32.2,84,0,0,0,0,0,0,23913
4970,L52149,L,303.9,312.7,1528,38.4,177,0,0,0,0,0,0,52149
4363,L51542,L,302.1,310.1,1447,46.6,169,0,0,0,0,0,0,51542
2654,L49833,L,299.9,309.5,1779,26.1,169,0,0,0,0,0,0,49833
6152,L53331,L,301.1,311.2,1555,35.3,172,0,0,0,0,0,0,53331
2376,M17235,M,299.2,308.4,1476,32.7,101,0,0,0,0,0,0,17235
2300,L49479,L,299.4,308.7,1446,62.9,134,0,0,1,0,0,1,49479
8077,L55256,L,300.3,311.8,1360,48.0,119,0,0,0,0,0,0,55256
5577,H34990,H,302.4,312.0,1457,43.4,23,0,0,0,0,0,0,34990
9341,H38754,H,298.4,308.9,1577,37.1,0,0,0,0,0,0,0,38754
195,M15054,M,298.2,308.5,2678,10.7,86,0,0,1,0,0,1,15054
2956,M17815,M,300.7,309.5,1439,43.8,41,0,0,0,0,0,0,17815
7624,L54803,L,300.6,311.7,1734,29.9,72,0,0,0,0,0,0,54803
5606,L52785,L,302.9,312.2,1510,41.4,94,0,0,0,0,0,0,52785
7605,L54784,L,300.4,311.3,1639,34.6,24,0,0,0,0,0,0,54784
9001,L56180,L,297.0,307.9,1493,46.1,173,0,0,0,0,0,0,56180
5651,L52830,L,302.5,312.0,1456,46.3,208,0,0,0,0,0,0,52830
8887,L56066,L,297.9,309.0,1583,36.7,104,0,0,0,0,0,0,56066
7934,L55113,L,300.8,311.8,1928,21.8,209,0,0,0,0,0,0,55113
524,L47703,L,297.4,309.4,1401,45.9,49,0,0,0,0,0,0,47703
2852,L50031,L,300.5,309.3,1373,48.8,211,0,0,0,0,0,0,50031
320,L47499,L,297.8,308.4,1612,32.1,183,0,0,0,0,0,0,47499
5730,M20589,M,302.3,311.8,1463,35.7,197,0,0,0,0,0,0,20589
4184,L51363,L,302.3,310.7,1402,50.9,157,0,0,0,0,0,0,51363
6998,M21857,M,300.6,310.7,1566,38.2,187,0,0,0,0,0,0,21857
3438,L50617,L,301.5,310.5,2297,15.8,191,0,0,0,0,0,0,50617
8566,L55745,L,298.0,308.8,1489,36.5,109,0,0,0,0,0,0,55745
3657,M18516,M,302.1,311.5,1383,53.6,108,0,0,0,0,0,0,18516
6557,L53736,L,301.5,310.7,1686,27.9,135,0,0,0,0,0,0,53736
5023,L52202,L,304.0,313.1,1404,47.1,90,0,0,0,0,0,0,52202
2132,L49311,L,299.4,309.1,1432,45.4,137,0,0,0,0,0,0,49311
103,L47282,L,298.8,308.8,1555,40.6,61,0,0,0,0,0,0,47282
8548,M23407,M,298.4,309.4,1666,24.3,68,0,0,0,0,0,0,23407
8370,L55549,L,298.8,309.7,1953,20.6,25,0,0,0,0,0,0,55549
180,L47359,L,298.2,308.3,1304,49.8,45,0,0,0,0,0,0,47359
4006,M18865,M,302.0,311.1,1406,48.8,159,0,0,0,0,0,0,18865
3529,L50708,L,302.0,310.9,1378,53.1,212,0,0,0,1,0,1,50708
5078,L52257,L,304.3,313.3,1775,24.9,39,0,0,0,0,0,0,52257
3750,L50929,L,302.4,311.1,1652,33.9,139,0,0,0,0,0,0,50929
361,M15220,M,297.5,308.3,1521,38.2,74,0,0,0,0,0,0,15220
3635,L50814,L,302.2,311.4,1499,37.7,55,0,0,0,0,0,0,50814
8118,L55297,L,300.3,311.7,1406,47.5,14,0,0,0,0,0,0,55297
964,L48143,L,295.8,306.6,1621,31.6,95,0,0,0,0,0,0,48143
2124,L49303,L,299.3,309.0,1491,38.4,115,0,0,0,0,0,0,49303
1892,L49071,L,297.7,307.4,1764,29.0,139,0,0,0,0,0,0,49071
7922,L55101,L,300.7,311.9,1419,47.7,179,0,0,0,0,0,0,55101
1743,L48922,L,298.5,308.0,1379,49.6,152,0,0,0,0,0,0,48922
1542,L48721,L,298.4,309.0,2304,15.1,89,0,0,0,0,0,0,48721
4295,M19154,M,301.7,310.1,1743,27.3,210,0,0,0,0,0,0,19154
4394,M19253,M,302.2,310.1,1572,34.6,17,0,0,0,0,0,0,19253
6357,M21216,M,300.1,309.7,1420,48.4,36,0,0,0,0,0,0,21216
8762,L55941,L,297.5,308.8,1417,49.8,177,0,0,0,0,0,0,55941
1168,L48347,L,297.0,308.1,1362,52.5,213,0,0,0,1,0,1,48347
8481,L55660,L,298.4,309.6,1477,35.6,101,0,0,0,0,0,0,55660
1384,M16243,M,298.9,310.2,1331,49.0,121,0,0,0,0,0,0,16243
365,L47544,L,297.6,308.4,1407,55.2,86,0,0,0,0,0,0,47544
6232,M21091,M,301.3,311.0,1495,40.8,148,0,0,0,0,0,0,21091
3302,L50481,L,301.3,310.5,1365,47.7,70,0,0,0,0,0,0,50481
9050,L56229,L,297.3,308.5,1545,34.3,74,0,0,0,0,0,0,56229
3533,L50712,L,301.9,310.9,1486,40.3,6,0,0,0,0,0,0,50712
6298,M21157,M,301.1,310.5,1309,60.7,100,0,0,0,0,0,0,21157
8328,M23187,M,298.7,309.6,1254,57.1,124,0,0,0,0,0,0,23187
6120,L53299,L,300.9,311.1,1471,39.3,91,0,0,0,0,0,0,53299
9417,M24276,M,298.1,308.5,1463,45.9,3,0,0,0,0,0,0,24276
7195,L54374,L,300.1,310.1,1380,52.6,59,0,0,0,0,0,0,54374
6578,L53757,L,301.4,310.4,1388,45.3,188,0,0,0,0,0,0,53757
4569,M19428,M,302.7,310.8,1555,36.1,35,0,0,0,0,0,0,19428
9242,L56421,L,298.1,308.7,1683,29.1,161,0,0,0,0,0,0,56421
2390,L49569,L,299.2,308.5,1867,27.0,138,0,0,0,0,0,0,49569
4673,L51852,L,303.3,311.5,1412,55.6,67,0,0,0,0,0,0,51852
5322,M20181,M,303.4,312.7,1576,49.9,28,0,0,0,0,0,0,20181
4063,L51242,L,302.0,310.9,1446,44.0,64,0,0,0,0,0,0,51242
2761,L49940,L,299.8,309.2,1400,42.6,210,0,0,0,0,0,0,49940
7846,L55025,L,300.2,311.8,1798,23.2,210,0,0,0,0,0,0,55025
594,L47773,L,297.5,309.6,1312,50.7,0,0,0,0,0,0,0,47773
3959,L51138,L,302.2,311.3,1378,55.5,35,0,0,0,0,0,0,51138
760,M15619,M,296.7,307.8,1537,36.3,233,0,0,0,0,0,0,15619
8495,L55674,L,298.3,309.5,1542,36.7,134,0,0,0,0,0,0,55674
697,M15556,M,297.6,309.0,1815,25.3,66,0,0,0,0,0,0,15556
2123,M16982,M,299.2,308.8,1523,38.9,112,0,0,0,0,0,0,16982
7593,M22452,M,300.5,311.2,1551,36.6,205,0,0,0,0,0,0,22452
5716,H35129,H,302.2,311.9,1597,35.8,160,0,0,0,0,0,0,35129
7316,L54495,L,299.9,310.4,1470,50.0,148,0,0,0,0,0,0,54495
6699,L53878,L,301.6,310.8,1418,44.7,46,0,0,0,0,0,0,53878
150,L47329,L,298.4,308.3,1473,39.9,184,0,0,0,0,0,0,47329
5086,M19945,M,304.0,313.0,1377,56.0,61,0,0,0,0,0,0,19945
3420,L50599,L,301.5,310.5,1611,33.8,144,0,0,0,0,0,0,50599
644,M15503,M,297.8,309.4,1495,36.5,132,0,0,0,0,0,0,15503
8214,M23073,M,299.2,310.5,1548,33.5,35,0,0,0,0,0,0,23073
6275,M21134,M,301.2,310.7,1543,32.9,40,0,0,0,0,0,0,21134
3536,H32949,H,301.9,311.0,1672,29.9,13,0,0,0,0,0,0,32949
9730,L56909,L,298.7,309.8,1695,29.0,145,0,0,0,0,0,0,56909
631,L47810,L,298.3,310.0,1460,47.6,101,0,0,0,0,0,0,47810
8955,L56134,L,297.3,308.0,1447,49.0,61,0,0,0,0,0,0,56134
5776,L52955,L,301.6,311.1,1907,21.5,102,0,0,0,0,0,0,52955
984,L48163,L,296.2,306.9,1526,34.9,140,0,0,0,0,0,0,48163
5747,M20606,M,302.1,311.5,1635,31.6,23,0,0,0,0,0,0,20606
6229,L53408,L,301.2,310.9,1413,50.1,141,0,0,0,0,0,0,53408
7097,L54276,L,300.6,310.2,1489,47.8,21,0,0,0,0,0,0,54276
9967,L57146,L,298.3,307.9,1507,41.2,149,0,0,0,0,0,0,57146
7693,H37106,H,300.5,311.6,1506,36.2,10,0,0,0,0,0,0,37106
6276,L53455,L,301.3,310.8,1628,32.2,43,0,0,0,0,0,0,53455
8921,L56100,L,297.1,308.3,1496,45.8,190,0,0,0,0,0,0,56100
9826,L57005,L,298.4,309.2,1610,32.4,194,0,0,0,0,0,0,57005
9066,H38479,H,297.2,308.4,2182,17.3,119,0,0,0,0,0,0,38479
8333,L55512,L,298.8,309.7,1529,44.0,136,0,0,0,0,0,0,55512
1395,L48574,L,299.1,310.4,1527,44.0,149,0,0,0,0,0,0,48574
4019,M18878,M,302.0,310.8,1783,23.1,190,0,0,0,0,0,0,18878
5090,M19949,M,303.9,313.1,1483,47.2,71,0,0,0,0,0,0,19949
7918,L55097,L,300.9,312.1,1474,42.4,171,0,0,0,0,0,0,55097
4600,L51779,L,303.1,311.1,1420,55.8,113,0,0,0,0,0,0,51779
1841,M16700,M,297.7,307.2,1405,43.7,2,0,0,0,0,0,0,16700
5217,M20076,M,303.7,312.7,1316,51.8,197,0,0,0,0,0,0,20076
4315,H33728,H,301.4,310.1,1623,32.3,39,0,0,0,0,0,0,33728
9379,L56558,L,297.6,308.3,1816,28.8,106,0,0,0,0,0,0,56558
1374,M16233,M,298.8,310.3,1366,59.0,94,0,0,0,0,0,0,16233
2861,H32274,H,300.6,309.4,1463,49.2,235,0,0,0,0,0,0,32274
2758,L49937,L,299.8,309.2,1439,36.1,203,0,0,0,0,0,0,49937
3244,L50423,L,301.0,309.6,1724,28.1,133,0,0,0,0,0,0,50423
225,L47404,L,298.3,308.6,1584,29.3,162,0,0,0,0,0,0,47404
3573,L50752,L,301.8,310.6,1451,50.7,108,0,0,0,0,0,0,50752
8449,L55628,L,298.5,310.0,1492,41.2,19,0,0,0,0,0,0,55628
2693,L49872,L,300.1,309.7,1641,30.4,41,0,0,0,0,0,0,49872
9643,L56822,L,299.4,310.5,1372,46.3,173,0,0,0,0,0,0,56822
6157,L53336,L,301.1,311.1,1508,41.5,184,0,0,0,0,0,0,53336
3025,L50204,L,300.5,309.6,1465,41.6,217,0,0,0,0,0,0,50204
6482,L53661,L,300.7,309.8,1406,48.4,151,0,0,0,0,0,0,53661
6736,L53915,L,301.6,311.0,1485,40.1,142,0,0,0,0,0,0,53915
535,L47714,L,297.5,309.3,1623,33.4,74,0,0,0,0,0,0,47714
4168,M19027,M,302.3,310.7,1559,33.9,119,0,0,0,0,0,0,19027
229,M15088,M,298.3,308.5,1629,37.1,170,0,0,0,0,0,0,15088
6515,L53694,L,301.0,309.9,1507,41.8,19,0,0,0,0,0,0,53694
1098,H30511,H,296.9,307.5,1397,48.3,22,0,0,0,0,0,0,30511
2742,L49921,L,299.6,309.0,1378,51.9,162,0,0,0,0,0,0,49921
2451,L49630,L,299.2,308.7,1492,37.8,91,0,0,0,0,0,0,49630
8555,L55734,L,298.1,309.0,1592,33.9,85,0,0,0,0,0,0,55734
784,H30197,H,296.7,307.9,1579,33.4,50,0,0,0,0,0,0,30197
6419,H35832,H,300.3,309.9,1405,52.1,205,0,0,0,0,0,0,35832
5135,L52314,L,304.1,313.3,1438,45.5,188,0,0,0,0,0,0,52314
8237,L55416,L,299.2,310.6,1498,41.1,88,0,0,0,0,0,0,55416
1035,M15894,M,296.3,307.4,1958,19.1,67,0,0,0,0,0,0,15894
1496,H30909,H,297.9,308.5,1383,44.6,184,0,0,0,0,0,0,30909
3900,M18759,M,302.1,311.0,1711,28.7,83,0,0,0,0,0,0,18759
1475,M16334,M,298.5,309.5,1366,61.9,130,0,0,0,0,0,0,16334
218,L47397,L,298.3,308.5,1664,31.6,144,0,0,0,0,0,0,47397
6143,L53322,L,300.9,310.9,1755,27.9,148,0,0,0,0,0,0,53322
7800,L54979,L,300.0,311.4,1374,41.9,96,0,0,0,0,0,0,54979
7438,L54617,L,299.8,311.3,1727,30.0,24,0,0,0,0,0,0,54617
9521,L56700,L,299.0,310.1,1375,48.9,59,0,0,0,0,0,0,56700
3912,M18771,M,302.3,311.3,1339,50.8,123,0,0,0,0,0,0,18771
2086,L49265,L,299.5,309.3,1462,46.7,7,0,0,0,0,0,0,49265
9528,L56707,L,299.1,310.4,1550,43.9,79,0,0,0,0,0,0,56707
5688,L52867,L,302.3,311.7,2170,18.2,91,0,0,0,0,0,0,52867
91,L47270,L,298.9,308.9,1753,25.8,33,0,0,0,0,0,0,47270
4515,L51694,L,302.4,310.3,1479,36.2,115,0,0,0,0,0,0,51694
5537,M20396,M,302.3,311.8,1363,54.0,119,0,0,0,0,0,1,20396
9436,L56615,L,298.0,308.7,1443,49.3,52,0,0,0,0,0,0,56615
1256,H30669,H,297.5,308.9,1419,50.7,7,0,0,0,0,0,0,30669
6832,L54011,L,301.1,311.0,1565,52.3,183,0,0,0,0,0,0,54011
8387,M23246,M,298.9,309.9,1501,37.1,70,0,0,0,0,0,0,23246
6413,L53592,L,300.4,310.0,1423,44.2,189,0,0,0,0,0,0,53592
7982,L55161,L,301.0,312.3,1445,36.4,105,0,0,0,0,0,0,55161
4720,M19579,M,303.4,311.7,1690,34.9,189,0,0,0,0,0,0,19579
4005,L51184,L,302.0,311.1,1373,55.7,157,0,0,0,0,0,0,51184
7331,H36744,H,299.8,310.2,1537,36.6,191,0,0,0,0,0,0,36744
2155,M17014,M,299.3,308.9,1767,24.8,196,0,0,0,0,0,0,17014
5949,L53128,L,300.7,310.8,2113,18.5,95,0,0,0,0,0,0,53128
341,L47520,L,297.4,308.1,1474,39.4,20,0,0,0,0,0,0,47520
1233,L48412,L,297.2,308.6,1500,37.1,161,0,0,0,0,0,0,48412
873,M15732,M,295.8,306.4,1335,51.7,69,0,0,0,0,0,0,15732
9922,M24781,M,298.5,308.7,1347,48.5,33,0,0,0,0,0,0,24781
441,L47620,L,297.4,308.5,1389,39.2,54,0,0,0,0,0,0,47620
8094,L55273,L,300.2,311.6,1511,35.7,160,0,0,0,0,0,0,55273
9696,L56875,L,298.9,309.9,1592,32.0,60,0,0,0,0,0,0,56875
2719,L49898,L,299.5,309.1,1357,47.3,106,0,0,0,0,0,0,49898
756,H30169,H,296.8,308.1,1492,43.7,222,0,0,0,0,0,0,30169
7561,M22420,M,300.3,311.3,1377,53.8,125,0,0,0,0,0,0,22420
3923,M18782,M,302.6,311.4,1757,29.5,151,0,0,0,0,0,0,18782
1842,L49021,L,297.7,307.2,1668,37.8,5,0,0,0,0,0,0,49021
8729,M23588,M,297.2,308.7,1398,38.1,88,0,0,0,0,0,0,23588
9935,L57114,L,298.3,308.2,1472,44.3,71,0,0,0,0,0,0,57114
2214,L49393,L,299.7,309.1,1473,39.4,125,0,0,0,0,0,0,49393
2522,L49701,L,298.8,308.6,1584,34.4,42,0,0,0,0,0,0,49701
5722,M20581,M,302.3,311.8,1443,43.4,175,0,0,0,0,0,0,20581
1322,L48501,L,298.9,310.2,1362,53.0,185,0,0,0,0,0,0,48501
5162,M20021,M,304.1,313.2,2028,18.9,45,0,0,0,0,0,0,20021
3961,L51140,L,302.2,311.4,1390,48.1,40,0,0,0,0,0,0,51140
1766,L48945,L,298.2,307.6,1368,51.8,5,0,0,0,0,0,0,48945
4318,M19177,M,301.5,310.0,1417,44.6,49,0,0,0,0,0,0,19177
7345,L54524,L,299.6,310.1,1384,49.8,11,0,0,0,0,0,0,54524
9514,M24373,M,299.0,310.2,1598,33.4,44,0,0,0,0,0,0,24373
8914,M23773,M,297.2,308.5,1487,46.9,173,0,0,0,0,0,0,23773
6594,L53773,L,301.6,310.7,1679,29.5,10,0,0,0,0,0,0,53773
8421,L55600,L,298.9,310.4,1546,37.7,159,0,0,0,0,0,0,55600
7070,L54249,L,300.8,310.7,1525,39.4,175,0,0,0,0,0,0,54249
8235,L55414,L,299.2,310.6,1534,39.7,83,0,0,0,0,0,0,55414
5602,L52781,L,302.9,312.2,1605,33.9,86,0,0,0,0,0,0,52781
1546,M16405,M,298.4,309.0,1544,38.8,97,0,0,0,0,0,0,16405
2286,L49465,L,299.4,308.7,1381,56.7,102,0,0,0,0,0,0,49465
9181,L56360,L,297.9,309.1,1507,36.9,13,0,0,0,0,0,0,56360
2530,M17389,M,298.8,308.6,1571,33.7,61,0,0,0,0,0,0,17389
6336,M21195,M,300.4,309.8,1430,43.4,198,0,0,0,0,0,0,21195
4341,M19200,M,301.7,309.9,1533,40.9,106,0,0,0,0,0,0,19200
4880,H34293,H,303.7,312.5,1520,35.6,154,0,0,0,0,0,0,34293
1247,H30660,H,297.2,308.5,1653,33.3,207,0,0,0,0,0,0,30660
4828,L52007,L,303.4,311.8,1438,58.9,22,0,0,0,0,0,0,52007
2803,M17662,M,300.3,309.6,1509,46.6,95,0,0,0,0,0,0,17662
9971,H39384,H,298.4,308.1,1891,24.7,158,0,0,0,0,0,0,39384
2333,L49512,L,299.2,308.5,1378,50.4,220,0,0,0,1,0,1,49512
2129,L49308,L,299.4,309.0,1800,24.3,128,0,0,0,0,0,0,49308
6686,L53865,L,301.6,310.9,1532,43.6,15,0,0,0,0,0,0,53865
3204,M18063,M,300.1,309.1,1533,38.0,26,0,0,0,0,0,0,18063
7748,M22607,M,300.5,311.8,1331,55.3,167,0,0,0,0,0,0,22607
1793,M16652,M,298.1,307.7,1445,48.0,73,0,0,0,0,0,0,16652
1235,H30648,H,297.2,308.5,2440,14.0,166,0,0,0,0,0,0,30648
5926,M20785,M,300.2,310.1,1619,31.3,38,0,0,0,0,0,0,20785
9765,L56944,L,298.5,309.5,1294,66.7,12,0,0,1,0,0,1,56944
7267,L54446,L,300.4,310.5,1578,32.8,26,0,0,0,0,0,0,54446
3512,L50691,L,301.8,311.0,1322,53.0,166,0,0,0,0,0,0,50691
8838,M23697,M,297.5,309.1,1540,38.5,176,0,0,0,0,0,0,23697
7937,L55116,L,300.8,311.7,1490,46.4,217,0,0,0,0,0,0,55116
3613,L50792,L,301.7,310.8,1622,37.8,0,0,0,0,0,0,0,50792
9143,L56322,L,297.6,308.5,1678,34.2,114,0,0,0,0,0,0,56322
4355,L51534,L,302.0,309.8,1456,58.1,145,0,0,0,0,0,0,51534
8456,L55635,L,298.6,309.9,1356,59.5,34,0,0,0,0,0,0,55635
9015,M23874,M,297.2,308.1,1340,61.3,207,0,0,0,1,0,1,23874
8041,L55220,L,300.8,311.9,1498,39.3,23,0,0,0,0,0,0,55220
7185,M22044,M,300.2,310.3,1593,36.1,36,0,0,0,0,0,0,22044
2659,L49838,L,300.0,309.4,1395,44.5,181,0,0,0,0,0,0,49838
8962,M23821,M,297.3,308.0,1403,45.0,77,0,0,0,0,0,0,23821
4646,L51825,L,303.3,311.4,1732,25.6,232,0,0,0,0,0,0,51825
1103,L48282,L,296.8,307.5,1347,54.8,43,0,0,0,0,0,0,48282
759,L47938,L,296.8,308.0,1497,41.7,231,0,0,0,0,0,0,47938
7955,L55134,L,301.0,311.9,1454,41.9,33,0,0,0,0,0,0,55134
2364,L49543,L,299.3,308.5,1510,45.4,72,0,0,0,0,0,0,49543
436,L47615,L,297.4,308.3,1493,41.2,43,0,0,0,0,0,0,47615
4836,M19695,M,303.4,311.9,1419,50.9,39,0,0,0,0,0,0,19695
6018,L53197,L,300.8,310.9,1398,38.2,50,0,0,0,0,0,0,53197
5243,L52422,L,303.7,313.1,1496,47.4,48,0,0,0,0,0,0,52422
4657,L51836,L,303.1,311.2,1626,32.3,21,0,0,0,0,0,0,51836
106,L47285,L,298.8,308.7,1591,31.1,68,0,0,0,0,0,0,47285
5115,M19974,M,304.2,313.8,1481,44.9,136,0,0,0,0,0,0,19974
7772,L54951,L,300.3,311.6,1709,29.5,27,0,0,0,0,0,0,54951
2375,M17234,M,299.2,308.4,1538,38.0,98,0,0,0,0,0,0,17234
9404,L56583,L,297.7,308.1,1697,29.1,179,0,0,0,0,0,0,56583
1541,M16400,M,298.4,309.1,1525,39.3,86,0,0,0,0,0,0,16400
6266,L53445,L,300.8,310.3,1383,46.6,19,0,0,0,0,0,0,53445
4412,L51591,L,302.5,310.3,1688,31.6,66,0,0,0,0,0,0,51591
488,M15347,M,297.4,309.1,1463,35.0,183,0,0,0,0,0,0,15347
9519,L56698,L,299.0,310.1,1580,41.9,55,0,0,0,0,0,0,56698
1988,M16847,M,298.2,307.8,1599,31.2,173,0,0,0,0,0,0,16847
1497,L48676,L,298.0,308.7,1268,69.4,189,0,0,1,1,0,1,48676
8260,L55439,L,299.1,310.5,1471,38.4,146,0,0,0,0,0,0,55439
7373,L54552,L,299.6,310.2,1473,42.7,81,0,0,0,0,0,0,54552
4403,H33816,H,302.3,310.2,1506,33.8,43,0,0,0,0,0,0,33816
6311,L53490,L,300.9,310.1,2090,17.8,133,0,0,0,0,0,0,53490
4606,H34019,H,302.9,311.0,1469,48.7,130,0,0,0,0,0,0,34019
4215,L51394,L,301.9,310.6,1573,36.6,15,0,0,0,0,0,0,51394
9197,L56376,L,298.0,308.9,1607,37.7,49,0,0,0,0,0,0,56376
2793,L49972,L,300.4,309.7,1584,32.6,71,0,0,0,0,0,0,49972
5039,L52218,L,304.1,313.3,1732,28.5,132,0,0,0,0,0,0,52218
5957,L53136,L,300.7,310.9,1535,37.1,113,0,0,0,0,0,0,53136
302,L47481,L,297.7,308.4,1740,27.1,136,0,0,0,0,0,0,47481
2145,L49324,L,299.4,308.9,1451,40.5,168,0,0,0,0,0,0,49324
9774,L56953,L,298.5,309.4,1560,37.9,37,0,0,0,0,0,0,56953
393,M15252,M,297.6,308.5,1490,43.4,154,0,0,0,0,0,0,15252
7578,L54757,L,300.4,311.2,1530,32.0,169,0,0,0,0,0,0,54757
3269,M18128,M,301.3,310.1,1525,37.8,199,0,0,0,0,0,0,18128
7811,L54990,L,300.1,311.5,2218,17.0,123,0,0,0,0,0,0,54990
5340,M20199,M,303.4,312.7,1594,32.8,79,0,0,0,0,0,0,20199
4722,L51901,L,303.5,311.8,1927,21.9,195,0,0,0,0,0,0,51901
4001,L51180,L,302.1,311.2,1422,50.3,146,0,0,0,0,0,0,51180
3931,M18790,M,302.6,311.6,2041,19.2,174,0,0,0,0,0,0,18790
4876,L52055,L,303.7,312.4,1702,31.2,144,0,0,0,0,0,0,52055
2799,L49978,L,300.3,309.6,1568,39.6,85,0,0,0,0,0,0,49978
656,L47835,L,297.7,309.1,1435,38.8,165,0,0,0,0,0,0,47835
1825,L49004,L,298.1,307.5,1391,57.4,161,0,0,0,0,0,0,49004
1382,M16241,M,298.8,310.2,1583,35.7,116,0,0,0,0,0,0,16241
715,L47894,L,297.4,308.6,1609,36.2,116,0,0,0,0,0,0,47894
9747,L56926,L,298.8,310.0,1403,45.6,185,0,0,0,0,0,0,56926
2668,M17527,M,299.8,309.3,1663,35.2,208,0,0,0,0,0,0,17527
2952,L50131,L,300.7,309.5,1685,31.1,27,0,0,0,0,0,0,50131
5465,M20324,M,302.9,312.4,1659,33.1,152,0,0,0,0,0,0,20324
6481,L53660,L,300.7,309.9,1775,26.6,149,0,0,0,0,0,0,53660
8913,L56092,L,297.2,308.5,1446,43.7,171,0,0,0,0,0,0,56092
6918,L54097,L,301.0,311.4,1481,37.5,193,0,0,0,0,0,0,54097
2723,L49902,L,299.6,309.3,1558,34.8,115,0,0,0,0,0,0,49902
2378,M17237,M,299.2,308.3,1582,45.5,107,0,0,0,0,0,0,17237
9892,L57071,L,298.8,309.5,1374,48.1,159,0,0,0,0,0,0,57071
1377,M16236,M,298.8,310.2,1527,31.2,102,0,0,0,0,0,0,16236
1843,H31256,H,297.7,307.1,1855,22.5,7,0,0,0,0,0,0,31256
5533,L52712,L,302.4,311.8,1476,46.6,110,0,0,0,0,0,0,52712
3754,L50933,L,302.2,311.0,1463,46.8,150,0,0,0,0,0,0,50933
5934,L53113,L,300.5,310.5,1373,47.4,56,0,0,0,0,0,0,53113
3472,L50651,L,301.8,310.7,1441,49.3,58,0,0,0,0,0,0,50651
5372,L52551,L,302.9,312.3,1435,47.7,173,0,0,0,0,0,0,52551
3279,L50458,L,301.3,310.0,1506,40.8,11,0,0,0,0,0,0,50458
5521,M20380,M,302.6,312.0,1496,45.0,79,0,0,0,0,0,0,20380
2163,L49342,L,299.5,309.1,1336,42.1,217,0,0,0,0,0,0,49342
6477,L53656,L,300.5,309.7,1384,48.6,141,0,0,0,0,0,0,53656
3531,M18390,M,301.9,310.9,1441,43.7,0,0,0,0,0,0,0,18390
2860,L50039,L,300.6,309.4,1549,43.4,233,0,0,0,0,0,0,50039
1047,L48226,L,296.4,307.5,1331,47.8,99,0,0,0,0,0,0,48226
6409,L53588,L,300.3,309.9,1601,31.7,180,0,0,0,0,0,0,53588
6986,H36399,H,300.8,311.1,1698,24.8,156,0,0,0,0,0,0,36399
7963,L55142,L,301.0,312.2,1372,47.0,59,0,0,0,0,0,0,55142
8574,L55753,L,297.6,308.4,1626,32.4,130,0,0,0,0,0,0,55753
2789,L49968,L,300.3,309.6,1326,52.4,57,0,0,0,0,0,0,49968
7555,M22414,M,300.3,311.4,1371,50.2,109,0,0,0,0,0,0,22414
9288,L56467,L,298.2,308.9,1709,28.1,81,0,0,0,0,0,0,56467
2133,L49312,L,299.4,309.0,1660,28.4,139,0,0,0,0,0,0,49312
2951,M17810,M,300.7,309.5,1445,46.4,24,0,0,0,0,0,0,17810
9427,L56606,L,298.1,308.7,1341,55.7,30,0,0,0,0,0,0,56606
4257,M19116,M,302.6,311.0,1591,33.9,119,0,0,0,0,0,0,19116
5903,L53082,L,300.9,310.6,1598,35.4,186,0,0,0,0,0,0,53082
9258,M24117,M,298.3,309.1,1296,58.7,201,0,0,0,0,0,0,24117
6516,L53695,L,301.0,310.0,1480,43.5,21,0,0,0,0,0,0,53695
6424,M21283,M,300.3,310.0,1537,37.5,6,0,0,0,0,0,0,21283
1050,L48229,L,296.5,307.6,1415,44.2,106,0,0,0,0,0,0,48229
6395,M21254,M,300.2,309.7,1408,44.0,144,0,0,0,0,0,0,21254
1973,L49152,L,297.9,307.6,1612,30.7,134,0,0,0,0,0,0,49152
6530,L53709,L,301.3,310.6,1481,40.9,57,0,0,0,0,0,0,53709
4861,M19720,M,303.6,312.4,1504,49.5,109,0,0,0,0,0,0,19720
1667,L48846,L,298.2,307.9,1551,36.0,186,0,0,0,0,0,0,48846
4963,M19822,M,304.0,312.7,1456,51.2,160,0,0,0,0,0,0,19822
6196,L53375,L,300.9,310.8,1729,30.2,53,0,0,0,0,0,0,53375
4418,L51597,L,302.6,310.4,1365,66.8,80,0,1,1,0,0,1,51597
4590,L51769,L,302.8,311.1,1721,30.0,87,0,0,0,0,0,0,51769
8342,L55521,L,298.8,309.7,1751,29.6,160,0,0,0,0,0,0,55521
5511,L52690,L,302.8,312.1,1418,51.4,54,0,0,0,0,0,0,52690
9188,L56367,L,297.9,309.0,1379,47.3,28,0,0,0,0,0,0,56367
1249,L48428,L,297.2,308.6,1489,40.2,214,0,0,0,0,0,0,48428
41,L47220,L,298.8,309.1,1362,45.4,113,0,0,0,0,0,0,47220
454,L47633,L,297.4,308.7,1510,36.2,92,0,0,0,0,0,0,47633
581,M15440,M,297.8,309.8,1798,25.5,203,0,0,0,0,0,0,15440
8320,L55499,L,298.7,309.7,1393,45.7,99,0,0,0,0,0,0,55499
2617,L49796,L,299.4,309.1,1207,66.5,66,0,0,0,0,0,0,49796
4040,L51219,L,301.9,310.8,1567,39.3,9,0,0,0,0,0,0,51219
8773,L55952,L,297.5,308.6,1621,28.9,0,0,0,0,0,0,0,55952
8440,L55619,L,298.6,309.8,1637,34.6,207,0,0,0,0,0,0,55619
6650,M21509,M,301.5,310.4,1350,54.9,153,0,0,0,0,0,0,21509
6177,L53356,L,301.0,310.9,1515,37.3,6,0,0,0,0,0,0,53356
6790,M21649,M,301.1,310.5,1646,30.7,76,0,0,0,0,0,0,21649
9000,L56179,L,297.1,307.9,1492,39.4,171,0,0,0,0,0,0,56179
5056,H34469,H,303.8,312.9,1378,45.6,184,0,0,0,0,0,0,34469
5467,M20326,M,302.9,312.3,1426,44.7,157,0,0,0,0,0,0,20326
7520,L54699,L,300.2,311.6,1999,21.0,19,0,0,0,0,0,0,54699
2239,L49418,L,299.3,308.6,1474,49.6,191,0,0,0,0,0,0,49418
5532,M20391,M,302.3,311.7,1504,37.3,107,0,0,0,0,0,0,20391
819,L47998,L,296.8,307.6,1304,48.7,142,0,0,0,0,0,0,47998
8974,L56153,L,296.8,307.4,1549,48.3,105,0,0,0,0,0,0,56153
8273,L55452,L,298.9,310.6,1363,52.6,190,0,0,0,0,0,0,55452
4865,L52044,L,303.6,312.3,1451,43.4,119,0,0,0,0,0,0,52044
9198,M24057,M,297.9,308.8,1469,49.0,51,0,0,0,0,0,0,24057
3582,M18441,M,301.8,310.6,1459,40.2,128,0,0,0,0,0,0,18441
2321,H31734,H,299.2,308.8,1440,39.1,188,0,0,0,0,0,0,31734
7247,L54426,L,299.9,310.1,1681,29.1,197,0,0,0,0,0,0,54426
1279,L48458,L,298.2,309.4,1398,52.9,79,0,0,0,0,0,0,48458
640,L47819,L,298.0,309.6,1403,51.3,122,0,0,0,0,0,0,47819
4889,L52068,L,303.7,312.4,1512,39.2,184,0,0,0,0,0,0,52068
5961,L53140,L,300.5,310.7,1606,33.5,121,0,0,0,0,0,0,53140
9159,H38572,H,297.4,308.4,1487,46.2,150,0,0,0,0,0,0,38572
2643,L49822,L,299.8,309.5,1542,40.3,141,0,0,0,0,0,0,49822
4806,L51985,L,303.6,312.6,1606,33.6,184,0,0,0,0,0,0,51985
3955,M18814,M,302.3,311.4,1909,23.2,25,0,0,0,0,0,0,18814
4999,M19858,M,303.6,312.8,1825,25.2,29,0,0,0,0,0,0,19858
1664,M16523,M,298.1,307.9,1759,28.6,176,0,0,0,0,0,0,16523
7504,M22363,M,300.3,311.7,1646,28.9,198,0,0,0,0,0,0,22363
8012,L55191,L,300.8,311.8,1427,43.3,180,0,0,0,0,0,0,55191
6762,L53941,L,301.5,310.9,1400,50.8,2,0,0,0,0,0,0,53941
452,H29865,H,297.5,308.6,1440,46.1,84,0,0,0,0,0,0,29865
677,H30090,H,297.9,309.2,1577,34.7,5,0,0,0,0,0,0,30090
1264,L48443,L,297.8,309.2,1400,56.9,34,0,0,0,0,0,0,48443
4630,L51809,L,303.0,311.2,1735,26.1,194,0,0,0,0,0,0,51809
4377,M19236,M,301.9,309.6,1551,34.6,211,0,0,0,0,0,0,19236
9713,M24572,M,299.1,310.2,1456,48.4,101,0,0,0,0,0,0,24572
5980,H35393,H,300.6,310.7,1501,45.3,175,0,0,0,0,0,0,35393
1303,L48482,L,298.6,309.8,1505,45.7,144,0,0,0,0,1,0,48482
6326,L53505,L,300.7,310.1,1721,32.3,170,0,0,0,0,0,0,53505
5522,L52701,L,302.6,311.9,1397,46.9,82,0,0,0,0,0,0,52701
5811,L52990,L,301.3,311.0,1856,21.9,189,0,0,0,0,0,0,52990
2371,L49550,L,299.2,308.4,1620,34.1,89,0,0,0,0,0,0,49550
4151,L51330,L,301.9,310.4,1610,34.8,71,0,0,0,0,0,0,51330
1003,L48182,L,296.3,307.2,1646,35.0,192,0,0,0,0,0,0,48182
8143,M23002,M,299.7,311.0,1448,49.8,80,0,0,0,0,0,0,23002
6906,M21765,M,301.0,311.5,1550,34.9,162,0,0,0,0,0,0,21765
9303,M24162,M,298.1,308.9,1804,25.1,118,0,0,0,0,0,0,24162
2443,M17302,M,299.1,308.4,1332,51.7,71,0,0,0,0,0,0,17302
6773,L53952,L,301.3,310.7,1536,39.3,31,0,0,0,0,0,0,53952
9154,L56333,L,297.5,308.6,1546,33.8,139,0,0,0,0,0,0,56333
244,L47423,L,298.0,308.2,1442,44.1,204,0,0,0,0,0,0,47423
1705,M16564,M,298.1,307.8,1503,44.7,54,0,0,0,0,0,0,16564
8350,M23209,M,298.7,309.5,1487,33.6,183,0,0,0,0,0,0,23209
7146,L54325,L,300.5,310.0,1413,44.5,152,0,0,0,0,0,0,54325
8249,L55428,L,298.9,310.3,1456,44.1,118,0,0,0,0,0,0,55428
9623,L56802,L,298.9,310.0,1794,27.2,114,0,0,0,0,0,0,56802
2339,L49518,L,299.3,308.3,1651,28.0,6,0,0,0,0,0,0,49518
8476,M23335,M,298.5,309.7,1557,37.7,86,0,0,0,0,0,0,23335
7153,L54332,L,300.2,309.9,1566,36.4,170,0,0,0,0,0,0,54332
7628,L54807,L,300.5,311.7,1445,44.8,83,0,0,0,0,0,0,54807
4239,M19098,M,302.3,311.0,1521,34.8,72,0,0,0,0,0,0,19098
51,L47230,L,298.9,309.1,2861,4.6,143,0,0,1,0,0,1,47230
3229,L50408,L,300.5,309.3,1475,46.8,94,0,0,0,0,0,0,50408
8663,L55842,L,297.5,308.6,1514,36.9,134,0,0,0,0,0,0,55842
8717,M23576,M,297.1,308.6,1717,31.3,61,0,0,0,0,0,0,23576
1871,L49050,L,298.3,308.0,1486,42.3,86,0,0,0,0,0,0,49050
5927,L53106,L,300.2,310.1,1440,51.1,41,0,0,0,0,0,0,53106
2620,L49799,L,299.4,309.2,1569,40.8,73,0,0,0,0,0,0,49799
9118,M23977,M,297.6,308.7,1475,46.6,54,0,0,0,0,0,0,23977
8834,L56013,L,297.4,308.8,1529,41.3,165,0,0,0,0,0,0,56013
2644,M17503,M,299.8,309.4,1401,48.1,143,0,0,0,0,0,0,17503
9750,H39163,H,298.8,310.1,1483,45.4,192,0,0,0,0,0,0,39163
6883,L54062,L,300.9,311.4,2073,21.4,105,0,0,0,0,0,0,54062
9792,M24651,M,298.5,309.4,1521,37.5,94,0,0,0,0,0,0,24651
3798,L50977,L,302.1,310.8,1622,36.8,45,0,0,0,0,0,0,50977
1624,L48803,L,297.7,307.6,1921,22.9,68,0,0,0,0,0,0,48803
467,L47646,L,297.2,308.5,1550,41.5,125,0,0,0,0,0,0,47646
8668,M23527,M,297.5,308.8,1455,46.1,147,0,0,0,0,0,0,23527
4170,L51349,L,302.1,310.5,1559,36.0,124,0,0,0,0,0,0,51349
1179,L48358,L,297.3,308.5,1398,60.4,12,0,0,0,0,0,0,48358
2074,L49253,L,299.6,309.4,1677,31.1,191,0,0,0,0,0,0,49253
3522,L50701,L,301.9,311.0,1541,38.9,193,0,0,0,0,0,0,50701
4192,L51371,L,302.4,311.0,1317,59.4,179,0,0,0,0,0,0,51371
8373,M23232,M,298.8,309.7,1448,44.8,31,0,0,0,0,0,0,23232
143,M15002,M,298.6,308.4,1778,28.2,161,0,0,0,0,0,0,15002
3345,L50524,L,301.4,310.7,1706,27.9,170,0,0,0,0,0,0,50524
7149,M22008,M,300.3,309.8,1617,40.8,158,0,0,0,0,0,0,22008
1466,L48645,L,298.7,309.8,1546,40.9,109,0,0,0,0,0,0,48645
5685,H35098,H,302.2,311.6,1594,36.8,82,0,0,0,0,0,0,35098
989,H30402,H,296.3,307.1,1774,25.9,154,0,0,0,0,0,0,30402
626,L47805,L,298.3,310.1,1545,36.3,90,0,0,0,0,0,0,47805
4300,L51479,L,301.7,310.1,1402,50.1,3,0,0,0,0,0,0,51479
2801,M17660,M,300.2,309.5,1500,45.7,89,0,0,0,0,0,0,17660
9810,M24669,M,298.2,309.0,1353,50.3,150,0,0,0,0,0,0,24669
2711,L49890,L,299.6,309.1,1574,39.2,83,0,0,0,0,0,0,49890
8964,M23823,M,297.2,307.9,1687,30.4,82,0,0,0,0,0,0,23823
9949,L57128,L,298.2,307.8,1804,25.1,108,0,0,0,0,0,0,57128
1357,L48536,L,298.6,309.9,1593,37.4,47,0,0,0,0,0,0,48536
8069,M22928,M,300.5,311.9,1676,35.2,97,0,0,0,0,0,0,22928
3214,L50393,L,300.4,309.2,1752,29.0,52,0,0,0,0,0,0,50393
4891,L52070,L,303.7,312.4,1525,43.9,188,0,0,0,0,0,0,52070
2097,M16956,M,299.5,309.4,1387,56.2,32,0,0,0,0,0,0,16956
1243,L48422,L,297.1,308.4,1468,44.4,197,0,0,0,0,0,0,48422
743,L47922,L,296.8,308.2,1643,34.7,191,0,0,0,0,0,0,47922
2250,L49429,L,299.2,308.5,1442,46.5,11,0,0,0,0,0,0,49429
8622,M23481,M,297.6,308.5,1431,52.6,26,0,0,0,0,0,0,23481
181,L47360,L,298.2,308.3,1475,49.9,47,0,0,0,0,0,0,47360
6067,L53246,L,301.0,311.0,1804,25.8,174,0,0,0,0,0,0,53246
1393,M16252,M,299.0,310.3,1494,46.6,144,0,0,0,0,0,0,16252
3208,M18067,M,300.2,309.0,1642,31.2,37,0,0,0,0,0,0,18067
4809,L51988,L,303.5,312.3,1404,48.6,193,0,0,0,0,0,0,51988
3998,L51177,L,302.2,311.1,1394,53.7,140,0,0,0,0,0,0,51177
7557,L54736,L,300.3,311.4,1471,37.0,114,0,0,0,0,0,0,54736
2276,L49455,L,299.3,308.6,1605,37.0,78,0,0,0,0,0,0,49455
5698,L52877,L,302.5,311.9,1354,49.4,117,0,0,0,0,0,0,52877
9836,L57015,L,298.4,309.3,1545,36.9,3,0,0,0,0,0,0,57015
1501,M16360,M,298.0,308.7,2101,17.4,198,0,0,0,0,0,0,16360
6320,L53499,L,300.8,310.2,1514,40.0,155,0,0,0,0,0,0,53499
7530,L54709,L,300.1,311.4,1467,35.7,45,0,0,0,0,0,0,54709
2929,M17788,M,300.8,309.7,1258,54.9,168,0,0,0,0,0,0,17788
7206,L54385,L,299.8,309.7,1483,39.6,87,0,0,0,0,0,0,54385
7992,L55171,L,301.1,312.3,1534,39.0,129,0,0,0,0,0,0,55171
3870,L51049,L,302.7,311.7,1480,45.2,8,0,0,0,0,0,0,51049
8227,L55406,L,299.1,310.5,1389,61.4,64,0,0,0,0,0,0,55406
4354,M19213,M,302.0,309.7,1386,62.7,142,0,0,1,0,0,1,19213
45,M14904,M,298.8,309.1,1472,47.5,125,0,0,0,0,0,0,14904
7045,M21904,M,300.7,310.6,1505,35.6,105,0,0,0,0,0,0,21904
4552,M19411,M,302.6,310.5,1524,33.7,204,0,0,0,0,0,0,19411
7217,M22076,M,300.0,309.9,1651,28.1,114,0,0,0,0,0,0,22076
5480,M20339,M,302.7,312.1,1564,32.1,188,0,0,0,0,0,0,20339
7529,M22388,M,300.1,311.3,1748,26.6,42,0,0,0,0,0,0,22388
988,M15847,M,296.3,307.1,1534,33.8,151,0,0,0,0,0,0,15847
9231,L56410,L,298.2,309.2,1922,22.6,132,0,0,0,0,0,0,56410
1192,M16051,M,297.2,308.3,1776,28.0,43,0,0,0,0,0,0,16051
5253,L52432,L,303.5,313.0,1322,59.5,71,0,0,0,0,0,0,52432
3068,L50247,L,300.1,309.2,1533,37.0,101,0,0,0,0,0,0,50247
6756,M21615,M,301.8,311.1,1663,31.6,199,0,0,0,0,0,0,21615
9221,L56400,L,297.8,308.9,1282,58.1,108,0,0,0,0,0,0,56400
6360,L53539,L,300.1,309.8,1430,56.7,44,0,0,0,0,0,0,53539
1872,L49051,L,298.3,308.1,1840,21.5,88,0,0,0,0,0,0,49051
3928,H33341,H,302.7,311.5,1556,35.0,164,0,0,0,0,0,0,33341
400,L47579,L,297.4,308.4,1392,49.7,174,0,0,0,0,0,0,47579
1139,L48318,L,296.9,307.9,1435,41.6,139,0,0,0,0,0,0,48318
4849,H34262,H,303.5,312.0,1397,52.9,80,0,0,0,0,0,0,34262
9771,H39184,H,298.6,309.5,1584,31.8,27,0,0,0,0,0,0,39184
4731,L51910,L,303.3,311.7,1508,35.5,217,0,0,0,0,0,0,51910
7659,M22518,M,300.4,311.6,1359,55.4,160,0,0,0,0,0,0,22518
1883,M16742,M,298.0,307.6,1581,43.4,113,0,0,0,0,0,0,16742
4596,M19455,M,303.0,311.2,1460,43.9,103,0,0,0,0,0,0,19455
7102,L54281,L,300.8,310.2,1850,22.8,33,0,0,0,0,0,0,54281
8939,M23798,M,297.4,308.4,1517,41.0,18,0,0,0,0,0,0,23798
6971,L54150,L,300.7,311.0,1436,44.9,119,0,0,0,0,0,0,54150
9349,L56528,L,298.2,308.7,1436,49.1,26,0,0,0,0,0,0,56528
7182,L54361,L,300.2,310.3,1331,52.1,30,0,0,0,0,0,0,54361
8654,M23513,M,297.4,308.3,1335,57.9,113,0,0,0,0,0,0,23513
303,H29716,H,297.8,308.4,1512,35.1,138,0,0,0,0,0,0,29716
672,L47851,L,297.5,308.9,1554,34.8,204,0,0,0,0,0,0,47851
2140,L49319,L,299.3,309.0,1415,47.6,156,0,0,0,0,0,0,49319
4743,L51922,L,303.3,311.3,1592,33.7,14,0,0,0,0,0,0,51922
7679,M22538,M,300.6,311.7,1389,52.1,210,0,0,0,0,0,0,22538
8241,L55420,L,299.0,310.4,1483,41.5,96,0,0,0,0,0,0,55420
3964,H33377,H,302.3,311.5,1526,38.2,47,0,0,0,0,0,0,33377
299,H29712,H,297.9,308.5,2129,18.7,126,0,0,0,0,0,0,29712
6749,H36162,H,301.7,311.0,2016,19.3,180,0,0,0,0,0,0,36162
9139,L56318,L,297.6,308.6,1522,37.0,106,0,0,0,0,0,0,56318
4941,L52120,L,303.6,312.6,1502,39.5,103,0,0,0,0,0,0,52120
1069,L48248,L,296.8,307.8,1394,47.7,155,0,0,0,0,0,0,48248
5367,H34780,H,303.1,312.6,1404,40.6,152,0,0,0,0,0,0,34780
6778,L53957,L,301.2,310.7,1951,21.3,44,0,0,0,0,0,0,53957
8290,L55469,L,298.9,310.6,1406,43.8,12,0,0,0,0,0,0,55469
746,L47925,L,296.7,308.0,1451,50.7,197,0,0,0,0,0,0,47925
4106,L51285,L,302.0,310.6,1583,35.2,171,0,0,0,0,0,0,51285
785,L47964,L,296.7,307.9,1743,27.9,55,0,0,0,0,0,0,47964
3140,H32553,H,300.4,309.9,1513,38.7,76,0,0,0,0,0,0,32553
7672,M22531,M,300.5,311.6,1456,51.1,193,0,0,0,0,0,0,22531
5255,L52434,L,303.5,313.1,1897,23.6,75,0,0,0,0,0,0,52434
9262,H38675,H,298.3,309.0,1470,38.4,10,0,0,0,0,0,0,38675
8602,H38015,H,297.4,308.2,1359,46.9,199,0,0,0,0,0,0,38015
3739,M18598,M,302.3,311.2,1454,43.8,112,0,0,0,0,0,0,18598
3869,M18728,M,302.7,311.7,1759,29.9,5,0,0,0,0,0,0,18728
9222,M24081,M,297.8,309.0,1675,30.0,110,0,0,0,0,0,0,24081
5027,L52206,L,303.9,313.2,1481,40.0,100,0,0,0,0,0,0,52206
2611,H32024,H,299.4,309.1,1547,40.9,50,0,0,0,0,0,0,32024
9223,M24082,M,297.9,309.0,1525,38.5,113,0,0,0,0,0,0,24082
3718,H33131,H,302.3,311.4,1443,44.1,51,0,0,0,0,0,0,33131
1457,L48636,L,299.0,310.3,1501,43.0,91,0,0,0,0,0,0,48636
4890,L52069,L,303.7,312.5,1632,36.6,186,0,0,0,0,0,0,52069
4688,L51867,L,303.5,311.6,2183,17.0,110,0,0,0,0,0,0,51867
9177,L56356,L,297.8,308.9,1518,40.4,2,0,0,0,0,0,0,56356
6391,L53570,L,300.3,309.8,1450,55.0,135,0,0,0,0,0,0,53570
3591,L50770,L,301.8,310.6,1403,46.8,151,0,0,0,0,0,0,50770
3134,H32547,H,300.2,309.6,1442,49.2,61,0,0,0,0,0,0,32547
193,H29606,H,298.2,308.4,1398,51.8,76,0,0,0,0,0,0,29606
1629,L48808,L,297.9,307.8,1451,38.2,80,0,0,0,0,0,0,48808
8201,L55380,L,299.3,310.8,1426,42.4,0,0,0,0,0,0,0,55380
4494,L51673,L,302.7,310.5,1511,37.7,60,0,0,0,0,0,0,51673
8778,H38191,H,297.5,308.6,1481,38.8,14,0,0,0,0,0,0,38191
7590,L54769,L,300.4,311.0,1802,26.0,197,0,0,0,0,0,0,54769
6376,H35789,H,300.0,309.6,1629,32.3,89,0,0,0,0,0,0,35789
5381,L52560,L,302.8,312.3,1494,37.5,198,0,0,0,0,0,0,52560
9185,L56364,L,298.0,309.2,1665,36.6,22,0,0,0,0,0,0,56364
7186,L54365,L,300.3,310.4,1672,29.2,39,0,0,0,0,0,0,54365
1663,H31076,H,298.2,307.9,1462,45.5,171,0,0,0,0,0,0,31076
910,L48089,L,295.5,306.0,1456,39.2,167,0,0,0,0,0,0,48089
4535,L51714,L,302.4,310.2,1633,28.0,164,0,0,0,0,0,0,51714
8410,L55589,L,298.5,309.6,1861,26.9,130,0,0,0,0,0,0,55589
4724,L51903,L,303.4,311.8,1366,50.9,200,0,1,0,0,0,1,51903
9761,M24620,M,298.5,309.6,1509,47.3,2,0,0,0,0,0,0,24620
5164,M20023,M,304.2,313.4,1713,23.5,50,0,0,0,0,0,0,20023
1147,L48326,L,297.0,307.9,1529,42.2,157,0,0,0,0,0,0,48326
2499,L49678,L,299.1,308.9,1467,47.2,218,0,0,0,0,0,0,49678
9265,M24124,M,298.3,309.0,1526,36.9,20,0,0,0,0,0,0,24124
5846,M20705,M,301.4,311.2,1727,26.5,43,0,0,0,0,0,0,20705
5003,L52182,L,303.7,312.8,1627,31.7,40,0,0,0,0,0,0,52182
1746,L48925,L,298.5,308.0,1624,29.8,160,0,0,0,0,0,0,48925
7368,M22227,M,299.5,310.1,1359,61.1,67,0,0,0,0,0,0,22227
7910,L55089,L,300.7,312.2,1590,38.5,148,0,0,0,0,0,0,55089
5728,M20587,M,302.3,311.8,1559,34.4,191,0,0,0,0,0,0,20587
9624,L56803,L,298.9,310.1,1356,47.8,116,0,0,0,0,0,0,56803
7334,M22193,M,299.9,310.4,1367,53.3,201,0,0,0,0,0,0,22193
8959,M23818,M,297.4,308.1,1734,27.7,70,0,0,0,0,0,0,23818
3090,H32503,H,300.1,309.3,1520,38.2,158,0,0,0,0,0,0,32503
1456,L48635,L,299.0,310.4,1382,53.0,89,0,0,0,0,0,0,48635
3556,L50735,L,301.8,310.7,1551,37.7,64,0,0,0,0,0,0,50735
5157,L52336,L,304.2,313.4,1482,41.4,32,0,0,0,0,0,0,52336
5529,L52708,L,302.4,311.8,1384,50.9,99,0,0,0,0,0,0,52708
4436,L51615,L,302.3,310.1,1321,52.7,134,0,1,0,0,0,1,51615
3011,L50190,L,300.3,309.6,1537,37.1,187,0,0,0,0,0,0,50190
5520,L52699,L,302.5,311.9,1452,47.4,77,0,0,0,0,0,0,52699
5923,L53102,L,300.5,310.3,1435,43.3,31,0,0,0,0,0,0,53102
6250,L53429,L,300.7,310.1,1542,35.5,191,0,0,0,0,0,0,53429
6407,L53586,L,300.2,309.8,1526,45.6,175,0,0,0,0,0,0,53586
4658,L51837,L,303.1,311.2,1628,35.2,23,0,0,0,0,0,0,51837
5161,L52340,L,304.1,313.2,1434,50.1,43,0,0,0,0,0,0,52340
6967,L54146,L,300.7,311.0,1969,20.7,109,0,0,0,0,0,0,54146
8267,L55446,L,299.1,310.6,1818,24.1,173,0,0,0,0,0,0,55446
8455,L55634,L,298.6,310.0,1522,40.3,32,0,0,0,0,0,0,55634
126,L47305,L,298.9,308.6,1560,32.2,118,0,0,0,0,0,0,47305
8707,L55886,L,297.2,308.6,1335,53.0,39,0,0,0,0,0,0,55886
3610,M18469,M,301.7,310.9,1644,32.5,201,0,0,0,0,0,0,18469
1417,M16276,M,298.7,309.9,2083,18.2,205,0,0,0,0,0,0,16276
3404,L50583,L,301.3,310.5,1337,52.7,106,0,0,0,0,0,0,50583
3144,H32557,H,300.6,310.0,1419,42.4,90,0,0,0,0,0,0,32557
8799,L55978,L,297.3,308.4,1469,46.7,65,0,0,0,0,0,0,55978
1298,L48477,L,298.8,309.9,1428,42.4,132,0,0,0,0,0,0,48477
2798,M17657,M,300.3,309.6,1398,53.7,82,0,0,0,0,0,0,17657
1703,L48882,L,298.0,307.7,1430,47.3,49,0,0,0,0,0,0,48882
7793,H37206,H,300.1,311.4,1485,40.4,75,0,0,0,0,0,0,37206
2107,L49286,L,299.4,309.1,1645,28.6,57,0,0,0,0,0,0,49286
5742,M20601,M,302.3,311.7,1483,40.5,8,0,0,0,0,0,0,20601
4750,L51929,L,303.2,311.2,1404,50.9,31,0,0,0,0,0,0,51929
5543,L52722,L,302.3,311.7,1400,41.6,136,0,0,0,0,0,0,52722
8916,L56095,L,297.1,308.3,1403,54.1,179,0,0,0,0,0,0,56095
4513,M19372,M,302.5,310.3,1411,49.5,110,0,0,0,0,0,0,19372
1123,L48302,L,296.5,307.6,1541,38.5,98,0,0,0,0,0,0,48302
9135,L56314,L,297.7,308.7,1449,40.2,95,0,0,0,0,0,0,56314
4975,L52154,L,303.8,312.7,1414,41.7,190,0,0,0,0,0,0,52154
961,L48140,L,295.8,306.5,1534,37.9,88,0,0,0,0,0,0,48140
4689,L51868,L,303.5,311.6,1577,38.1,112,0,0,0,0,0,0,51868
7458,L54637,L,300.1,311.6,1530,36.6,74,0,0,0,0,0,0,54637
3301,H32714,H,301.3,310.4,1538,38.4,65,0,0,0,0,0,0,32714
6880,H36293,H,300.8,311.2,2237,17.0,95,0,0,0,0,0,0,36293
9444,H38857,H,298.0,308.8,1411,53.8,73,0,0,0,0,0,0,38857
6396,M21255,M,300.1,309.6,1376,52.1,147,0,0,0,0,0,0,21255
8347,L55526,L,298.7,309.7,1601,35.7,176,0,0,0,0,0,0,55526
8883,L56062,L,298.0,309.2,1378,49.7,94,0,0,0,0,0,0,56062
3697,L50876,L,302.1,311.2,1454,46.8,0,0,0,0,0,0,0,50876
3135,L50314,L,300.2,309.6,1359,51.5,66,0,0,0,0,0,0,50314
4042,L51221,L,302.0,310.9,1539,34.2,13,0,0,0,0,0,0,51221
5174,M20033,M,304.2,313.5,1739,28.1,80,0,0,0,0,0,0,20033
2176,M17035,M,299.5,309.2,1590,35.9,22,0,0,0,0,0,0,17035
8886,M23745,M,298.0,309.2,1438,42.9,101,0,0,0,0,0,0,23745
6754,L53933,L,301.6,310.9,1385,50.7,195,0,0,0,0,0,0,53933
2933,L50112,L,300.9,309.7,1460,42.1,181,0,0,0,0,0,0,50112
9595,L56774,L,299.1,310.3,1727,28.7,43,0,0,0,0,0,0,56774
4400,L51579,L,302.3,310.1,1653,29.7,34,0,0,0,0,0,0,51579
2165,L49344,L,299.6,309.2,1540,36.7,221,0,0,0,0,0,0,49344
7143,H36556,H,300.3,309.7,1452,41.5,139,0,0,0,0,0,0,36556
6127,L53306,L,300.9,310.9,1370,52.5,107,0,0,0,0,0,0,53306
3924,M18783,M,302.6,311.4,1718,31.2,154,0,0,0,0,0,0,18783
9517,L56696,L,298.9,310.1,1341,54.5,51,0,0,0,0,0,0,56696
1438,H30851,H,298.8,309.9,1439,45.2,40,0,0,0,0,0,1,30851
3170,M18029,M,300.4,309.6,1675,35.5,164,0,0,0,0,0,0,18029
3782,L50961,L,302.3,310.8,1465,43.8,7,0,0,0,0,0,0,50961
5761,M20620,M,301.9,311.3,1522,35.6,63,0,0,0,0,0,0,20620
7975,L55154,L,301.2,312.3,1528,38.4,85,0,0,0,0,0,0,55154
9895,L57074,L,298.9,309.5,1645,31.1,169,0,0,0,0,0,0,57074
2999,L50178,L,300.5,309.7,1616,34.5,155,0,0,0,0,0,0,50178
8293,H37706,H,298.9,310.5,1429,39.9,19,0,0,0,0,0,0,37706
1801,M16660,M,298.0,307.5,1524,36.3,98,0,0,0,0,0,0,16660
2007,M16866,M,298.5,308.3,1381,50.5,22,0,0,0,0,0,0,16866
8628,L55807,L,297.4,308.3,1347,45.8,43,0,0,0,0,0,0,55807
9583,M24442,M,299.3,310.5,1404,47.5,12,0,0,0,0,0,0,24442
3262,H32675,H,301.3,310.1,1469,39.7,179,0,0,0,0,0,0,32675
2821,L50000,L,300.2,309.5,1436,48.8,135,0,0,0,0,0,0,50000
9527,M24386,M,299.2,310.4,1395,55.4,76,0,0,0,0,0,0,24386
9291,L56470,L,298.2,309.0,1418,44.2,87,0,0,0,0,0,0,56470
3058,L50237,L,300.1,309.1,1400,46.7,77,0,0,0,0,0,0,50237
5444,M20303,M,303.0,312.7,1426,46.8,99,0,0,0,0,0,0,20303
3954,M18813,M,302.3,311.4,1484,39.5,22,0,0,0,0,0,0,18813
6922,L54101,L,301.1,311.6,1432,48.1,202,0,0,0,0,0,0,54101
4229,L51408,L,302.2,310.8,2203,16.6,47,0,0,0,0,0,0,51408
7687,M22546,M,300.7,311.7,1504,36.9,229,0,0,0,0,0,0,22546
821,L48000,L,296.7,307.6,1516,37.4,146,0,0,0,0,0,0,48000
2427,M17286,M,298.9,308.2,1372,63.6,30,0,0,1,0,0,1,17286
3050,L50229,L,300.1,309.2,1326,55.9,55,0,0,0,0,0,0,50229
6403,M21262,M,300.1,309.6,1584,36.7,165,0,0,0,0,0,0,21262
8419,L55598,L,298.9,310.2,1971,23.2,155,0,0,0,0,0,0,55598
8487,M23346,M,298.5,309.5,1501,40.2,114,0,0,0,0,0,0,23346
1654,L48833,L,298.0,307.8,1386,57.3,147,0,0,0,0,0,0,48833
8218,L55397,L,299.1,310.6,1577,37.1,44,0,0,0,0,0,0,55397
5158,H34571,H,304.1,313.3,1397,49.6,34,0,0,0,0,0,0,34571
4826,L52005,L,303.3,311.8,1692,30.6,18,0,0,0,0,0,0,52005
4989,L52168,L,303.8,313.1,2497,13.0,5,0,0,1,0,0,1,52168
2696,L49875,L,300.0,309.5,1869,22.7,49,0,0,0,0,0,0,49875
6681,L53860,L,301.5,310.8,1417,49.7,5,0,0,0,0,0,0,53860
5891,L53070,L,301.4,311.0,1634,32.6,155,0,0,0,0,0,0,53070
4211,L51390,L,302.1,310.8,1565,35.3,6,0,0,0,0,0,0,51390
3361,L50540,L,301.5,310.6,1394,46.5,206,0,0,0,0,0,0,50540
3809,M18668,M,302.3,310.9,1762,24.5,73,0,0,0,0,0,0,18668
4028,L51207,L,302.0,311.0,1566,37.8,218,0,0,0,0,0,0,51207
6830,H36243,H,300.9,310.9,1474,35.7,175,0,0,0,0,0,0,36243
6599,L53778,L,301.5,310.7,1424,51.1,22,0,0,0,0,0,0,53778
4943,L52122,L,303.5,312.6,1602,34.2,108,0,0,0,0,0,0,52122
203,M15062,M,298.4,308.5,1636,35.7,107,0,0,0,0,0,0,15062
537,L47716,L,297.4,309.3,1759,24.8,81,0,0,0,0,0,0,47716
6667,L53846,L,301.3,310.4,1414,51.4,199,0,0,0,0,0,0,53846
3588,H33001,H,301.8,310.5,1478,38.6,141,0,0,0,0,0,0,33001
5452,L52631,L,303.0,312.7,1361,48.8,120,0,0,0,0,0,0,52631
508,H29921,H,297.8,309.4,1445,48.2,10,0,0,0,0,0,0,29921
8467,L55646,L,298.7,309.8,1469,38.4,62,0,0,0,0,0,0,55646
88,L47267,L,299.0,309.0,1544,31.8,25,0,0,0,0,0,0,47267
3403,L50582,L,301.4,310.6,1347,53.3,104,0,0,0,0,0,0,50582
7801,M22660,M,300.1,311.4,1524,40.6,98,0,0,0,0,0,0,22660
1474,M16333,M,298.5,309.5,1315,48.9,127,0,0,0,0,0,0,16333
1790,L48969,L,298.2,307.9,1313,67.3,67,0,0,1,0,0,1,48969
3210,L50389,L,300.3,309.2,1587,31.4,43,0,0,0,0,0,0,50389
655,L47834,L,297.8,309.2,1683,30.9,163,0,0,0,0,0,0,47834
5847,L53026,L,301.4,311.3,1674,33.3,46,0,0,0,0,0,0,53026
6630,L53809,L,301.6,310.5,1397,49.4,104,0,0,0,0,0,0,53809
3688,M18547,M,302.0,311.2,1625,30.7,189,0,0,0,0,0,0,18547
6242,L53421,L,301.1,310.5,1324,52.4,171,0,0,0,0,0,0,53421
9202,L56381,L,297.8,308.7,1404,44.2,62,0,0,0,0,0,0,56381
1461,L48640,L,299.0,310.3,1437,47.8,99,0,0,0,0,0,0,48640
9608,L56787,L,298.9,310.1,1571,36.8,78,0,0,0,0,0,0,56787
9144,L56323,L,297.6,308.5,1452,42.6,116,0,0,0,0,0,0,56323
60,L47239,L,298.8,309.1,1378,54.4,165,0,0,0,0,0,0,47239
2288,L49467,L,299.4,308.6,1746,26.8,107,0,0,0,0,0,0,49467
9124,L56303,L,297.4,308.5,1462,42.8,68,0,0,0,0,0,0,56303
3758,M18617,M,302.2,311.1,1516,33.7,158,0,0,0,0,0,0,18617
5975,L53154,L,300.5,310.7,1488,39.4,159,0,0,0,0,0,0,53154
9830,M24689,M,298.4,309.4,1429,41.8,203,0,0,0,0,0,0,24689
7820,L54999,L,299.8,311.2,1369,46.2,146,0,0,0,0,0,0,54999
1545,L48724,L,298.4,309.0,1474,52.7,95,0,0,0,0,0,0,48724
3861,L51040,L,302.6,311.5,1427,38.9,213,0,0,0,0,0,0,51040
9553,M24412,M,299.3,310.8,1523,40.9,141,0,0,0,0,0,0,24412
9506,L56685,L,299.2,310.3,1429,40.1,23,0,0,0,0,0,0,56685
4982,M19841,M,303.7,312.8,1558,37.7,206,0,0,0,0,0,0,19841
3712,L50891,L,302.2,311.5,1543,38.5,37,0,0,0,0,0,0,50891
934,L48113,L,295.5,306.0,1597,37.2,16,0,0,0,0,0,0,48113
6674,L53853,L,301.6,310.7,1380,51.8,216,0,0,0,1,0,1,53853
4167,H33580,H,302.3,310.6,1525,48.7,114,0,0,0,0,0,0,33580
9358,M24217,M,298.3,308.9,1646,25.4,46,0,0,0,0,0,0,24217
8490,L55669,L,298.4,309.4,1461,46.3,121,0,0,0,0,0,0,55669
9878,L57057,L,298.8,309.7,1374,58.6,123,0,0,0,0,0,0,57057
8240,L55419,L,299.0,310.4,1339,49.6,94,0,0,0,0,0,0,55419
3509,L50688,L,301.7,310.9,1608,33.0,160,0,0,0,0,0,0,50688
3190,L50369,L,300.1,309.1,1551,33.7,214,0,0,0,0,0,0,50369
9891,L57070,L,298.8,309.5,1645,32.8,157,0,0,0,0,0,0,57070
4894,M19753,M,303.8,312.5,1448,44.3,195,0,0,0,0,0,0,19753
4695,L51874,L,303.4,311.5,1424,50.8,128,0,0,0,0,0,0,51874
8122,L55301,L,300.2,311.6,1827,27.0,22,0,0,0,0,0,0,55301
918,L48097,L,295.3,305.7,1475,51.0,187,0,0,0,0,0,0,48097
1262,H30675,H,297.6,309.0,1885,25.2,24,0,0,0,0,0,0,30675
2229,H31642,H,299.4,308.6,1542,41.8,166,0,0,0,0,0,0,31642
4269,L51448,L,302.7,311.0,1694,29.8,150,0,0,0,0,0,0,51448
7223,M22082,M,299.8,309.7,1320,61.7,134,0,0,0,0,0,0,22082
5917,L53096,L,300.6,310.2,1555,41.9,19,0,0,0,0,0,0,53096
9253,M24112,M,298.1,309.0,1533,36.1,189,0,0,0,0,0,0,24112
4416,L51595,L,302.6,310.4,1514,42.7,75,0,0,0,0,0,0,51595
8901,M23760,M,297.3,308.6,1584,29.4,141,0,0,0,0,0,0,23760
9741,M24600,M,298.9,310.1,1655,31.5,172,0,0,0,0,0,0,24600
1774,L48953,L,298.5,308.0,1384,59.5,27,0,0,0,0,0,0,48953
5612,M20471,M,303.0,312.3,1674,29.5,109,0,0,0,0,0,0,20471
5510,L52689,L,302.8,312.2,1509,36.5,52,0,0,0,0,1,0,52689
3515,H32928,H,301.9,311.0,1430,49.8,174,0,0,0,0,0,0,32928
9594,L56773,L,299.1,310.2,1352,52.8,41,0,0,0,0,0,0,56773
1608,L48787,L,297.8,307.8,1412,48.3,27,0,0,0,0,0,0,48787
9897,M24756,M,298.8,309.3,1618,35.1,173,0,0,0,0,0,0,24756
737,L47916,L,296.9,308.3,1555,38.2,175,0,0,0,0,0,0,47916
5460,L52639,L,303.1,312.5,1453,49.1,140,0,0,0,0,0,0,52639
9207,M24066,M,297.9,308.9,1547,44.0,72,0,0,0,0,0,0,24066
1336,L48515,L,299.0,310.4,1371,53.8,228,0,0,0,1,0,1,48515
370,H29783,H,297.5,308.4,1587,36.1,98,0,0,0,0,0,0,29783
6295,L53474,L,301.1,310.5,1529,38.7,91,0,0,0,0,0,0,53474
6241,M21100,M,301.2,310.7,1394,42.8,168,0,0,0,0,0,0,21100
5614,M20473,M,303.0,312.3,1483,38.8,114,0,0,0,0,0,0,20473
3828,M18687,M,302.4,310.9,1469,41.6,124,0,0,0,0,0,0,18687
38,L47217,L,298.8,309.1,1439,39.2,104,0,0,0,0,0,0,47217
2148,L49327,L,299.4,308.9,1550,33.7,174,0,0,0,0,0,0,49327
7758,M22617,M,300.3,311.7,1723,28.3,193,0,0,0,0,0,0,22617
1518,M16377,M,298.2,308.9,1408,38.8,20,0,0,0,0,0,0,16377
568,M15427,M,297.7,309.7,1680,30.2,168,0,0,0,0,0,0,15427
8830,M23689,M,297.3,308.8,1469,44.1,150,0,0,0,0,0,0,23689
7358,L54537,L,299.6,310.1,1487,42.9,42,0,0,0,0,0,0,54537
2461,L49640,L,299.0,308.6,1466,46.4,112,0,0,0,0,0,0,49640
894,M15753,M,295.7,306.2,1423,42.5,121,0,0,0,0,0,0,15753
7636,L54815,L,300.3,311.4,1526,38.5,101,0,0,0,0,0,0,54815
641,M15500,M,297.9,309.6,1515,38.8,124,0,0,0,0,0,0,15500
4546,L51725,L,302.5,310.5,1463,43.0,189,0,0,0,0,0,0,51725
2578,L49757,L,299.5,309.4,1563,41.5,183,0,0,0,0,0,0,49757
4517,L51696,L,302.5,310.3,1539,39.0,119,0,0,0,0,0,0,51696
2771,L49950,L,300.0,309.6,1364,45.9,16,0,0,0,0,0,0,49950
2091,L49270,L,299.5,309.2,1393,47.3,20,0,0,0,0,0,0,49270
292,L47471,L,298.0,308.3,1473,42.6,107,0,0,0,0,0,0,47471
5881,L53060,L,301.5,311.1,1434,49.6,129,0,0,0,0,0,0,53060
623,M15482,M,298.4,310.2,1725,32.0,80,0,0,0,0,0,0,15482
739,L47918,L,296.8,308.3,1506,45.9,182,0,0,0,0,0,0,47918
7498,M22357,M,300.3,311.8,1483,45.1,181,0,0,0,0,0,0,22357
8128,M22987,M,300.1,311.3,1650,33.8,38,0,0,0,0,0,0,22987
4246,M19105,M,302.6,311.1,1520,43.0,88,0,0,0,0,0,0,19105
7484,L54663,L,300.2,311.6,1671,28.8,149,0,0,0,0,0,0,54663
4604,H34017,H,302.9,311.0,1452,58.3,123,0,0,0,0,0,0,34017
7856,M22715,M,300.3,311.8,1592,32.1,11,0,0,0,0,0,0,22715
2253,H31666,H,299.1,308.3,1451,42.8,21,0,0,0,0,0,0,31666
3527,H32940,H,301.8,310.8,1470,37.6,204,0,0,0,0,0,0,32940
8928,M23787,M,297.4,308.4,1789,25.0,210,0,0,0,0,0,0,23787
919,M15778,M,295.3,305.7,1473,38.5,189,0,0,0,0,0,0,15778
1576,L48755,L,298.2,308.3,2057,18.0,168,0,0,0,0,0,0,48755
5759,L52938,L,301.9,311.3,1501,40.8,59,0,0,0,0,0,0,52938
8675,M23534,M,297.4,308.6,1528,29.1,163,0,0,0,0,0,0,23534
9180,H38593,H,297.9,309.1,1435,44.7,8,0,0,0,0,0,0,38593
6375,L53554,L,300.0,309.5,1506,38.8,87,0,0,0,0,0,0,53554
547,L47726,L,297.5,309.4,1809,24.3,110,0,0,0,0,0,0,47726
6285,M21144,M,301.2,310.8,1734,31.3,64,0,0,0,0,0,0,21144
453,M15312,M,297.4,308.6,1643,31.0,89,0,0,0,0,0,0,15312
7355,M22214,M,299.7,310.3,1429,47.7,35,0,0,0,0,0,0,22214
9392,H38805,H,297.6,308.2,2071,18.5,144,0,0,0,0,0,0,38805
3661,L50840,L,302.3,311.6,1398,49.1,119,0,0,0,0,0,0,50840
5010,L52189,L,303.7,312.8,1523,40.7,59,0,0,0,0,0,0,52189
2616,L49795,L,299.3,309.0,1516,38.7,64,0,0,0,0,0,0,49795
3489,L50668,L,301.9,310.9,1379,54.8,99,0,0,0,0,0,0,50668
3231,L50410,L,300.6,309.4,1556,36.0,98,0,0,0,0,0,0,50410
5960,L53139,L,300.6,310.8,1378,51.2,119,0,0,0,0,0,0,53139
1944,L49123,L,298.1,308.0,1704,30.9,61,0,0,0,0,0,0,49123
4991,L52170,L,303.9,313.2,1393,46.5,9,0,0,0,0,0,0,52170
6624,M21483,M,301.7,310.7,1442,41.1,89,0,0,0,0,0,0,21483
1580,L48759,L,298.3,308.3,1444,43.8,176,0,0,0,0,0,0,48759
7984,L55163,L,301.0,312.2,1601,33.0,109,0,0,0,0,0,0,55163
9102,H38515,H,297.3,308.2,1653,31.4,9,0,0,0,0,0,0,38515
1237,H30650,H,297.1,308.4,1359,46.6,176,0,0,0,0,0,0,30650
7891,L55070,L,300.8,312.4,1767,25.6,105,0,0,0,0,0,0,55070
4816,H34229,H,303.4,311.9,1534,33.2,210,0,0,0,0,0,0,34229
9238,M24097,M,298.1,308.8,1811,25.4,147,0,0,0,0,0,0,24097
3206,M18065,M,300.1,308.9,1548,38.4,31,0,0,0,0,0,0,18065
269,H29682,H,297.9,308.0,1800,24.8,44,0,0,0,0,0,0,29682
2143,L49322,L,299.3,308.9,1376,60.3,163,0,0,0,0,0,0,49322
139,H29552,H,298.8,308.6,1449,49.4,150,0,0,0,0,0,0,29552
1860,L49039,L,297.8,307.4,1355,45.8,60,0,0,0,0,0,0,49039
5129,L52308,L,304.2,313.4,1434,42.5,175,0,0,0,0,0,0,52308
9156,L56335,L,297.5,308.5,1340,57.4,143,0,0,0,0,0,0,56335
2820,L49999,L,300.2,309.5,1356,51.1,133,0,0,0,0,0,0,49999
1063,L48242,L,296.8,307.9,1372,49.0,140,0,0,0,0,0,0,48242
5141,M20000,M,304.3,313.6,1585,32.1,202,0,0,0,0,0,0,20000
9293,L56472,L,298.2,309.0,1643,34.1,91,0,0,0,0,0,0,56472
5732,L52911,L,302.2,311.6,1872,20.4,202,0,0,0,0,0,0,52911
9028,M23887,M,297.4,308.3,1444,44.0,18,0,0,0,0,0,0,23887
4058,L51237,L,302.0,310.9,1495,38.6,52,0,0,0,0,0,0,51237
6123,L53302,L,301.0,311.0,1402,55.3,98,0,0,0,0,0,0,53302
1946,L49125,L,298.1,308.1,1616,32.8,65,0,0,0,0,0,0,49125
5442,M20301,M,303.0,312.6,1392,42.9,94,0,0,0,0,0,0,20301
4235,H33648,H,302.2,310.9,1522,35.9,61,0,0,0,0,0,0,33648
251,L47430,L,298.0,308.3,1662,32.7,0,0,0,0,0,0,0,47430
3948,H33361,H,302.2,311.3,1749,29.2,5,0,0,0,0,0,0,33361
2306,H31719,H,299.2,308.5,1342,47.5,147,0,0,0,0,0,0,31719
2322,M17181,M,299.2,308.8,1314,52.5,193,0,0,0,0,0,0,17181
5717,L52896,L,302.3,312.0,1354,52.2,165,0,0,0,0,0,0,52896
3628,L50807,L,302.2,311.5,1588,30.6,39,0,0,0,0,0,0,50807
7189,L54368,L,300.4,310.4,1286,56.8,46,0,0,0,0,0,0,54368
8576,M23435,M,297.6,308.3,1648,29.1,134,0,0,0,0,0,0,23435
4110,M18969,M,301.9,310.6,1475,47.8,179,0,0,0,0,0,0,18969
3487,L50666,L,301.9,310.8,1650,29.8,94,0,0,0,0,0,0,50666
9910,L57089,L,298.7,309.1,1607,32.7,2,0,0,0,0,0,0,57089
9825,L57004,L,298.4,309.3,1504,39.3,192,0,0,0,0,0,0,57004
9104,L56283,L,297.3,308.2,1490,41.0,16,0,0,0,0,0,0,56283
5067,L52246,L,304.1,313.1,1550,30.9,9,0,0,0,0,0,0,52246
2777,L49956,L,300.1,309.4,1453,47.6,28,0,0,0,0,0,0,49956
8064,M22923,M,300.3,311.7,1551,36.4,84,0,0,0,0,0,0,22923
5137,L52316,L,304.2,313.4,1735,28.9,192,0,0,0,0,0,0,52316
1753,L48932,L,298.2,307.6,1492,37.2,178,0,0,0,0,0,0,48932
7515,L54694,L,300.4,311.8,1636,32.3,7,0,0,0,0,0,0,54694
2729,L49908,L,299.7,309.3,1779,25.5,129,0,0,0,0,0,0,49908
5723,L52902,L,302.2,311.7,1488,44.6,178,0,0,0,0,0,0,52902
8075,L55254,L,300.4,312.0,1631,34.9,115,0,0,0,0,0,0,55254
555,H29968,H,297.5,309.4,1368,45.3,129,0,0,0,0,0,0,29968
4734,L51913,L,303.3,311.6,1484,44.6,223,0,0,0,0,0,0,51913
272,M15131,M,298.1,308.1,1452,40.8,56,0,0,0,0,0,0,15131
9523,M24382,M,299.0,310.2,1657,32.3,64,0,0,0,0,0,0,24382
9578,M24437,M,299.5,310.7,1364,49.5,0,0,0,0,0,0,0,24437
6649,L53828,L,301.5,310.4,1488,41.1,151,0,0,0,0,0,0,53828
6835,L54014,L,301.1,311.0,1378,51.1,190,0,0,0,0,0,0,54014
6466,M21325,M,300.5,309.8,1416,48.5,110,0,0,0,0,0,0,21325
7865,L55044,L,300.5,311.9,1330,59.5,33,0,0,0,0,0,0,55044
9052,L56231,L,297.4,308.6,1820,24.6,79,0,0,0,0,0,0,56231
8191,M23050,M,299.7,310.9,1620,37.2,203,0,0,0,0,0,0,23050
9717,H39130,H,299.0,310.0,1387,45.2,110,0,0,0,0,0,0,39130
4594,L51773,L,303.0,311.2,1409,41.9,98,0,0,0,0,0,0,51773
6791,M21650,M,301.1,310.7,2219,16.7,79,0,0,0,0,0,0,21650
2580,L49759,L,299.3,309.1,1795,24.7,187,0,0,0,0,0,0,49759
2960,M17819,M,300.7,309.4,1589,35.0,52,0,0,0,0,0,0,17819
7117,L54296,L,301.0,310.5,1601,33.2,77,0,0,0,0,0,0,54296
1563,L48742,L,298.2,308.3,2216,16.8,139,0,0,0,0,0,0,48742
3341,M18200,M,301.5,310.8,1452,44.1,157,0,0,0,0,0,0,18200
6930,M21789,M,301.0,311.6,1301,55.0,9,0,0,0,0,0,0,21789
8846,M23705,M,297.4,308.9,1348,59.1,201,0,0,0,0,0,0,23705
1652,L48831,L,298.0,307.8,1414,51.7,140,0,0,0,0,0,0,48831
1285,L48464,L,298.4,309.5,2153,15.3,98,0,0,1,0,0,1,48464
6443,L53622,L,300.7,310.2,1348,54.8,50,0,0,0,0,0,0,53622
6261,L53440,L,301.1,310.7,1436,45.3,8,0,0,0,0,0,0,53440
1078,L48257,L,296.8,307.6,1547,36.5,179,0,0,0,0,0,0,48257
4649,L51828,L,303.3,311.4,1630,32.5,2,0,0,0,0,0,0,51828
6180,M21039,M,301.1,310.9,1396,45.1,12,0,0,0,0,0,0,21039
494,L47673,L,297.5,309.3,1470,38.8,197,0,0,0,0,0,0,47673
8220,L55399,L,299.0,310.4,1504,34.3,48,0,0,0,0,0,0,55399
3402,M18261,M,301.4,310.7,1617,34.3,101,0,0,0,0,0,0,18261
1886,L49065,L,298.0,307.6,1683,32.8,122,0,0,0,0,0,0,49065
856,L48035,L,296.1,307.2,1615,30.8,18,0,0,0,0,0,0,48035
8068,M22927,M,300.6,312.0,1490,39.8,94,0,0,0,0,0,0,22927
5261,M20120,M,303.5,313.0,1492,46.1,89,0,0,0,0,0,0,20120
9678,L56857,L,299.0,310.1,2033,19.3,15,0,0,0,0,0,0,56857
4324,L51503,L,301.8,310.3,1341,50.5,64,0,1,0,0,0,1,51503
4773,M19632,M,303.6,312.0,1435,37.9,98,0,0,0,0,0,0,19632
7108,H36521,H,300.9,310.5,1512,41.2,49,0,0,0,0,0,0,36521
2027,M16886,M,298.7,308.5,1360,52.9,69,0,0,0,0,0,0,16886
1258,L48437,L,297.5,308.9,1466,43.0,15,0,0,0,0,0,0,48437
903,L48082,L,295.6,306.1,1383,48.7,147,0,0,0,0,0,0,48082
7118,L54297,L,300.9,310.5,1570,40.1,79,0,0,0,0,0,0,54297
6968,M21827,M,300.8,311.2,1365,51.7,111,0,0,0,0,0,0,21827
7457,M22316,M,300.2,311.7,1397,50.2,71,0,0,0,0,0,0,22316
7764,L54943,L,300.4,311.6,1200,76.6,3,0,0,1,0,0,1,54943
8993,H38406,H,297.2,307.9,1450,37.2,151,0,0,0,0,0,0,38406
8196,L55375,L,299.4,310.8,1376,53.9,215,0,0,0,1,0,1,55375
5254,L52433,L,303.5,313.0,1547,40.3,73,0,0,0,0,0,0,52433
9973,L57152,L,298.6,308.2,1390,51.4,168,0,0,0,0,0,0,57152
2602,L49781,L,299.3,309.1,1399,52.1,27,0,0,0,0,0,0,49781
6263,L53442,L,301.0,310.6,1641,33.4,12,0,0,0,0,0,0,53442
7365,L54544,L,299.5,309.9,1402,51.7,58,0,0,0,0,0,0,54544
5709,L52888,L,302.3,311.7,1611,38.6,143,0,0,0,0,0,0,52888
395,L47574,L,297.5,308.4,1528,39.9,160,0,0,0,0,0,0,47574
8377,L55556,L,298.8,309.8,1334,49.3,42,0,0,0,0,0,0,55556
6750,L53929,L,301.7,311.0,1585,35.9,185,0,0,0,0,0,0,53929
2245,M17104,M,299.3,308.4,1542,37.5,203,1,0,0,0,0,1,17104
7203,L54382,L,300.0,309.7,1326,61.9,80,0,0,0,0,0,0,54382
8876,H38289,H,298.1,309.3,1332,51.0,72,0,0,0,0,0,0,38289
9271,L56450,L,298.2,308.8,1302,60.4,34,0,0,0,0,0,0,56450
3349,M18208,M,301.3,310.7,1532,40.7,178,0,0,0,0,0,0,18208
7836,L55015,L,300.1,311.5,1549,34.7,189,0,0,0,0,0,0,55015
9206,L56385,L,297.8,308.8,1579,32.9,70,0,0,0,0,0,0,56385
8591,L55770,L,297.4,307.9,1557,35.5,174,0,0,0,0,0,0,55770
9383,L56562,L,297.5,308.2,1610,33.6,115,0,0,0,0,0,0,56562
7173,M22032,M,300.1,310.1,1402,46.6,10,0,0,0,0,0,0,22032
8770,M23629,M,297.4,308.6,1452,41.2,197,0,0,0,0,0,0,23629
3991,H33404,H,302.2,311.2,1692,28.2,122,0,0,0,0,0,0,33404
6733,L53912,L,301.7,311.0,1503,44.8,134,0,0,0,0,0,0,53912
5233,L52412,L,303.6,312.9,1381,57.8,27,0,0,0,0,0,0,52412
4026,H33439,H,302.1,311.0,1729,26.1,210,0,0,0,0,0,0,33439
8875,L56054,L,298.1,309.3,1443,45.3,70,0,0,0,0,0,0,56054
5805,L52984,L,301.5,310.9,1365,46.5,172,0,0,0,0,0,0,52984
7429,M22288,M,300.0,311.4,1864,23.3,2,0,0,0,0,0,0,22288
9884,H39297,H,298.7,309.6,1654,34.3,136,0,0,0,0,0,0,39297
2094,L49273,L,299.4,309.2,1564,39.0,26,0,0,0,0,0,0,49273
3735,M18594,M,302.2,311.2,1873,24.0,99,0,0,0,0,0,0,18594
7470,L54649,L,300.3,311.6,1607,33.5,109,0,0,0,0,0,0,54649
1190,M16049,M,297.2,308.3,1794,27.5,38,0,0,0,0,0,0,16049
2379,L49558,L,299.1,308.2,1348,56.1,110,0,0,0,0,0,0,49558
7069,L54248,L,300.8,310.7,1461,42.8,173,0,0,0,0,0,0,54248
5335,M20194,M,303.4,312.6,2706,9.8,65,0,0,1,0,0,1,20194
2318,L49497,L,299.2,308.8,1605,31.1,181,0,0,0,0,0,0,49497
5802,L52981,L,301.5,310.8,1413,44.6,166,0,0,0,0,0,0,52981
966,L48145,L,295.8,306.6,1508,46.5,99,0,0,0,0,0,0,48145
7076,L54255,L,300.7,310.5,1536,47.4,192,0,0,0,0,0,0,54255
2399,L49578,L,299.2,308.5,1490,43.2,158,0,0,0,0,0,0,49578
3158,M18017,M,300.4,309.7,1488,42.2,133,0,0,0,0,0,0,18017
9201,M24060,M,297.9,308.8,1602,32.1,59,0,0,0,0,0,0,24060
8858,L56037,L,297.7,308.9,1742,26.3,24,0,0,0,0,0,0,56037
1831,L49010,L,297.8,307.3,1859,24.0,178,0,0,0,0,0,0,49010
6981,L54160,L,300.8,311.3,1505,45.5,141,0,0,0,0,0,0,54160
1453,L48632,L,299.0,310.3,1584,34.4,83,0,0,0,0,0,0,48632
5405,H34818,H,302.8,312.5,1422,46.1,4,0,0,0,0,0,0,34818
6737,L53916,L,301.7,311.0,1527,42.2,144,0,0,0,0,0,0,53916
951,L48130,L,295.6,306.2,1424,42.5,58,0,0,0,0,0,0,48130
2524,L49703,L,298.8,308.7,1635,35.2,47,0,0,0,0,0,0,49703
4047,M18906,M,301.9,310.9,1421,46.2,26,0,0,0,0,0,0,18906
136,M14995,M,298.8,308.5,1711,28.5,140,0,0,0,0,0,0,14995
2695,M17554,M,300.1,309.6,1625,38.0,46,0,0,0,0,0,0,17554
5348,L52527,L,303.3,312.7,1262,63.8,100,0,0,0,0,0,0,52527
1435,M16294,M,298.8,309.8,1377,49.6,27,0,0,0,0,0,0,16294
5753,H35166,H,302.3,311.8,1804,25.0,43,0,0,0,0,0,0,35166
2150,L49329,L,299.4,309.0,1613,32.2,178,0,0,0,0,0,0,49329
1432,M16291,M,298.9,309.9,1404,41.4,20,0,0,0,0,0,0,16291
7075,M21934,M,300.7,310.6,1488,39.2,189,0,0,0,0,0,0,21934
8494,M23353,M,298.3,309.5,1560,36.9,131,0,0,0,0,0,0,23353
4258,M19117,M,302.6,311.0,1589,39.0,122,0,0,0,0,0,0,19117
5963,L53142,L,300.5,310.8,1728,26.3,125,0,0,0,0,0,0,53142
5294,M20153,M,303.9,313.4,1464,49.1,171,0,0,0,0,0,0,20153
2599,L49778,L,299.1,308.8,1320,67.5,20,0,0,1,0,0,1,49778
3853,L51032,L,302.3,310.9,2034,19.7,190,0,0,0,0,0,0,51032
9964,L57143,L,298.3,307.9,1435,39.9,143,0,0,0,0,0,0,57143
4109,L51288,L,301.9,310.5,1892,21.8,177,0,0,0,0,0,0,51288
4818,L51997,L,303.5,312.1,1674,30.8,0,0,0,0,0,0,0,51997
5195,M20054,M,303.9,313.1,1668,34.4,137,0,0,0,0,0,0,20054
9854,L57033,L,298.6,309.4,1525,37.8,54,0,0,0,0,0,0,57033
5676,M20535,M,302.3,311.7,1453,42.5,56,0,0,0,0,0,0,20535
2019,L49198,L,298.7,308.5,1375,46.4,48,0,0,0,0,0,0,49198
8821,L56000,L,297.3,308.7,1551,40.0,125,0,0,0,0,0,0,56000
4768,L51947,L,303.6,311.9,1473,50.1,84,0,0,0,0,0,0,51947
4775,L51954,L,303.6,312.0,1827,23.3,103,0,0,0,0,0,0,51954
7959,L55138,L,301.0,312.1,1377,49.9,48,0,0,0,0,0,0,55138
5462,M20321,M,302.9,312.3,1339,52.1,145,0,0,0,0,0,0,20321
1683,H31096,H,297.9,307.4,1604,36.1,225,1,0,0,0,0,1,31096
4439,L51618,L,302.4,310.1,1418,52.3,141,0,0,0,0,0,0,51618
6214,L53393,L,300.9,310.6,1552,34.9,95,0,0,0,0,0,0,53393
9733,L56912,L,298.9,310.0,2231,17.4,151,0,0,0,0,0,0,56912
3546,L50725,L,301.8,310.8,1576,38.6,38,0,0,0,0,0,0,50725
836,M15695,M,296.7,307.4,1533,32.5,182,0,0,0,0,0,0,15695
1320,L48499,L,299.0,310.3,1929,24.4,180,0,0,0,0,0,0,48499
7006,M21865,M,300.6,310.7,1339,52.9,0,0,0,0,0,0,0,21865
912,M15771,M,295.6,306.1,1490,42.7,171,0,0,0,0,0,0,15771
65,L47244,L,299.0,309.1,1523,38.6,177,0,0,0,0,0,0,47244
5323,M20182,M,303.4,312.7,1357,55.3,31,0,0,0,0,0,0,20182
6724,M21583,M,301.4,310.6,1565,36.1,110,0,0,0,0,0,0,21583
1176,M16035,M,297.2,308.3,1578,37.8,3,0,0,0,0,0,0,16035
2358,L49537,L,299.3,308.5,1772,26.1,52,0,0,0,0,0,0,49537
8756,M23615,M,297.4,308.7,1582,31.9,161,0,0,0,0,0,0,23615
209,L47388,L,298.4,308.6,1591,36.7,122,0,0,0,0,0,0,47388
9119,L56298,L,297.6,308.6,1526,42.1,57,0,0,0,0,0,0,56298
7273,L54452,L,300.2,310.3,1202,59.5,40,0,0,0,0,0,0,54452
4425,M19284,M,302.6,310.2,1631,31.0,100,0,0,0,0,0,0,19284
5862,L53041,L,301.3,311.0,1554,47.7,84,0,0,0,0,0,0,53041
5526,M20385,M,302.6,312.0,1363,45.7,91,0,0,0,0,0,0,20385
5383,L52562,L,302.9,312.4,1698,33.8,202,0,0,0,0,0,0,52562
8748,L55927,L,297.3,308.5,1504,42.0,142,0,0,0,0,0,0,55927
1152,L48331,L,297.0,307.9,1350,47.7,168,0,0,0,0,0,0,48331
7851,M22710,M,300.3,311.7,1447,36.8,0,0,0,0,0,0,0,22710
4819,M19678,M,303.6,312.1,1967,20.9,2,0,0,0,0,0,0,19678
4098,L51277,L,301.9,310.4,1518,34.1,155,0,0,0,0,0,0,51277
7650,H37063,H,300.4,311.5,1662,29.0,137,0,0,0,0,0,0,37063
3563,L50742,L,301.7,310.6,1471,43.8,80,0,0,0,0,0,0,50742
5518,L52697,L,302.6,311.9,1448,49.5,72,0,0,0,0,0,0,52697
4860,L52039,L,303.7,312.4,1535,38.6,107,0,0,0,0,0,0,52039
2299,L49478,L,299.3,308.6,1482,37.6,132,0,0,0,0,0,0,49478
3622,L50801,L,301.9,311.2,1657,29.1,23,0,0,0,0,0,0,50801
4219,M19078,M,302.0,310.6,1479,40.5,24,0,0,0,0,0,0,19078
85,L47264,L,298.9,308.9,1422,47.6,15,0,0,0,0,0,0,47264
6401,L53580,L,300.1,309.7,1601,35.8,160,0,0,0,0,0,0,53580
9638,L56817,L,299.2,310.3,1463,38.9,160,0,0,0,0,0,0,56817
1912,M16771,M,298.1,307.8,1316,57.2,191,0,0,0,0,0,0,16771
5349,L52528,L,303.3,312.6,1623,34.6,102,0,0,0,0,0,0,52528
9495,L56674,L,299.2,309.9,1516,41.4,219,0,0,0,0,0,0,56674
3729,L50908,L,302.3,311.3,1457,44.5,83,0,0,0,0,0,0,50908
335,M15194,M,297.5,308.1,1469,44.8,5,0,0,0,0,0,0,15194
9660,L56839,L,298.9,309.8,1287,61.9,216,0,0,0,1,0,1,56839
2385,M17244,M,299.1,308.3,1506,38.0,125,0,0,0,0,0,0,17244
5910,H35323,H,300.7,310.2,1364,65.3,208,1,0,1,1,0,1,35323
5199,L52378,L,303.8,312.8,1428,53.3,152,0,0,0,0,0,0,52378
3780,L50959,L,302.3,311.0,1657,31.1,3,0,0,0,0,0,0,50959
2733,L49912,L,299.7,309.2,1346,57.4,138,0,0,0,0,0,0,49912
459,L47638,L,297.3,308.6,1486,42.6,105,0,0,0,0,0,0,47638
5941,M20800,M,300.6,310.6,1427,52.8,75,0,0,0,0,0,0,20800
8142,L55321,L,299.6,310.8,1393,49.9,78,0,0,0,0,0,0,55321
3412,L50591,L,301.3,310.3,1419,55.7,125,0,0,0,0,0,0,50591
4678,H34091,H,303.5,311.6,1466,47.0,80,0,0,0,0,0,0,34091
9218,L56397,L,297.8,308.8,1421,49.6,101,0,0,0,0,0,0,56397
7121,L54300,L,300.9,310.5,2288,16.1,85,0,0,0,0,0,0,54300
7942,M22801,M,300.7,311.7,1499,38.9,3,0,0,0,0,0,0,22801
1177,M16036,M,297.2,308.3,1429,42.0,6,0,0,0,0,0,0,16036
7597,L54776,L,300.5,311.1,1547,37.2,7,0,0,0,0,0,0,54776
4150,L51329,L,301.9,310.4,1603,37.6,69,0,0,0,0,0,0,51329
6109,M20968,M,300.8,310.9,1678,28.1,63,0,0,0,0,0,0,20968
6219,H35632,H,301.0,310.6,1366,50.6,106,0,0,0,0,0,0,35632
2100,L49279,L,299.4,309.3,1596,31.8,40,0,0,0,0,0,0,49279
7913,L55092,L,300.7,312.1,1498,44.0,155,0,0,0,0,0,0,55092
1543,L48722,L,298.3,308.9,1379,54.7,91,0,0,0,0,0,0,48722
9697,L56876,L,298.9,309.9,1404,39.8,62,0,0,0,0,0,0,56876
4085,L51264,L,302.0,310.4,1611,35.6,117,0,0,0,0,0,0,51264
6087,L53266,L,300.9,310.8,1482,37.0,5,0,0,0,0,0,0,53266
5270,L52449,L,303.5,312.9,1504,44.8,111,0,0,0,0,0,0,52449
6346,L53525,L,300.2,309.8,1650,29.6,13,0,0,0,0,0,0,53525
8027,L55206,L,300.7,311.9,1399,50.2,222,0,0,0,1,0,1,55206
700,H30113,H,297.5,308.7,1416,39.2,74,0,0,0,0,0,0,30113
1191,L48370,L,297.2,308.4,1460,42.1,41,0,0,0,0,0,0,48370
5669,M20528,M,302.2,311.4,1432,45.3,33,0,0,0,0,0,0,20528
6638,H36051,H,301.5,310.5,1453,48.0,124,0,0,0,0,0,0,36051
1423,L48602,L,298.7,309.8,1530,35.5,0,0,0,0,0,0,0,48602
2334,L49513,L,299.2,308.5,1445,45.2,222,0,0,0,0,0,0,49513
7588,L54767,L,300.4,311.1,1405,54.1,193,0,0,0,0,0,0,54767
5628,L52807,L,302.7,312.1,1597,39.8,153,0,0,0,0,0,0,52807
3898,M18757,M,302.2,311.1,1640,32.8,77,0,0,0,0,0,0,18757
2458,L49637,L,299.0,308.6,1661,32.2,106,0,0,0,0,0,0,49637
3784,H33197,H,302.2,310.8,1397,47.6,11,0,0,0,0,0,0,33197
699,L47878,L,297.6,308.8,1539,40.2,72,0,0,0,0,0,0,47878
5160,L52339,L,304.2,313.4,1490,44.0,41,0,0,0,0,0,0,52339
1459,L48638,L,298.9,310.3,1364,54.0,95,0,0,0,0,0,0,48638
9994,L57173,L,298.8,308.4,1401,47.3,10,0,0,0,0,0,0,57173
902,H30315,H,295.6,306.1,1256,62.3,142,0,0,0,0,0,0,30315
3392,L50571,L,301.5,310.7,1466,47.3,77,0,0,0,0,0,0,50571
1564,L48743,L,298.2,308.3,1402,51.0,141,0,0,0,0,0,0,48743
7255,L54434,L,300.3,310.4,1493,37.5,219,0,0,0,0,0,0,54434
4255,L51434,L,302.6,311.0,1284,68.0,114,0,1,1,0,0,1,51434
775,L47954,L,296.8,307.9,1448,48.8,31,0,0,0,0,0,0,47954
5790,M20649,M,301.8,311.5,1416,49.0,136,0,0,0,0,0,0,20649
4624,L51803,L,303.0,311.1,1525,40.7,179,0,0,0,0,0,0,51803
1414,M16273,M,298.7,309.8,1528,36.7,197,0,0,0,0,0,0,16273
6847,M21706,M,301.2,311.5,1498,49.5,3,0,0,0,0,0,0,21706
4055,M18914,M,301.9,310.9,1456,43.6,45,0,0,0,0,0,0,18914
7686,L54865,L,300.8,311.7,1397,43.5,227,0,0,0,0,0,0,54865
3595,M18454,M,301.6,310.4,1452,45.7,164,0,0,0,0,0,0,18454
2231,L49410,L,299.5,308.7,1446,45.7,173,0,0,0,0,0,0,49410
3720,L50899,L,302.4,311.5,1590,39.9,58,0,0,0,0,0,0,50899
5939,L53118,L,300.5,310.4,1702,33.1,71,0,0,0,0,0,0,53118
8556,L55735,L,298.2,309.0,1596,37.2,87,0,0,0,0,0,0,55735
6635,L53814,L,301.5,310.5,1396,44.5,117,0,0,0,0,0,0,53814
4480,L51659,L,302.6,310.2,1923,21.5,18,0,0,0,0,0,0,51659
2408,M17267,M,299.1,308.6,1499,45.1,185,0,0,0,0,0,0,17267
7524,M22383,M,300.1,311.5,1343,46.2,28,0,0,0,0,0,0,22383
2416,M17275,M,299.1,308.5,1587,35.6,2,0,0,0,0,0,0,17275
4667,M19526,M,303.3,311.5,1569,36.6,47,0,0,0,0,0,0,19526
4173,L51352,L,302.2,310.6,1386,50.0,132,0,0,0,0,0,0,51352
4470,L51649,L,302.7,310.5,1446,40.9,211,1,0,0,0,0,1,51649
9475,M24334,M,298.7,309.6,1455,46.8,162,0,0,0,0,0,0,24334
6329,L53508,L,300.7,310.0,1672,29.7,176,0,0,0,0,0,0,53508
8575,L55754,L,297.6,308.3,1424,53.9,132,0,0,0,0,0,0,55754
3602,L50781,L,301.7,310.5,1377,43.1,183,0,0,0,0,0,0,50781
9157,M24016,M,297.5,308.4,1369,54.8,145,0,0,0,0,0,0,24016
7867,L55046,L,300.5,311.9,1431,49.4,37,0,0,0,0,0,0,55046
9567,L56746,L,299.8,311.1,1603,35.1,179,0,0,0,0,0,0,56746
2189,L49368,L,299.7,309.3,1420,44.1,60,0,0,0,0,0,0,49368
9248,L56427,L,298.3,308.9,1695,30.7,174,0,0,0,0,0,0,56427
7051,L54230,L,300.6,310.4,1457,47.7,120,0,0,0,0,0,0,54230
4305,L51484,L,301.6,310.1,1694,26.3,14,0,0,0,0,0,0,51484
8918,M23777,M,297.1,308.2,1529,37.9,183,0,0,0,0,0,0,23777
6342,M21201,M,300.4,309.8,1421,47.2,0,0,0,0,0,0,0,21201
2633,M17492,M,300.0,309.7,1652,28.6,112,0,0,0,0,0,0,17492
8999,L56178,L,297.1,308.0,1467,42.8,169,0,0,0,0,0,0,56178
5738,L52917,L,302.3,311.8,1574,42.8,215,0,0,0,0,0,0,52917
6808,L53987,L,301.0,310.8,1549,41.4,121,0,0,0,0,0,0,53987
2075,L49254,L,299.5,309.4,1602,31.5,193,0,0,0,0,0,0,49254
5430,L52609,L,302.8,312.4,1590,34.4,64,0,0,0,0,0,0,52609
4725,L51904,L,303.4,311.9,1771,31.6,202,0,0,0,0,0,0,51904
4210,M19069,M,302.2,310.8,1422,47.0,3,0,0,0,0,0,0,19069
485,L47664,L,297.4,309.0,1568,33.7,175,0,0,0,0,0,0,47664
4830,L52009,L,303.4,311.9,1491,38.2,26,0,0,0,0,0,0,52009
3199,M18058,M,300.0,309.1,1463,45.7,11,0,0,0,0,0,0,18058
2296,L49475,L,299.4,308.7,1512,37.2,126,0,0,0,0,0,0,49475
464,L47643,L,297.4,308.7,2874,4.2,118,0,0,1,0,0,1,47643
4709,L51888,L,303.4,311.7,1793,25.8,161,0,0,0,0,0,0,51888
3318,L50497,L,301.5,310.5,1636,28.7,106,0,0,0,0,0,0,50497
1769,M16628,M,298.3,307.8,1485,42.0,13,0,0,0,0,0,0,16628
2825,M17684,M,300.3,309.5,1448,42.4,145,0,0,0,0,0,0,17684
2110,M16969,M,299.3,309.0,1496,43.4,67,0,0,0,0,0,0,16969
5632,L52811,L,302.8,312.2,1515,36.8,162,0,0,0,0,0,0,52811
7924,M22783,M,300.8,312.0,1450,45.0,183,0,0,0,0,0,0,22783
1513,H30926,H,298.0,308.7,1503,36.3,5,0,0,0,0,0,0,30926
8906,L56085,L,297.3,308.6,1385,55.2,156,0,0,0,0,0,0,56085
7809,L54988,L,299.9,311.4,1627,36.7,118,0,0,0,0,0,0,54988
9078,L56257,L,297.3,308.1,1762,26.1,154,0,0,0,0,0,0,56257
1742,M16601,M,298.5,308.0,1363,49.2,149,0,0,0,0,0,0,16601
7990,L55169,L,301.1,312.4,1430,37.9,124,0,0,0,0,0,0,55169
8168,H37581,H,299.7,311.1,1353,47.1,143,0,0,0,0,0,0,37581
9173,L56352,L,297.7,308.9,1715,27.2,193,0,0,0,0,0,0,56352
7444,H36857,H,300.1,311.6,1589,37.9,37,0,0,0,0,0,0,36857
954,L48133,L,295.5,306.1,1650,32.8,67,0,0,0,0,0,0,48133
417,L47596,L,297.4,308.5,1495,37.8,211,0,0,0,0,0,0,47596
1034,H30447,H,296.4,307.5,1556,38.0,62,0,0,0,0,0,0,30447
8385,L55564,L,298.8,309.7,1450,43.1,63,0,0,0,0,0,0,55564
2927,L50106,L,300.7,309.7,1507,52.4,163,0,0,0,0,0,0,50106
3422,M18281,M,301.5,310.5,1612,29.8,148,0,0,0,0,0,0,18281
1764,L48943,L,298.2,307.6,1511,31.0,209,1,0,0,0,0,1,48943
9164,L56343,L,297.6,308.6,1415,47.3,169,0,0,0,0,0,0,56343
2139,L49318,L,299.3,309.0,1734,30.6,154,0,0,0,0,0,0,49318
8394,L55573,L,298.5,309.5,1428,43.5,87,0,0,0,0,0,0,55573
2356,M17215,M,299.3,308.5,1305,60.6,44,0,0,0,0,0,0,17215
5017,L52196,L,303.9,313.0,1408,47.5,76,0,0,0,0,0,0,52196
1512,L48691,L,298.1,308.7,1642,30.3,3,0,0,0,0,0,0,48691
1615,M16474,M,297.8,307.9,1802,25.8,43,0,0,0,0,0,0,16474
5786,L52965,L,301.7,311.1,1469,37.2,128,0,0,0,0,0,0,52965
3748,L50927,L,302.5,311.1,1499,38.8,135,0,0,0,0,0,0,50927
7976,M22835,M,301.2,312.3,1548,38.3,87,0,0,0,0,0,0,22835
1014,M15873,M,296.1,307.2,1619,29.7,17,0,0,0,0,0,0,15873
230,L47409,L,298.3,308.5,1538,32.2,173,0,0,0,0,0,0,47409
8870,L56049,L,297.9,309.0,1528,37.5,54,0,0,0,0,0,0,56049
6297,L53476,L,301.0,310.5,1429,39.4,98,0,0,0,0,0,0,53476
7064,L54243,L,300.7,310.4,1234,51.7,160,0,0,0,0,0,0,54243
7100,M21959,M,300.7,310.2,1373,44.1,28,0,0,0,0,0,0,21959
1610,L48789,L,297.7,307.7,1581,34.9,31,0,0,0,0,0,0,48789
4309,H33722,H,301.4,309.9,1460,47.2,22,0,0,0,0,0,0,33722
2934,M17793,M,300.8,309.7,1751,27.9,183,0,0,0,0,0,0,17793
8007,L55186,L,300.9,312.1,1462,46.0,166,0,0,0,0,0,0,55186
4815,L51994,L,303.4,311.8,1401,53.0,208,0,0,0,1,0,1,51994
4391,M19250,M,302.2,310.1,1421,45.4,9,0,0,0,0,0,0,19250
6352,L53531,L,300.0,309.7,1542,47.1,25,0,0,0,0,0,0,53531
6469,L53648,L,300.5,309.8,1507,42.5,117,0,0,0,0,0,0,53648
6003,L53182,L,300.5,310.3,1683,31.5,8,0,0,0,0,0,0,53182
4069,L51248,L,301.9,310.7,1405,48.8,78,0,0,0,0,0,0,51248
8203,L55382,L,299.3,310.9,1669,32.4,5,0,0,0,0,0,0,55382
8330,L55509,L,298.8,309.7,1424,49.6,129,0,0,0,0,0,0,55509
8706,L55885,L,297.2,308.6,1437,52.4,37,0,0,0,0,0,0,55885
4723,M19582,M,303.4,311.8,1391,42.7,197,0,0,0,0,0,0,19582
3242,H32655,H,300.9,309.5,1469,43.4,126,0,0,0,0,0,0,32655
9600,L56779,L,299.0,310.1,1463,37.4,56,0,0,0,0,0,0,56779
7732,L54911,L,300.6,312.0,1566,30.1,128,0,0,0,0,0,0,54911
8167,L55346,L,299.7,311.1,1603,31.4,141,0,0,0,0,0,0,55346
4253,H33666,H,302.6,311.0,1438,51.0,106,0,0,0,0,0,0,33666
997,M15856,M,296.3,307.2,1286,51.1,177,0,0,0,0,0,0,15856
6473,H35886,H,300.4,309.6,1571,33.6,126,0,0,0,0,0,0,35886
208,M15067,M,298.4,308.7,1421,60.7,119,0,0,1,0,0,1,15067
3949,M18808,M,302.2,311.3,1510,37.1,10,0,0,0,0,0,0,18808
2895,L50074,L,300.7,309.6,1733,24.8,85,0,0,0,0,0,0,50074
2154,H31567,H,299.3,308.8,1397,45.4,191,0,0,0,0,0,0,31567
9560,L56739,L,299.5,310.9,1496,38.5,162,0,0,0,0,0,0,56739
1231,M16090,M,297.1,308.4,1880,23.5,155,0,0,0,0,0,0,16090
3091,H32504,H,300.1,309.3,1448,45.8,163,0,0,0,0,0,0,32504
1057,L48236,L,296.8,307.8,1565,39.5,124,0,0,0,0,0,0,48236
691,H30104,H,297.6,309.0,1413,40.2,51,0,0,0,0,0,0,30104
8439,L55618,L,298.6,309.8,1469,42.8,205,0,0,0,0,0,0,55618
8536,L55715,L,298.6,309.5,1547,44.8,36,0,0,0,0,0,0,55715
8479,M23338,M,298.5,309.7,1354,60.8,96,0,0,0,0,0,0,23338
1911,H31324,H,298.0,307.7,1547,36.8,186,0,0,0,0,0,0,31324
147,H29560,H,298.5,308.4,1612,36.1,174,0,0,0,0,0,0,29560
9879,L57058,L,298.7,309.7,1293,59.1,125,0,0,0,0,0,0,57058
2266,M17125,M,299.2,308.4,1330,51.2,56,0,0,0,0,0,0,17125
2188,M17047,M,299.8,309.4,1439,47.4,57,0,0,0,0,0,0,17047
1861,L49040,L,297.8,307.6,1607,30.3,62,0,0,0,0,0,0,49040
9278,L56457,L,298.2,308.7,1447,48.4,51,0,0,0,0,0,0,56457
5451,H34864,H,303.1,312.8,1435,41.9,115,0,0,0,0,0,0,34864
7357,L54536,L,299.6,310.2,1333,51.2,40,0,0,0,0,0,0,54536
9402,M24261,M,297.7,308.2,1720,25.6,174,0,0,0,0,0,0,24261
3017,L50196,L,300.5,309.8,1441,48.8,200,0,0,0,0,0,0,50196
232,L47411,L,298.3,308.4,1408,43.1,177,0,0,0,0,0,0,47411
5769,L52948,L,301.7,311.3,1421,45.9,85,0,0,0,0,0,0,52948
6766,L53945,L,301.5,310.9,1580,32.3,11,0,0,0,0,0,0,53945
450,L47629,L,297.6,308.7,1622,37.9,79,0,0,0,0,0,0,47629
8957,L56136,L,297.4,308.1,1348,57.4,66,0,0,0,0,0,0,56136
9722,L56901,L,298.8,309.8,1490,40.6,124,0,0,0,0,0,0,56901
46,L47225,L,298.8,309.1,1489,49.1,128,0,0,0,0,0,0,47225
5803,L52982,L,301.4,310.8,1490,38.0,168,0,0,0,0,0,0,52982
807,M15666,M,297.0,307.9,1422,53.0,115,0,0,0,0,0,0,15666
6163,L53342,L,301.0,310.8,1558,34.9,196,0,0,0,0,0,0,53342
6366,M21225,M,299.9,309.5,1412,57.9,59,0,0,0,0,0,0,21225
3908,M18767,M,302.3,311.2,1842,23.9,111,0,0,0,0,0,0,18767
5916,M20775,M,300.6,310.2,1532,38.7,16,0,0,0,0,0,0,20775
3197,L50376,L,300.0,309.1,1489,40.3,7,0,0,0,0,0,0,50376
1244,M16103,M,297.1,308.4,1432,53.4,199,0,0,0,0,0,0,16103
7883,H37296,H,300.7,312.3,1670,27.3,81,0,0,0,0,0,0,37296
1135,M15994,M,296.9,307.8,1426,50.7,130,0,0,0,0,0,0,15994
6448,L53627,L,300.6,310.1,1337,45.8,62,0,0,0,0,0,0,53627
358,L47537,L,297.6,308.4,1517,34.2,66,0,0,0,0,0,0,47537
7402,L54581,L,299.8,310.8,1409,51.9,154,0,0,0,0,0,0,54581
6159,L53338,L,301.1,311.0,1677,29.1,188,0,0,0,0,0,0,53338
7706,L54885,L,300.5,311.5,1316,49.7,55,0,0,0,0,0,0,54885
8431,L55610,L,298.9,310.2,1304,57.2,183,0,0,0,0,0,0,55610
9603,L56782,L,298.9,310.2,1705,32.5,63,0,0,0,0,0,0,56782
1953,L49132,L,298.0,307.8,1266,60.5,81,0,0,0,0,0,0,49132
9006,L56185,L,297.2,307.9,1337,58.1,184,0,0,0,0,0,0,56185
107,L47286,L,298.8,308.7,1445,48.5,70,0,0,0,0,0,0,47286
9352,L56531,L,298.3,308.8,1645,30.4,33,0,0,0,0,0,0,56531
5144,M20003,M,304.3,313.5,1525,42.0,2,0,0,0,0,0,0,20003
401,L47580,L,297.4,308.5,2100,16.9,176,0,0,0,0,0,0,47580
3841,L51020,L,302.4,311.0,1610,33.1,161,0,0,0,0,0,0,51020
1052,L48231,L,296.6,307.7,1556,37.7,110,0,0,0,0,0,0,48231
6661,H36074,H,301.4,310.5,1421,43.8,182,0,0,0,0,0,0,36074
6025,L53204,L,300.7,310.9,1356,65.3,66,0,0,1,0,0,1,53204
3326,L50505,L,301.5,310.6,1587,33.7,122,0,0,0,0,0,0,50505
2564,L49743,L,299.3,309.1,1496,37.2,149,0,0,0,0,0,0,49743
6717,L53896,L,301.3,310.6,1387,53.6,94,0,0,0,0,0,0,53896
6695,M21554,M,301.7,310.9,1300,62.7,36,0,0,0,0,0,0,21554
6623,L53802,L,301.7,310.7,1493,51.1,87,0,0,0,0,0,0,53802
3481,L50660,L,301.9,310.8,1400,58.2,79,0,0,0,0,0,0,50660
9471,H38884,H,298.6,309.4,1439,47.1,149,0,0,0,0,0,0,38884
8635,L55814,L,297.3,308.3,1411,43.2,63,0,0,0,0,0,0,55814
8811,M23670,M,297.3,308.5,1625,32.8,92,0,0,0,0,0,0,23670
571,L47750,L,297.7,309.7,1498,41.0,176,0,0,0,0,0,0,47750
753,L47932,L,296.9,308.1,1422,48.7,215,0,0,0,0,0,0,47932
4155,M19014,M,302.0,310.4,1828,26.3,82,0,0,0,0,0,0,19014
9047,L56226,L,297.4,308.4,1664,28.1,67,0,0,0,0,0,0,56226
4570,L51749,L,302.8,310.9,1636,35.0,38,0,0,0,0,0,0,51749
2496,M17355,M,299.1,308.8,1491,41.0,209,0,0,0,0,0,0,17355
6721,L53900,L,301.3,310.6,1458,48.0,104,0,0,0,0,0,0,53900
5561,L52740,L,302.4,311.9,1541,37.9,192,0,0,0,0,0,0,52740
1122,L48301,L,296.6,307.6,1459,40.2,96,0,0,0,0,0,0,48301
1934,L49113,L,298.1,308.0,1638,35.1,38,0,0,0,0,0,0,49113
8428,L55607,L,299.1,310.4,1505,46.1,176,0,0,0,0,0,0,55607
5094,M19953,M,304.0,313.3,1415,52.8,82,0,0,0,0,0,0,19953
4322,L51501,L,301.7,310.2,1686,28.9,59,0,0,0,0,0,0,51501
2517,L49696,L,298.8,308.5,1736,29.0,31,0,0,0,0,0,0,49696
8923,L56102,L,297.1,308.2,1399,42.6,194,0,0,0,0,0,0,56102
7265,M22124,M,300.4,310.6,1448,44.9,21,0,0,0,0,0,0,22124
2749,L49928,L,299.7,309.2,1631,35.1,177,0,0,0,0,0,0,49928
8492,L55671,L,298.5,309.5,1579,38.6,126,0,0,0,0,0,0,55671
5618,L52797,L,303.1,312.4,1404,61.5,127,0,0,1,0,0,1,52797
9904,M24763,M,298.7,309.2,1437,45.7,195,0,0,0,0,0,0,24763
6316,M21175,M,301.0,310.4,1517,46.1,145,0,0,0,0,0,0,21175
5309,L52488,L,304.0,313.2,1481,42.6,213,0,0,0,0,0,0,52488
3891,L51070,L,302.3,311.2,1386,53.5,59,0,0,0,0,0,0,51070
3946,L51125,L,302.2,311.3,1570,36.1,0,0,0,0,0,0,0,51125
8665,H38078,H,297.5,308.6,1355,58.9,138,0,0,0,0,0,0,38078
6512,M21371,M,301.2,310.1,2280,15.7,11,0,0,0,0,0,0,21371
3246,M18105,M,301.0,309.6,1588,32.7,138,0,0,0,0,0,0,18105
5397,L52576,L,302.8,312.4,1523,39.7,239,0,0,0,0,0,0,52576
5719,L52898,L,302.4,312.0,1621,32.5,169,0,0,0,0,0,0,52898
7781,L54960,L,300.4,311.6,1815,23.5,49,0,0,0,0,0,0,54960
3191,L50370,L,300.1,309.2,1599,30.1,216,0,0,0,0,0,0,50370
9990,M24849,M,298.8,308.5,1577,33.2,0,0,0,0,0,0,0,24849
635,L47814,L,298.3,309.9,1507,41.6,112,0,0,0,0,0,0,47814
9142,L56321,L,297.5,308.5,1597,36.4,112,0,0,0,0,0,0,56321
9629,H39042,H,299.0,310.0,1569,34.3,132,0,0,0,0,0,0,39042
3098,M17957,M,299.9,309.2,1353,49.8,182,0,0,0,0,0,0,17957
7109,M21968,M,300.8,310.5,1511,35.8,54,0,0,0,0,0,0,21968
4560,L51739,L,302.7,310.7,1433,43.7,13,0,0,0,0,0,0,51739
5586,M20445,M,302.5,312.0,1642,29.1,46,0,0,0,0,0,0,20445
8933,L56112,L,297.4,308.4,1474,43.6,4,0,0,0,0,0,0,56112
7511,L54690,L,300.5,311.8,1524,38.9,214,1,0,0,0,0,1,54690
2430,L49609,L,298.9,308.3,1432,48.9,38,0,0,0,0,0,0,49609
7035,H36448,H,300.6,310.6,1830,26.2,78,0,0,0,0,0,0,36448
8938,M23797,M,297.4,308.4,1340,52.6,15,0,0,0,0,0,0,23797
3916,L51095,L,302.5,311.5,1700,29.5,133,0,0,0,0,0,0,51095
4094,M18953,M,302.0,310.5,1573,32.1,143,0,0,0,0,0,0,18953
5059,L52238,L,303.9,312.9,1526,42.5,194,0,0,0,0,0,0,52238
1989,H31402,H,298.3,307.9,1420,39.2,176,0,0,0,0,0,0,31402
6243,L53422,L,301.0,310.4,1476,43.6,173,0,0,0,0,0,0,53422
4608,L51787,L,303.0,311.1,1980,20.2,137,0,0,0,0,0,0,51787
8202,M23061,M,299.3,310.9,1826,25.1,2,0,0,0,0,0,0,23061
4711,L51890,L,303.4,311.7,1673,32.2,166,0,0,0,0,0,0,51890
2242,L49421,L,299.2,308.4,1711,28.9,197,0,0,0,0,0,0,49421
7092,L54271,L,300.6,310.2,1318,51.0,8,0,0,0,0,0,0,54271
7704,H37117,H,300.7,311.7,1864,23.6,47,0,0,0,0,0,0,37117
9794,H39207,H,298.5,309.4,1414,46.7,102,0,0,0,0,0,0,39207
4034,L51213,L,302.1,310.8,1772,27.1,233,0,0,0,0,0,0,51213
8837,L56016,L,297.4,308.9,1708,28.8,174,0,0,0,0,0,0,56016
4249,L51428,L,302.6,311.0,1506,37.2,95,0,0,0,0,0,0,51428
92,L47271,L,298.9,308.9,1830,24.9,35,0,0,0,0,0,0,47271
76,L47255,L,298.8,308.9,1379,46.7,204,0,0,0,0,0,0,47255
3142,L50321,L,300.5,310.0,1521,45.1,86,0,0,0,0,0,0,50321
779,L47958,L,296.7,308.0,1580,32.2,39,0,0,0,0,0,0,47958
6722,L53901,L,301.4,310.7,1280,61.0,106,0,0,0,0,0,0,53901
2168,H31581,H,299.6,309.1,1588,41.3,0,0,0,0,0,0,0,31581
472,H29885,H,297.3,308.8,1419,42.4,139,0,0,0,0,0,0,29885
7007,H36420,H,300.6,310.6,1419,39.6,3,0,0,0,0,0,0,36420
356,L47535,L,297.6,308.3,1623,36.9,61,0,0,0,0,0,0,47535
7909,L55088,L,300.7,312.3,1715,26.8,146,0,0,0,0,0,0,55088
3240,L50419,L,301.0,309.5,1430,48.5,122,0,0,0,0,0,0,50419
5885,M20744,M,301.3,311.1,1438,43.0,137,0,0,0,0,0,0,20744
9133,M23992,M,297.6,308.6,1585,42.0,90,0,0,0,0,0,0,23992
127,L47306,L,299.0,308.6,1329,60.5,120,0,0,0,0,0,0,47306
1864,M16723,M,297.9,307.7,1517,39.5,69,0,0,0,0,0,0,16723
276,L47455,L,298.0,308.0,1401,54.7,65,0,0,0,0,0,0,47455
3037,L50216,L,300.4,309.6,1319,48.1,26,0,0,0,0,0,0,50216
4685,M19544,M,303.6,311.8,1421,44.8,101,0,0,0,0,0,1,19544
1899,L49078,L,297.8,307.5,1372,54.1,157,0,0,0,0,0,0,49078
8454,L55633,L,298.6,309.9,1564,37.1,30,0,0,0,0,0,0,55633
3814,L50993,L,302.0,310.6,1467,44.9,86,0,0,0,0,0,0,50993
9607,L56786,L,298.9,310.1,1401,44.4,76,0,0,0,0,0,0,56786
8924,M23783,M,297.0,308.1,1363,45.3,196,0,0,0,0,0,0,23783
8366,M23225,M,298.8,309.8,1551,36.6,15,0,0,0,0,0,0,23225
6678,L53857,L,301.5,310.7,1435,38.5,224,0,0,0,0,0,0,53857
7321,H36734,H,299.8,310.2,1411,49.7,161,0,0,0,0,0,0,36734
9478,M24337,M,298.8,309.6,1693,33.3,170,0,0,0,0,0,0,24337
5807,L52986,L,301.4,310.9,1440,45.4,177,0,0,0,0,0,0,52986
909,M15768,M,295.5,306.1,1822,24.3,164,0,0,0,0,0,0,15768
7751,L54930,L,300.4,311.7,1444,51.2,174,0,0,0,0,0,0,54930
584,H29997,H,297.7,309.6,1697,32.2,210,0,0,0,0,0,0,29997
6707,L53886,L,301.4,310.6,1381,46.1,70,0,0,0,0,0,0,53886
1307,L48486,L,298.8,310.0,1487,41.4,152,0,0,0,0,0,0,48486
2521,L49700,L,298.8,308.6,1535,41.2,40,0,0,0,0,0,0,49700
6343,M21202,M,300.3,309.8,1444,42.0,3,0,0,0,0,0,0,21202
6923,L54102,L,301.2,311.7,1463,48.3,204,0,0,0,0,0,0,54102
1967,L49146,L,297.9,307.6,1515,40.5,118,0,0,0,0,0,0,49146
7308,M22167,M,300.0,310.4,1385,52.1,128,0,0,0,0,0,0,22167
7080,L54259,L,300.7,310.5,1445,41.1,201,0,0,0,0,0,0,54259
4586,L51765,L,302.8,311.1,1563,32.2,78,0,0,0,0,0,0,51765
3337,L50516,L,301.6,310.8,1535,35.4,148,0,0,0,0,0,0,50516
4613,L51792,L,303.0,311.3,2194,16.5,148,0,0,0,0,0,0,51792
6524,M21383,M,301.1,310.2,1850,27.7,44,0,0,0,0,0,0,21383
6201,L53380,L,301.0,310.9,1679,29.8,64,0,0,0,0,0,0,53380
5513,L52692,L,302.8,312.2,1682,30.9,58,0,0,0,0,0,0,52692
5600,M20459,M,302.7,312.0,1652,31.0,81,0,0,0,0,0,0,20459
6353,L53532,L,300.0,309.6,1496,38.8,27,0,0,0,0,0,0,53532
6829,L54008,L,301.0,310.9,1392,52.9,173,0,0,0,0,0,0,54008
7988,H37401,H,301.0,312.2,1489,40.3,117,0,0,0,0,0,0,37401
4278,L51457,L,302.2,310.4,1743,28.1,170,0,0,0,0,0,0,51457
1558,L48737,L,298.3,308.4,1585,30.6,127,0,0,0,0,0,0,48737
4311,L51490,L,301.4,310.0,1776,25.6,30,0,0,0,0,0,0,51490
6856,M21715,M,301.1,311.3,1654,30.7,28,0,0,0,0,0,0,21715
9319,L56498,L,298.5,309.4,1364,44.5,162,0,0,0,0,0,0,56498
4329,L51508,L,301.6,310.1,1326,48.2,77,0,1,0,0,0,1,51508
1197,M16056,M,297.0,307.9,1493,34.7,57,0,0,0,0,0,0,16056
7648,L54827,L,300.4,311.4,1728,31.7,133,0,0,0,0,0,0,54827
3395,L50574,L,301.5,310.6,1405,42.3,83,0,0,0,0,0,0,50574
4390,M19249,M,302.1,310.0,1355,45.1,6,0,1,0,0,0,1,19249
3771,L50950,L,302.3,311.0,1609,31.0,190,0,0,0,0,0,0,50950
2574,L49753,L,299.5,309.2,1499,41.5,175,0,0,0,0,0,0,49753
1460,L48639,L,299.0,310.3,1472,36.1,97,0,0,0,0,0,0,48639
4139,L51318,L,301.7,310.2,1311,57.4,40,0,1,0,0,0,1,51318
9272,L56451,L,298.2,308.7,1991,20.5,36,0,0,0,0,0,0,56451
2969,M17828,M,300.6,309.4,1312,45.2,73,0,0,0,0,0,0,17828
4448,M19307,M,302.5,310.3,1488,41.8,160,0,0,0,0,0,0,19307
9153,L56332,L,297.5,308.6,1260,53.6,137,0,0,0,0,0,0,56332
6518,L53697,L,301.1,310.1,1540,36.6,28,0,0,0,0,0,0,53697
3353,L50532,L,301.4,310.8,1610,34.6,187,0,0,0,0,0,0,50532
9861,H39274,H,298.7,309.6,1755,26.9,73,0,0,0,0,0,0,39274
6702,L53881,L,301.6,310.9,1623,34.1,56,0,0,0,0,0,0,53881
2586,M17445,M,299.0,308.7,1620,35.4,199,0,0,0,0,0,0,17445
3211,M18070,M,300.3,309.2,1364,47.6,45,0,0,0,0,0,0,18070
1730,M16589,M,298.3,307.7,1439,43.8,111,0,0,0,0,0,0,16589
4116,H33529,H,302.0,310.6,1346,54.7,196,0,0,0,0,0,0,33529
3543,L50722,L,301.8,310.9,1899,24.7,31,0,0,0,0,0,0,50722
2601,L49780,L,299.3,309.0,1422,47.3,25,0,0,0,0,0,0,49780
6821,L54000,L,300.8,310.6,1551,34.5,153,0,0,0,0,0,0,54000
8169,L55348,L,299.7,311.1,1690,30.6,148,0,0,0,0,0,0,55348
7996,L55175,L,301.0,312.2,1776,28.8,138,0,0,0,0,0,0,55175
6780,M21639,M,301.3,310.8,1372,54.2,49,0,0,0,0,0,0,21639
3492,H32905,H,301.9,310.9,1590,34.3,106,0,0,0,0,0,0,32905
2961,L50140,L,300.7,309.5,1467,44.3,55,0,0,0,0,0,0,50140
5102,M19961,M,304.1,313.4,1518,42.4,105,0,0,0,0,0,0,19961
9486,L56665,L,298.9,309.6,1589,34.2,197,0,0,0,0,0,0,56665
4511,L51690,L,302.4,310.2,1346,62.4,106,0,1,0,0,0,1,51690
4556,L51735,L,302.7,310.6,1690,26.7,4,0,0,0,0,0,0,51735
6698,L53877,L,301.6,310.9,1643,34.1,44,0,0,0,0,0,0,53877
9815,H39228,H,298.3,309.1,1430,40.9,162,0,0,0,0,0,0,39228
5627,H35040,H,302.7,312.1,1603,32.5,148,0,0,0,0,0,0,35040
5279,M20138,M,303.5,312.9,1618,30.4,130,0,0,0,0,0,0,20138
3889,L51068,L,302.3,311.2,1903,22.9,55,0,0,0,0,0,0,51068
33,L47212,L,299.0,309.4,1419,48.3,91,0,0,0,0,0,0,47212
9421,L56600,L,298.0,308.4,1472,42.0,15,0,0,0,0,0,0,56600
4507,M19366,M,302.4,310.1,1520,36.6,97,0,0,0,0,0,0,19366
4070,M18929,M,301.9,310.7,1405,47.9,80,0,0,0,0,0,0,18929
6399,L53578,L,300.1,309.7,1351,58.2,155,0,0,0,0,0,0,53578
416,L47595,L,297.5,308.4,1511,42.8,209,0,0,0,0,0,0,47595
7467,H36880,H,300.3,311.6,1801,23.6,97,0,0,0,0,0,0,36880
1858,L49037,L,297.7,307.4,1643,36.5,55,0,0,0,0,0,0,49037
8363,L55542,L,298.6,309.6,1353,62.5,9,0,0,0,0,0,0,55542
9526,L56705,L,299.1,310.3,1411,42.1,74,0,0,0,0,0,0,56705
412,L47591,L,297.5,308.7,1429,44.3,201,0,0,0,0,0,0,47591
7184,L54363,L,300.2,310.3,1445,50.9,34,0,0,0,0,0,0,54363
9450,M24309,M,298.1,308.8,1434,41.8,93,0,0,0,0,0,0,24309
4893,L52072,L,303.7,312.3,1922,23.1,193,0,0,0,0,0,0,52072
9169,H38582,H,297.6,308.8,1385,44.4,181,0,0,0,0,0,0,38582
5266,M20125,M,303.5,312.9,1883,23.3,100,0,0,0,0,0,0,20125
4387,L51566,L,301.9,309.7,1719,31.9,0,0,0,0,0,0,0,51566
6862,H36275,H,301.1,311.3,2207,16.6,43,0,0,0,0,0,0,36275
9679,M24538,M,299.1,310.2,1711,28.1,17,0,0,0,0,0,0,24538
3062,L50241,L,300.1,309.1,1353,58.7,86,0,0,0,0,0,0,50241
2901,L50080,L,300.5,309.3,1574,33.5,101,0,0,0,0,0,0,50080
5028,L52207,L,304.0,313.3,1294,54.6,102,0,0,0,0,0,0,52207
1521,L48700,L,298.3,309.1,1472,40.1,31,0,0,0,0,0,0,48700
883,M15742,M,295.7,306.2,1739,25.9,94,0,0,0,0,0,0,15742
1229,M16088,M,297.1,308.4,1583,38.2,150,0,0,0,0,0,0,16088
7954,L55133,L,301.0,312.0,1447,36.8,31,0,0,0,0,0,0,55133
3483,L50662,L,301.9,310.8,1540,37.6,83,0,0,0,0,0,0,50662
5856,M20715,M,301.2,310.9,1424,45.2,68,0,0,0,0,0,0,20715
1701,M16560,M,298.0,307.6,1844,23.8,44,0,0,0,0,0,0,16560
1389,H30802,H,298.9,310.1,1491,45.3,133,0,0,0,0,0,0,30802
6676,L53855,L,301.5,310.6,1579,28.0,220,0,0,0,0,0,0,53855
5990,L53169,L,300.7,310.7,1507,46.1,209,0,0,0,0,0,0,53169
6115,M20974,M,300.8,310.8,1549,35.5,79,0,0,0,0,0,0,20974
4645,L51824,L,303.2,311.4,1514,41.2,230,0,0,0,0,0,0,51824
119,M14978,M,298.8,308.6,1707,28.1,103,0,0,0,0,0,0,14978
6485,H35898,H,300.6,309.8,1913,22.5,157,0,0,0,0,0,0,35898
6186,L53365,L,301.1,311.0,1918,21.7,28,0,0,0,0,0,0,53365
4283,L51462,L,301.9,309.9,1374,48.5,180,0,1,0,0,0,1,51462
3549,L50728,L,301.9,310.9,1616,34.5,46,0,0,0,0,0,0,50728
9005,M23864,M,297.1,307.8,1538,34.3,181,0,0,0,0,0,0,23864
4875,L52054,L,303.8,312.5,1619,30.9,142,0,0,0,0,0,0,52054
9361,L56540,L,298.0,308.6,1532,42.6,54,0,0,0,0,0,0,56540
729,M15588,M,297.4,308.7,1425,50.3,152,0,0,0,0,0,0,15588
1313,L48492,L,298.9,310.1,1473,42.6,164,0,0,0,0,0,0,48492
3894,L51073,L,302.3,311.2,1549,40.6,66,0,0,0,0,0,0,51073
6579,L53758,L,301.4,310.4,1543,40.9,190,0,0,0,0,0,0,53758
9558,M24417,M,299.5,310.8,1507,40.2,156,0,0,0,0,0,0,24417
6583,L53762,L,301.5,310.5,1528,35.7,198,0,0,0,0,0,0,53762
7300,L54479,L,300.1,310.5,1492,50.9,111,0,0,0,0,0,0,54479
1669,L48848,L,298.2,307.9,1551,34.1,190,0,0,0,0,0,0,48848
4622,L51801,L,303.0,311.2,1341,51.0,174,0,1,0,0,0,1,51801
5895,L53074,L,301.2,310.9,1597,37.9,164,0,0,0,0,0,0,53074
6165,H35578,H,300.9,310.7,1656,30.7,200,0,0,0,0,0,0,35578
7198,L54377,L,300.0,310.0,1486,41.8,69,0,0,0,0,0,0,54377
5046,M19905,M,304.1,313.2,1510,46.9,152,0,0,0,0,0,0,19905
26,L47205,L,299.0,309.5,1861,23.3,73,0,0,0,0,0,0,47205
5576,H34989,H,302.4,312.0,1477,39.7,18,0,0,0,0,0,0,34989
3703,L50882,L,302.0,311.2,1434,44.9,15,0,0,0,0,0,0,50882
730,L47909,L,297.3,308.6,1586,37.7,155,0,0,0,0,0,0,47909
6672,L53851,L,301.5,310.6,1357,42.1,212,0,0,0,0,0,0,53851
6755,L53934,L,301.8,311.1,1495,36.9,197,0,0,0,0,0,0,53934
6927,H36340,H,301.1,311.6,1417,53.4,0,0,0,0,0,0,0,36340
9391,M24250,M,297.5,308.0,1560,39.0,141,0,0,0,0,0,0,24250
15,L47194,L,298.6,309.2,2035,19.6,40,0,0,0,0,0,0,47194
8452,L55631,L,298.5,310.0,1435,42.5,25,0,0,0,0,0,0,55631
1655,L48834,L,298.2,308.1,1379,62.3,149,0,0,0,0,0,0,48834
9948,M24807,M,298.2,307.9,1529,36.6,105,0,0,0,0,0,0,24807
6837,H36250,H,301.1,311.0,1339,52.8,194,0,0,0,0,0,0,36250
4374,M19233,M,301.9,309.7,1533,35.9,204,0,0,0,0,0,0,19233
4869,L52048,L,303.6,312.4,1418,46.0,128,0,0,0,0,0,0,52048
5432,L52611,L,302.8,312.5,1462,43.4,68,0,0,0,0,0,0,52611
4994,L52173,L,303.8,312.9,1819,23.7,16,0,0,0,0,0,0,52173
4090,M18949,M,301.9,310.5,1590,40.3,130,0,0,0,0,0,0,18949
8105,L55284,L,300.3,311.9,1692,31.5,187,0,0,0,0,0,0,55284
7895,M22754,M,300.8,312.6,1588,35.6,114,0,0,0,0,0,0,22754
4937,L52116,L,303.5,312.4,1284,70.6,94,0,0,1,0,0,1,52116
2565,L49744,L,299.3,309.1,1493,38.0,151,0,0,0,0,0,0,49744
2287,M17146,M,299.4,308.7,1289,60.5,104,0,0,0,0,0,0,17146
9522,M24381,M,298.9,310.1,1484,40.4,61,0,0,0,0,0,0,24381
4091,L51270,L,302.0,310.5,2197,15.8,133,0,0,0,0,0,0,51270
3530,L50709,L,301.9,310.9,1567,39.0,214,1,0,0,0,0,1,50709
953,L48132,L,295.5,306.2,1448,48.9,65,0,0,0,0,0,0,48132
9769,L56948,L,298.6,309.6,1611,35.7,23,0,0,0,0,0,0,56948
9461,M24320,M,298.4,309.2,1399,45.2,125,0,0,0,0,0,0,24320
7727,M22586,M,300.8,311.9,1761,29.0,113,0,0,0,0,0,0,22586
3307,L50486,L,301.4,310.5,1432,54.3,81,0,0,0,0,0,0,50486
4319,L51498,L,301.5,310.1,1541,42.2,52,0,0,0,0,0,0,51498
2254,L49433,L,299.2,308.4,1386,54.1,26,0,0,0,0,0,0,49433
7066,L54245,L,300.8,310.6,1384,52.9,165,0,0,0,0,0,0,54245
9294,L56473,L,298.3,309.1,1437,38.0,93,0,0,0,0,0,0,56473
6471,L53650,L,300.4,309.6,1379,54.5,122,0,0,0,0,0,0,53650
6600,L53779,L,301.6,310.7,1494,39.5,24,0,0,0,0,0,0,53779
145,M15004,M,298.6,308.4,1391,42.4,169,0,0,0,0,0,0,15004
3313,L50492,L,301.4,310.4,1639,28.9,94,0,0,0,0,0,0,50492
1216,L48395,L,296.8,307.9,1709,28.4,118,0,0,0,0,0,0,48395
7863,M22722,M,300.5,312.0,1382,54.1,27,0,0,0,0,0,0,22722
6043,M20902,M,300.8,311.0,1580,36.6,109,0,0,0,0,0,0,20902
8981,L56160,L,297.0,307.6,1513,42.4,124,0,0,0,0,0,0,56160
8021,H37434,H,300.9,312.0,1720,27.9,202,0,0,0,0,0,0,37434
9163,M24022,M,297.6,308.6,1509,39.7,166,0,0,0,0,0,0,24022
7036,L54215,L,300.6,310.6,1497,38.2,83,0,0,0,0,0,0,54215
9463,L56642,L,298.5,309.3,1570,40.1,131,0,0,0,0,0,0,56642
9098,L56277,L,297.3,308.1,1642,36.9,206,0,0,0,0,0,0,56277
9210,M24069,M,298.0,309.0,1393,55.9,79,0,0,0,0,0,0,24069
4848,L52027,L,303.4,311.9,1434,44.6,78,0,0,0,0,0,0,52027
8087,L55266,L,300.2,311.4,1463,37.5,145,0,0,0,0,0,0,55266
6192,H35605,H,301.0,310.9,1916,22.0,42,0,0,0,0,0,0,35605
8645,M23504,M,297.6,308.5,1443,38.2,85,0,0,0,0,0,0,23504
3009,M17868,M,300.4,309.7,1547,38.0,181,0,0,0,0,0,0,17868
3283,L50462,L,301.2,309.9,1515,40.9,21,0,0,0,0,0,0,50462
2206,L49385,L,299.9,309.2,1624,34.6,105,0,0,0,0,0,0,49385
5355,L52534,L,303.4,312.6,1462,37.5,118,0,0,0,0,0,0,52534
9818,M24677,M,298.5,309.3,1465,42.4,173,0,0,0,0,0,0,24677
5622,M20481,M,302.9,312.2,1292,54.4,136,0,0,0,0,0,0,20481
8780,M23639,M,297.5,308.6,1349,51.5,21,0,0,0,0,0,0,23639
6331,M21190,M,300.5,310.0,1580,37.0,181,0,0,0,0,0,0,21190
9767,H39180,H,298.6,309.6,1449,42.5,16,0,0,0,0,0,0,39180
8656,L55835,L,297.3,308.3,1268,60.6,119,0,0,0,0,0,0,55835
4268,L51447,L,302.6,311.0,1520,42.8,148,0,0,0,0,0,0,51447
3681,L50860,L,302.2,311.5,1744,31.2,172,0,0,0,0,0,0,50860
7349,H36762,H,299.7,310.3,1462,40.4,19,0,0,0,0,0,0,36762
8582,M23441,M,297.5,308.0,1429,45.8,148,0,0,0,0,0,0,23441
4078,L51257,L,302.0,310.5,1635,39.8,99,0,0,0,0,0,0,51257
720,L47899,L,297.4,308.8,1447,58.1,129,0,0,0,0,0,0,47899
3156,L50335,L,300.5,309.8,1367,54.0,129,0,0,0,0,0,0,50335
3104,L50283,L,299.8,309.1,1668,30.3,200,0,0,0,0,0,0,50283
332,M15191,M,297.6,308.4,1391,51.9,218,0,0,0,0,0,0,15191
9125,L56304,L,297.4,308.4,1426,50.4,70,0,0,0,0,0,0,56304
5304,L52483,L,303.9,313.2,1481,44.1,197,0,0,0,0,0,0,52483
8925,H38338,H,297.1,308.2,1527,42.2,199,0,0,0,0,0,0,38338
8171,L55350,L,299.9,311.3,1522,45.7,153,0,0,0,0,0,0,55350
6836,L54015,L,301.0,310.9,1809,25.7,192,0,0,0,0,0,0,54015
1945,L49124,L,298.1,308.1,1791,27.3,63,0,0,0,0,0,0,49124
7803,L54982,L,299.9,311.3,1429,58.2,103,0,0,0,0,0,0,54982
6949,L54128,L,300.7,311.2,1457,51.4,61,0,0,0,0,0,0,54128
9724,L56903,L,298.8,309.8,1599,33.6,131,0,0,0,0,0,0,56903
7729,L54908,L,300.7,311.8,1420,47.0,119,0,0,0,0,0,0,54908
5940,L53119,L,300.5,310.5,1409,60.9,73,0,0,0,0,0,0,53119
5014,M19873,M,303.8,312.9,1594,35.2,69,0,0,0,0,0,0,19873
7848,L55027,L,300.2,311.6,1322,50.9,215,0,0,0,0,0,0,55027
2558,M17417,M,299.4,309.1,1440,50.0,134,0,0,0,0,0,0,17417
8861,M23720,M,297.9,309.1,1488,37.3,30,0,0,0,0,0,0,23720
5574,L52753,L,302.5,312.2,1738,25.3,14,0,0,0,0,0,0,52753
1786,L48965,L,298.2,308.0,1538,38.2,59,0,0,0,0,0,0,48965
4528,M19387,M,302.4,310.5,1372,45.7,144,0,1,0,0,0,1,19387
2610,L49789,L,299.4,309.2,1621,34.5,48,0,0,0,0,0,0,49789
1823,L49002,L,298.1,307.6,1488,39.4,157,0,0,0,0,0,0,49002
5333,H34746,H,303.6,312.7,1403,46.2,57,0,0,0,0,0,0,34746
2687,L49866,L,299.8,309.4,1633,27.5,29,0,0,0,0,0,0,49866
3915,L51094,L,302.5,311.5,1493,35.1,131,0,0,0,0,0,0,51094
154,L47333,L,298.4,308.2,1850,27.0,194,0,0,0,0,0,0,47333
6147,M21006,M,301.1,311.1,1470,40.6,159,0,0,0,0,0,0,21006
2747,L49926,L,299.7,309.2,1411,46.1,173,0,0,0,0,0,0,49926
6805,L53984,L,301.0,310.6,1588,33.7,114,0,0,0,0,0,0,53984
5750,H35163,H,302.2,311.8,1330,62.4,31,0,0,0,0,0,0,35163
583,L47762,L,297.8,309.7,1341,49.2,208,0,0,0,0,0,0,47762
7451,L54630,L,300.3,311.8,1451,41.0,55,0,0,0,0,0,0,54630
8101,L55280,L,300.3,311.7,1682,27.8,178,0,0,0,0,0,0,55280
3213,L50392,L,300.3,309.2,1649,32.4,50,0,0,0,0,0,0,50392
4045,M18904,M,301.9,310.9,1419,47.7,20,0,0,0,0,0,1,18904
7784,L54963,L,300.3,311.5,1667,28.8,56,0,0,0,0,0,0,54963
4778,M19637,M,303.5,312.2,1818,23.6,109,0,0,0,0,0,0,19637
2965,L50144,L,300.7,309.5,1692,30.3,64,0,0,0,0,0,0,50144
5714,L52893,L,302.2,311.9,1596,38.0,156,0,0,0,0,0,0,52893
9540,L56719,L,299.4,310.8,1424,47.7,109,0,0,0,0,0,0,56719
3972,H33385,H,302.2,311.4,1625,35.4,70,0,0,0,0,0,0,33385
2647,M17506,M,299.8,309.5,1453,43.2,153,0,0,0,0,0,0,17506
7332,L54511,L,299.8,310.3,1524,34.2,196,0,0,0,0,0,0,54511
3477,L50656,L,301.8,310.6,1522,43.8,70,0,0,0,0,0,0,50656
740,L47919,L,296.9,308.4,1390,41.8,184,0,0,0,0,0,0,47919
1272,H30685,H,298.0,309.4,1490,40.5,53,0,0,0,0,0,0,30685
9953,L57132,L,298.2,307.8,1429,46.9,117,0,0,0,0,0,0,57132
8680,L55859,L,297.3,308.5,1456,54.2,179,0,0,0,0,0,0,55859
3646,L50825,L,302.2,311.5,1413,43.5,83,0,0,0,0,0,0,50825
4800,L51979,L,303.5,312.5,1418,42.2,170,0,0,0,0,0,0,51979
3423,L50602,L,301.5,310.4,1629,34.1,151,0,0,0,0,0,0,50602
3566,M18425,M,301.8,310.7,1420,52.0,88,0,0,0,0,0,0,18425
7417,M22276,M,300.1,311.2,1452,42.4,190,0,0,0,0,0,0,22276
3390,M18249,M,301.5,310.7,1416,53.2,69,0,0,0,0,0,0,18249
3223,M18082,M,300.7,309.7,1435,44.7,76,0,0,0,0,0,0,18082
1833,M16692,M,297.8,307.4,1330,51.7,183,0,0,0,0,0,0,16692
5206,L52385,L,303.7,312.7,1468,43.3,168,0,0,0,0,0,0,52385
526,L47705,L,297.4,309.4,1466,45.5,53,0,0,0,0,0,0,47705
8344,H37757,H,298.8,309.8,1437,48.2,164,0,0,0,0,0,0,37757
3737,H33150,H,302.2,311.1,1628,30.6,105,0,0,0,0,0,0,33150
7802,L54981,L,300.0,311.4,1383,49.6,101,0,0,0,0,0,0,54981
5691,L52870,L,302.3,311.8,1435,44.8,98,0,0,0,0,0,0,52870
2337,L49516,L,299.2,308.4,1434,46.8,2,0,0,0,0,0,0,49516
943,M15802,M,295.7,306.3,1462,44.3,37,0,0,0,0,0,0,15802
8115,H37528,H,300.4,311.8,2496,13.5,5,0,0,0,0,0,0,37528
9346,L56525,L,298.2,308.8,1442,47.0,18,0,0,0,0,0,0,56525
9324,L56503,L,298.6,309.4,1447,40.2,173,0,0,0,0,0,0,56503
3101,L50280,L,299.8,309.1,1578,42.1,191,0,0,0,0,0,0,50280
8818,H38231,H,297.3,308.6,1376,53.5,112,0,0,0,0,0,0,38231
6474,H35887,H,300.4,309.5,1547,50.7,131,0,0,0,0,0,0,35887
4074,M18933,M,301.9,310.6,1412,46.5,89,0,0,0,0,0,0,18933
9369,L56548,L,297.7,308.4,1510,38.6,72,0,0,0,0,0,0,56548
7763,M22622,M,300.3,311.5,1400,43.8,0,0,0,0,0,0,0,22622
9106,M23965,M,297.3,308.2,1677,34.9,21,0,0,0,0,0,0,23965
5109,L52288,L,303.9,313.3,1394,51.6,121,0,0,0,0,0,0,52288
264,M15123,M,298.0,308.1,1587,32.3,30,0,0,0,0,0,0,15123
6074,M20933,M,300.9,310.8,1790,26.2,191,0,0,0,0,0,0,20933
8173,L55352,L,299.9,311.4,1596,28.9,160,0,0,0,0,0,0,55352
7437,L54616,L,300.0,311.4,1487,41.2,22,0,0,0,0,0,0,54616
3710,L50889,L,302.2,311.4,1754,26.9,33,0,0,0,0,0,0,50889
8281,L55460,L,298.8,310.6,1602,39.1,211,0,0,0,0,0,0,55460
5675,M20534,M,302.2,311.7,1393,42.5,53,0,0,0,0,0,0,20534
6076,L53255,L,301.0,310.9,1813,28.5,197,0,0,0,0,0,0,53255
153,M15012,M,298.4,308.2,1584,41.0,191,0,0,0,0,0,0,15012
2005,L49184,L,298.5,308.2,1451,47.5,18,0,0,0,0,0,0,49184
5394,L52573,L,302.8,312.3,1473,42.6,232,0,0,0,0,0,0,52573
7644,H37057,H,300.4,311.4,1427,50.7,122,0,0,0,0,0,0,37057
7110,L54289,L,300.9,310.5,1599,40.5,57,0,0,0,0,0,0,54289
1645,L48824,L,298.0,307.8,1622,33.3,121,0,0,0,0,0,0,48824
29,L47208,L,299.1,309.4,1439,44.2,82,0,0,0,0,0,0,47208
9384,H38797,H,297.5,308.1,1548,38.2,117,0,0,0,0,0,0,38797
97,M14956,M,299.0,309.0,1575,35.3,47,0,0,0,0,0,0,14956
8801,L55980,L,297.4,308.5,1475,47.2,69,0,0,0,0,0,0,55980
965,L48144,L,295.7,306.5,1737,26.2,97,0,0,0,0,0,0,48144
6270,M21129,M,300.9,310.5,1444,43.2,27,0,0,0,0,0,0,21129
104,M14963,M,298.8,308.8,1441,40.5,63,0,0,0,0,0,0,14963
3109,L50288,L,299.8,309.2,1504,38.7,212,0,0,0,0,0,0,50288
7762,H37175,H,300.4,311.6,1715,30.8,203,0,0,0,0,0,0,37175
2646,H32059,H,299.9,309.5,1547,38.5,148,0,0,0,0,0,0,32059
9635,L56814,L,299.1,310.2,1425,52.7,154,0,0,0,0,0,0,56814
9409,H38822,H,297.9,308.4,1637,34.5,191,0,0,0,0,0,0,38822
666,L47845,L,297.5,308.9,1729,28.1,189,0,0,0,0,0,0,47845
6494,L53673,L,300.7,309.8,1363,53.1,183,0,0,0,0,0,0,53673
791,L47970,L,296.8,307.9,1420,45.4,70,0,0,0,0,0,0,47970
8060,L55239,L,300.2,311.6,1540,37.7,71,0,0,0,0,0,0,55239
6845,M21704,M,301.3,311.4,1838,23.2,215,0,0,0,0,0,0,21704
206,M15065,M,298.5,308.6,1344,53.0,114,0,0,0,0,0,0,15065
108,M14967,M,298.8,308.8,1497,46.8,72,0,0,0,0,0,0,14967
1169,L48348,L,297.1,308.1,1584,36.8,215,0,0,0,0,0,0,48348
3467,L50646,L,301.7,310.6,1447,56.9,47,0,0,0,0,0,0,50646
2221,M17080,M,299.6,309.0,1736,26.1,146,0,0,0,0,0,0,17080
3124,H32537,H,300.0,309.4,1498,38.5,37,0,0,0,0,0,0,32537
2207,L49386,L,299.9,309.2,1436,52.0,107,0,0,0,0,0,0,49386
6319,M21178,M,300.9,310.3,1416,50.9,152,0,0,0,0,0,0,21178
2588,L49767,L,299.0,308.7,2248,16.8,204,0,0,0,0,0,0,49767
6014,L53193,L,300.7,310.8,1597,30.5,38,0,0,0,0,0,0,53193
2684,L49863,L,299.8,309.5,1590,28.5,23,0,0,0,0,0,0,49863
3461,L50640,L,301.5,310.3,1415,41.6,28,0,0,0,0,0,0,50640
2076,L49255,L,299.5,309.4,1390,58.8,195,0,0,0,1,0,1,49255
3085,H32498,H,300.1,309.4,1329,55.2,143,0,0,0,0,0,0,32498
1132,L48311,L,296.8,307.9,1489,33.4,123,0,0,0,0,0,0,48311
8569,L55748,L,297.9,308.6,1691,29.6,116,0,0,0,0,0,0,55748
5080,M19939,M,304.2,313.4,1411,54.8,44,0,0,0,0,0,0,19939
2827,M17686,M,300.3,309.4,1612,33.1,150,0,0,0,0,0,0,17686
5584,L52763,L,302.5,312.0,1673,29.9,42,0,0,0,0,0,0,52763
7645,L54824,L,300.4,311.4,1424,44.6,127,0,0,0,0,0,0,54824
3188,M18047,M,300.2,309.4,1752,27.8,208,0,0,0,0,0,0,18047
4926,L52105,L,303.4,312.3,1680,30.6,67,0,0,0,0,0,0,52105
2800,L49979,L,300.3,309.6,1404,44.6,87,0,0,0,0,0,0,49979
8504,L55683,L,298.5,309.8,1468,40.9,157,0,0,0,0,0,0,55683
3550,M18409,M,301.8,310.9,1299,60.4,48,0,0,0,0,0,0,18409
398,M15257,M,297.4,308.3,1774,28.9,166,0,0,0,0,0,0,15257
5599,L52778,L,302.8,312.1,1441,52.1,79,0,0,0,0,0,0,52778
645,H30058,H,297.7,309.4,1608,30.2,135,0,0,0,0,0,0,30058
995,M15854,M,296.2,307.2,1168,63.4,172,0,0,0,0,0,0,15854
3987,M18846,M,302.2,311.3,1577,29.8,112,0,0,0,0,0,0,18846
3608,L50787,L,301.6,310.7,1638,33.8,196,0,0,0,0,0,0,50787
5697,H35110,H,302.5,311.9,1595,34.6,112,0,0,0,0,0,0,35110
9940,H39353,H,298.3,308.1,2636,12.8,84,0,0,0,0,0,0,39353
4207,M19066,M,302.3,310.8,1721,28.4,215,0,0,0,0,0,0,19066
6875,H36288,H,300.9,311.3,1295,58.9,77,0,0,0,0,0,0,36288
1959,H31372,H,297.9,307.7,1464,43.2,97,0,0,0,0,0,0,31372
3883,L51062,L,302.5,311.6,1419,43.7,39,0,0,0,0,0,0,51062
2621,L49800,L,299.4,309.2,1556,35.7,75,0,0,0,0,0,0,49800
1441,M16300,M,298.8,309.9,1741,27.7,50,0,0,0,0,0,0,16300
7782,L54961,L,300.4,311.7,1513,40.0,51,0,0,0,0,0,0,54961
6166,L53345,L,300.9,310.7,1523,35.8,205,0,0,0,0,0,0,53345
7949,L55128,L,300.8,311.7,1479,39.4,18,0,0,0,0,0,0,55128
8017,M22876,M,300.9,312.0,1447,41.4,193,0,0,0,0,0,0,22876
9442,L56621,L,298.1,308.8,1432,43.4,68,0,0,0,0,0,0,56621
6009,L53188,L,300.7,310.7,1431,39.3,22,0,0,0,0,0,0,53188
1867,M16726,M,298.1,307.9,1662,28.9,76,0,0,0,0,0,0,16726
442,H29855,H,297.5,308.5,1393,46.6,56,0,0,0,0,0,0,29855
3274,M18133,M,301.3,309.9,1565,36.0,213,0,0,0,0,0,0,18133
9823,L57002,L,298.5,309.4,1360,60.9,187,0,0,0,1,0,1,57002
6093,L53272,L,300.9,310.7,1658,28.5,18,0,0,0,0,0,0,53272
2175,L49354,L,299.6,309.2,1572,33.4,20,0,0,0,0,0,0,49354
1847,H31260,H,297.7,307.3,1514,38.6,19,0,0,0,0,0,0,31260
7434,M22293,M,300.1,311.4,1913,21.9,15,0,0,0,0,0,0,22293
7348,L54527,L,299.6,310.2,1627,36.6,17,0,0,0,0,0,0,54527
221,L47400,L,298.3,308.5,1416,52.7,151,0,0,0,0,0,0,47400
1506,L48685,L,298.0,308.7,1626,36.7,210,0,0,0,0,0,0,48685
5281,L52460,L,303.6,312.9,1480,41.4,135,0,0,0,0,0,0,52460
202,L47381,L,298.3,308.5,1575,41.2,105,0,0,0,0,0,0,47381
9397,L56576,L,297.8,308.3,1498,47.3,160,0,0,0,0,0,0,56576
9073,H38486,H,297.2,308.1,1770,27.2,140,0,0,0,0,0,0,38486
7275,M22134,M,300.2,310.3,1478,38.1,45,0,0,0,0,0,0,22134
3944,L51123,L,302.3,311.4,1333,66.7,205,0,0,1,1,0,1,51123
2329,L49508,L,299.3,308.7,1579,36.3,211,0,0,0,0,0,0,49508
9834,L57013,L,298.3,309.1,1386,45.3,212,0,0,0,0,0,0,57013
2026,L49205,L,298.7,308.5,1469,39.9,67,0,0,0,0,0,0,49205
5873,M20732,M,301.5,311.0,1504,42.6,109,0,0,0,0,0,0,20732
403,L47582,L,297.4,308.6,1678,32.3,180,0,0,0,0,0,0,47582
1672,L48851,L,298.1,307.9,1614,35.8,196,0,0,0,0,0,0,48851
614,L47793,L,298.1,309.9,1634,30.0,53,0,0,0,0,0,0,47793
762,L47941,L,296.7,307.8,1646,34.6,238,0,0,0,0,0,0,47941
2585,L49764,L,299.1,308.8,1502,46.7,197,0,0,0,0,0,0,49764
6060,L53239,L,300.9,311.0,2235,15.8,156,0,0,0,0,0,0,53239
2224,L49403,L,299.6,309.0,1413,48.5,153,0,0,0,0,0,0,49403
5896,M20755,M,301.2,310.9,1460,46.7,166,0,0,0,0,0,0,20755
8572,L55751,L,297.9,308.6,2262,15.7,125,0,0,0,0,0,0,55751
7545,L54724,L,300.2,311.4,1425,44.2,84,0,0,0,0,0,0,54724
5448,L52627,L,303.1,312.8,1465,44.1,109,0,0,0,0,0,0,52627
4810,L51989,L,303.4,312.2,1656,32.7,195,0,0,0,0,0,0,51989
4694,M19553,M,303.4,311.5,1817,24.7,125,0,0,0,0,0,0,19553
6901,L54080,L,301.0,311.7,1670,31.3,150,0,0,0,0,0,0,54080
7625,L54804,L,300.6,311.7,1507,45.5,74,0,0,0,0,0,0,54804
4760,L51939,L,303.5,311.6,1361,46.5,62,0,1,0,0,0,1,51939
8994,M23853,M,297.2,307.9,1632,37.5,156,0,0,0,0,0,0,23853
8125,L55304,L,300.2,311.4,1568,41.0,32,0,0,0,0,0,0,55304
9788,H39201,H,298.6,309.5,1420,50.4,82,0,0,0,0,0,0,39201
6984,M21843,M,300.7,311.0,1334,53.9,150,0,0,0,0,0,0,21843
1260,M16119,M,297.5,308.9,1280,48.5,19,0,0,0,0,0,0,16119
1143,L48322,L,296.9,307.9,1423,43.9,149,0,0,0,0,0,0,48322
7466,M22325,M,300.1,311.4,1390,52.1,94,0,0,0,0,0,0,22325
2279,M17138,M,299.3,308.7,1459,35.6,87,0,0,0,0,0,0,17138
6255,L53434,L,301.0,310.5,1408,47.0,202,0,0,0,0,0,0,53434
2480,L49659,L,299.0,308.5,1604,34.7,159,0,0,0,0,0,0,49659
7323,H36736,H,299.8,310.2,1573,33.3,168,0,0,0,0,0,0,36736
3677,M18536,M,302.2,311.5,1562,38.0,162,0,0,0,0,0,0,18536
2674,L49853,L,299.8,309.4,1480,40.9,2,0,0,0,0,0,0,49853
4143,L51322,L,301.7,310.1,1424,50.2,54,0,0,0,0,0,0,51322
1820,M16679,M,298.1,307.6,2066,19.2,150,0,0,0,0,0,0,16679
6486,L53665,L,300.6,309.8,1629,37.6,162,0,0,0,0,0,0,53665
6491,L53670,L,300.7,309.9,1383,44.5,176,0,0,0,0,0,0,53670
2469,M17328,M,298.9,308.6,1524,40.4,131,0,0,0,0,0,0,17328
3409,M18268,M,301.2,310.4,1382,41.6,117,0,0,0,0,0,0,18268
2589,L49768,L,299.0,308.7,1706,28.6,206,0,0,0,0,0,0,49768
4898,H34311,H,303.8,312.5,1525,38.0,209,0,0,0,0,0,0,34311
2768,L49947,L,300.0,309.5,1925,21.9,9,0,0,0,0,0,0,49947
6379,L53558,L,300.0,309.6,1514,44.6,98,0,0,0,0,0,0,53558
49,H29462,H,298.8,309.2,1425,53.9,135,0,0,0,0,0,0,29462
9813,M24672,M,298.2,309.1,1411,45.8,157,0,0,0,0,0,0,24672
4473,L51652,L,302.7,310.6,1501,48.7,4,0,0,0,0,0,0,51652
935,M15794,M,295.5,306.0,1326,50.8,18,0,0,0,0,0,0,15794
5825,L53004,L,301.2,311.0,1596,37.2,219,0,0,0,0,0,0,53004
330,H29743,H,297.7,308.5,1720,29.9,210,0,0,0,0,0,0,29743
79,L47258,L,298.8,308.9,1398,51.5,0,0,0,0,0,0,0,47258
8000,M22859,M,300.9,312.1,1617,31.0,148,0,0,0,0,0,0,22859
2767,M17626,M,299.9,309.4,1889,26.0,6,0,0,0,0,0,0,17626
7832,M22691,M,300.0,311.4,1533,42.6,180,0,0,0,0,0,0,22691
2477,H31890,H,298.9,308.4,1449,42.4,149,0,0,0,0,0,0,31890
7666,L54845,L,300.5,311.6,1497,40.5,180,0,0,0,0,0,0,54845
4378,M19237,M,301.8,309.6,1436,49.0,214,0,0,0,0,0,0,19237
4910,L52089,L,303.5,312.4,1481,43.7,20,0,0,0,0,0,0,52089
2871,M17730,M,300.8,309.7,1519,39.7,16,0,0,0,0,0,0,17730
179,L47358,L,298.2,308.2,1436,50.2,43,0,0,0,0,0,0,47358
4498,L51677,L,302.5,310.3,1523,36.0,72,0,0,0,0,0,0,51677
823,M15682,M,296.7,307.6,1547,34.7,150,0,0,0,0,0,0,15682
7902,L55081,L,300.8,312.4,1365,44.5,129,0,0,0,0,0,0,55081
7771,L54950,L,300.3,311.5,1548,32.2,25,0,0,0,0,0,0,54950
497,M15356,M,297.5,309.2,1530,40.0,206,0,0,0,0,0,0,15356
8039,L55218,L,300.7,311.8,1486,47.3,19,0,0,0,0,0,0,55218
5534,L52713,L,302.4,311.7,1721,26.9,112,0,0,0,0,0,0,52713
5780,L52959,L,301.6,311.1,1680,29.2,111,0,0,0,0,0,0,52959
1498,L48677,L,298.0,308.7,1629,34.3,191,0,0,0,0,0,0,48677
9410,L56589,L,298.0,308.5,1664,28.3,196,0,0,0,0,0,0,56589
5246,L52425,L,303.6,313.0,1575,38.3,54,0,0,0,0,0,0,52425
4307,L51486,L,301.6,310.0,1869,22.9,18,0,0,0,0,0,0,51486
4095,L51274,L,302.0,310.5,1651,30.9,146,0,0,0,0,0,0,51274
3264,L50443,L,301.3,310.0,1344,54.8,186,0,0,0,0,0,0,50443
893,L48072,L,295.7,306.1,1343,54.4,119,0,0,0,0,0,0,48072
4185,L51364,L,302.2,310.6,1334,53.2,159,0,1,0,0,0,1,51364
6947,L54126,L,300.7,311.2,1486,46.8,56,0,0,0,0,0,0,54126
4386,L51565,L,301.8,309.7,1442,45.3,233,1,0,0,0,0,1,51565
5914,H35327,H,300.7,310.2,1479,52.3,9,0,0,0,0,0,0,35327
7822,L55001,L,299.9,311.3,1802,24.4,151,0,0,0,0,0,0,55001
6795,L53974,L,301.3,310.8,1428,55.2,88,0,0,0,0,0,0,53974
7375,L54554,L,299.5,310.0,1379,50.4,85,0,0,0,0,0,0,54554
7707,L54886,L,300.5,311.5,1708,31.2,57,0,0,0,0,0,0,54886
4208,M19067,M,302.3,310.9,1710,30.4,218,1,0,0,0,0,1,19067
6604,M21463,M,301.5,310.6,1403,47.4,34,0,0,0,0,0,0,21463
5032,M19891,M,303.8,313.0,1514,45.0,113,0,0,0,0,0,0,19891
5155,L52334,L,304.2,313.4,1568,37.6,25,0,0,0,0,0,0,52334
3993,L51172,L,302.3,311.3,1614,34.1,129,0,0,0,0,0,0,51172
4727,M19586,M,303.4,311.8,2133,18.3,207,0,0,0,0,0,0,19586
3568,L50747,L,301.8,310.5,1548,34.1,93,0,0,0,0,0,0,50747
4643,L51822,L,303.2,311.4,1238,54.6,226,0,1,0,1,0,1,51822
3518,L50697,L,302.0,311.0,1550,35.2,184,0,0,0,0,0,0,50697
5481,H34894,H,302.7,312.1,1478,36.0,191,0,0,0,0,0,0,34894
7854,L55033,L,300.3,311.7,1317,56.5,7,0,0,0,0,0,0,55033
1788,L48967,L,298.4,308.2,1364,45.9,63,0,0,0,0,0,0,48967
9500,L56679,L,299.2,310.1,1534,37.7,10,0,0,0,0,0,0,56679
9482,L56661,L,298.9,309.6,1365,50.9,183,0,0,0,0,0,0,56661
3462,H32875,H,301.6,310.4,1330,49.5,30,0,0,0,0,0,0,32875
3775,M18634,M,302.4,311.1,1480,45.7,200,0,0,0,0,0,0,18634
6461,L53640,L,300.6,310.0,1313,52.9,93,0,0,0,0,0,0,53640
3040,M17899,M,300.3,309.5,1665,31.4,32,0,0,0,0,0,0,17899
2581,L49760,L,299.3,309.1,1293,53.7,189,0,0,0,0,0,0,49760
1514,L48693,L,298.1,308.7,1568,32.9,10,0,0,0,0,0,0,48693
10000,M24859,M,299.0,308.7,1500,40.2,30,0,0,0,0,0,0,24859
3143,L50322,L,300.6,310.0,1658,34.7,88,0,0,0,0,0,0,50322
1072,L48251,L,296.9,307.8,1425,49.1,163,0,0,0,0,0,0,48251
4652,L51831,L,303.2,311.4,1349,51.1,9,0,1,0,0,0,1,51831
4449,L51628,L,302.4,310.3,1374,51.2,163,0,1,0,0,0,1,51628
8061,H37474,H,300.2,311.5,1426,44.3,73,0,0,0,0,0,0,37474
3934,L51113,L,302.6,311.6,1576,34.7,182,0,0,0,0,0,0,51113
7393,M22252,M,299.7,310.5,1492,39.3,131,0,0,0,0,0,0,22252
1174,H30587,H,297.1,308.0,1559,38.8,229,0,0,0,0,0,0,30587
9275,L56454,L,298.2,308.7,1428,54.9,45,0,0,0,0,0,0,56454
1515,M16374,M,298.1,308.8,1628,37.6,12,0,0,0,0,0,0,16374
5983,L53162,L,300.7,310.8,1486,37.1,186,0,0,0,0,0,0,53162
6965,M21824,M,300.7,311.0,1263,52.3,104,0,0,0,0,0,0,21824
8740,H38153,H,297.4,308.7,1429,37.6,118,0,0,0,0,0,0,38153
1533,M16392,M,298.1,308.9,1417,39.2,65,0,0,0,0,0,0,16392
9762,L56941,L,298.6,309.7,1703,26.1,5,0,0,0,0,0,0,56941
7509,M22368,M,300.5,311.9,1730,27.5,209,0,0,0,0,0,0,22368
270,L47449,L,298.0,308.0,1524,37.0,49,0,0,0,0,0,0,47449
9917,M24776,M,298.5,308.8,1553,34.9,18,0,0,0,0,0,0,24776
2797,L49976,L,300.2,309.5,1539,35.3,80,0,0,0,0,0,0,49976
4679,H34092,H,303.6,311.7,1476,40.1,85,0,0,0,0,0,0,34092
1355,L48534,L,298.6,310.0,1334,48.0,42,0,0,0,0,0,0,48534
3551,M18410,M,301.9,311.0,1432,41.5,51,0,0,0,0,0,0,18410
970,L48149,L,295.9,306.6,1412,41.0,109,0,0,0,0,0,0,48149
1583,H30996,H,298.1,308.3,1530,42.0,184,0,0,0,0,0,0,30996
7494,L54673,L,300.2,311.7,1448,54.2,173,0,0,0,0,0,0,54673
9598,L56777,L,298.9,310.1,1510,38.0,52,0,0,0,0,0,0,56777
1080,L48259,L,297.0,307.7,1731,28.5,186,0,0,0,0,0,0,48259
6258,L53437,L,301.1,310.7,1376,49.1,0,0,0,0,0,0,0,53437
6950,M21809,M,300.7,311.2,1769,26.5,63,0,0,0,0,0,0,21809
6716,L53895,L,301.3,310.6,1576,30.4,92,0,0,0,0,0,0,53895
3523,L50702,L,301.8,311.0,1651,32.5,195,0,0,0,0,0,0,50702
8418,H37831,H,298.8,310.1,1704,30.7,150,0,0,0,0,0,0,37831
9924,M24783,M,298.5,308.7,1615,33.3,41,0,0,0,0,0,0,24783
3601,L50780,L,301.7,310.5,1523,34.7,181,0,0,0,0,0,0,50780
309,L47488,L,297.9,308.5,1305,47.2,155,0,0,0,0,0,0,47488
3746,L50925,L,302.6,311.4,1738,25.8,128,0,0,0,0,0,0,50925
9121,L56300,L,297.4,308.4,1525,38.7,62,0,0,0,0,0,0,56300
1488,L48667,L,298.2,309.1,1429,48.5,164,0,0,0,0,0,0,48667
7962,L55141,L,301.0,312.2,1264,59.0,57,0,0,0,0,0,0,55141
2169,M17028,M,299.5,309.1,1420,49.5,5,0,0,0,0,0,0,17028
5431,L52610,L,302.8,312.5,1694,28.4,66,0,0,0,0,0,0,52610
6858,L54037,L,301.1,311.3,1622,35.6,34,0,0,0,0,0,0,54037
9778,L56957,L,298.6,309.6,1387,57.6,50,0,0,0,0,0,0,56957
6710,L53889,L,301.4,310.6,1481,37.6,77,0,0,0,0,0,0,53889
7900,L55079,L,300.9,312.4,1364,52.5,125,0,0,0,0,0,0,55079
5289,L52468,L,303.8,313.2,1531,39.4,159,0,0,0,0,0,0,52468
9376,H38789,H,297.7,308.4,1288,49.5,91,0,0,0,0,0,0,38789
3607,L50786,L,301.7,310.7,1318,55.0,194,0,0,0,0,0,0,50786
1520,M16379,M,298.2,308.9,1512,38.5,28,0,0,0,0,0,0,16379
3013,L50192,L,300.4,309.6,1432,44.7,192,0,0,0,0,0,0,50192
6873,L54052,L,301.0,311.3,1472,35.3,73,0,0,0,0,0,0,54052
1573,L48752,L,298.2,308.3,1230,59.6,162,0,0,0,0,0,0,48752
8119,L55298,L,300.3,311.8,1548,33.0,16,0,0,0,0,0,0,55298
3981,M18840,M,302.2,311.3,1375,47.0,98,0,0,0,0,0,0,18840
8416,M23275,M,298.7,309.9,1434,53.0,144,0,0,0,0,0,0,23275
4282,L51461,L,302.0,310.0,1832,22.9,178,0,0,0,0,0,0,51461
1353,M16212,M,298.7,310.2,1598,33.3,36,0,0,0,0,0,0,16212
5455,L52634,L,303.0,312.5,1461,40.2,127,0,0,0,0,0,0,52634
3570,M18429,M,301.8,310.6,1552,35.9,97,0,0,0,0,0,0,18429
7726,L54905,L,300.6,311.7,1744,26.9,111,0,0,0,0,0,0,54905
9545,L56724,L,299.6,311.0,1708,31.0,122,0,0,0,0,0,0,56724
6633,L53812,L,301.4,310.4,1301,51.2,112,0,0,0,0,0,0,53812
702,L47881,L,297.7,308.8,1515,40.1,82,0,0,0,0,0,0,47881
6561,L53740,L,301.6,310.8,1961,21.8,148,0,0,0,0,0,0,53740
1341,L48520,L,298.6,310.2,1569,36.3,10,0,0,0,0,0,0,48520
4274,L51453,L,302.6,310.8,1486,36.4,160,0,0,0,0,0,0,51453
7847,M22706,M,300.2,311.6,1608,35.0,212,0,0,0,0,0,0,22706
2795,L49974,L,300.4,309.6,1553,43.9,75,0,0,0,0,0,0,49974
6596,M21455,M,301.5,310.7,1460,38.6,14,0,0,0,0,0,0,21455
9465,L56644,L,298.6,309.4,1440,48.2,136,0,0,0,0,0,0,56644
9736,L56915,L,299.0,310.1,1444,47.7,161,0,0,0,0,0,0,56915
6963,M21822,M,300.7,311.1,1373,49.9,96,0,0,0,0,0,0,21822
3493,H32906,H,301.9,311.0,1336,63.6,111,0,0,0,0,0,0,32906
6654,M21513,M,301.4,310.3,1610,29.1,166,0,0,0,0,0,0,21513
8182,L55361,L,299.7,311.2,1835,23.7,183,0,0,0,0,0,0,55361
6725,L53904,L,301.3,310.6,1560,36.8,113,0,0,0,0,0,0,53904
6227,H35640,H,301.3,311.0,1341,59.3,134,0,0,0,0,0,0,35640
4741,L51920,L,303.3,311.5,1601,35.2,10,0,0,0,0,0,0,51920
8457,L55636,L,298.6,309.9,1556,38.6,36,0,0,0,0,0,0,55636
3484,H32897,H,301.9,310.8,1455,42.7,85,0,0,0,0,0,0,32897
89,M14948,M,299.0,309.0,1419,45.2,27,0,0,0,0,0,0,14948
116,L47295,L,298.8,308.6,1431,45.7,97,0,0,0,0,0,0,47295
1853,M16712,M,297.6,307.1,1526,39.1,39,0,0,0,0,0,0,16712
8424,L55603,L,299.0,310.4,1452,46.2,168,0,0,0,0,0,0,55603
3872,M18731,M,302.7,311.8,1728,30.0,12,0,0,0,0,0,0,18731
1621,L48800,L,297.9,307.7,1492,43.7,59,0,0,0,0,0,0,48800
880,L48059,L,295.8,306.3,1337,54.6,87,0,0,0,0,0,0,48059
3287,L50466,L,301.2,310.0,1618,37.6,32,0,0,0,0,0,0,50466
9289,L56468,L,298.2,308.9,1444,53.1,83,0,0,0,0,0,0,56468
5703,L52882,L,302.3,311.7,1544,43.2,128,0,0,0,0,0,0,52882
5315,L52494,L,303.6,312.8,1701,30.8,12,0,0,0,0,0,0,52494
2735,H32148,H,299.7,309.2,1572,32.8,142,0,0,0,0,0,0,32148
3154,M18013,M,300.5,309.9,1483,49.3,124,0,0,0,0,0,0,18013
6086,L53265,L,300.9,310.6,1538,36.7,3,0,0,0,0,0,0,53265
5958,L53137,L,300.7,310.9,1637,37.2,115,0,0,0,0,0,0,53137
7540,L54719,L,300.2,311.3,1487,36.9,71,0,0,0,0,0,0,54719
9122,L56301,L,297.3,308.3,1396,45.9,64,0,0,0,0,0,0,56301
4465,L51644,L,302.8,310.6,1671,30.5,201,0,0,0,0,0,0,51644
5239,L52418,L,303.7,313.0,1457,44.1,40,0,0,0,0,0,0,52418
1420,L48599,L,298.7,309.8,1354,53.3,212,0,0,0,1,0,1,48599
2284,L49463,L,299.2,308.5,1387,51.1,98,0,0,0,0,0,0,49463
4935,L52114,L,303.4,312.2,1580,35.8,90,0,0,0,0,0,0,52114
3031,M17890,M,300.4,309.6,1563,34.0,6,0,0,0,0,0,0,17890
1622,L48801,L,297.7,307.6,1844,21.9,61,0,0,0,0,0,0,48801
78,L47257,L,298.8,308.9,1455,41.3,208,1,0,0,0,0,1,47257
2722,M17581,M,299.6,309.3,1553,32.4,112,0,0,0,0,0,0,17581
6977,L54156,L,300.6,310.9,1344,46.7,133,0,0,0,0,0,0,54156
4344,L51523,L,301.7,309.8,1491,39.3,114,0,0,0,0,0,0,51523
7192,L54371,L,300.3,310.3,1629,34.1,52,0,0,0,0,0,0,54371
835,H30248,H,296.6,307.4,1333,50.2,177,0,0,0,0,0,0,30248
6327,L53506,L,300.6,310.0,1455,40.4,172,0,0,0,0,0,0,53506
2812,L49991,L,299.9,309.2,1761,25.6,115,0,0,0,0,0,0,49991
338,L47517,L,297.6,308.3,1742,27.7,13,0,0,0,0,0,0,47517
8519,M23378,M,298.3,309.6,1681,27.1,194,0,0,0,0,0,0,23378
7759,L54938,L,300.4,311.8,1689,30.8,196,0,0,0,0,0,0,54938
7251,M22110,M,300.1,310.2,1429,42.0,206,0,0,0,0,0,0,22110
3169,M18028,M,300.4,309.6,1614,30.3,161,0,0,0,0,0,0,18028
3433,M18292,M,301.6,310.7,2012,20.7,178,0,0,0,0,0,0,18292
6942,L54121,L,300.8,311.4,1316,57.6,43,0,0,0,0,0,0,54121
4486,L51665,L,302.7,310.4,1542,35.7,38,0,0,0,0,0,0,51665
9552,L56731,L,299.4,310.8,1391,48.9,139,0,0,0,0,0,0,56731
1987,L49166,L,298.1,307.6,1498,42.9,171,0,0,0,0,0,0,49166
7938,L55117,L,300.8,311.7,1578,31.4,219,0,0,0,0,0,0,55117
3032,M17891,M,300.5,309.7,1389,43.3,9,0,0,0,0,0,0,17891
3342,H32755,H,301.4,310.7,1329,52.0,160,0,0,0,0,0,0,32755
5241,L52420,L,303.7,313.0,1694,28.0,44,0,0,0,0,0,0,52420
6131,L53310,L,301.0,310.9,1473,44.2,116,0,0,0,0,0,0,53310
1511,M16370,M,298.1,308.7,1547,38.9,0,0,0,0,0,0,0,16370
3266,L50445,L,301.3,310.1,1355,53.6,193,0,0,0,0,0,0,50445
4623,M19482,M,303.0,311.1,1526,37.3,176,0,0,0,0,0,0,19482
5890,M20749,M,301.4,311.0,1234,55.8,152,0,0,0,0,0,0,20749
2328,M17187,M,299.3,308.7,1420,50.3,208,0,0,0,0,0,0,17187
6222,M21081,M,301.2,310.9,1359,50.8,118,0,0,0,0,0,0,21081
7547,H36960,H,300.2,311.5,1454,42.8,88,0,0,0,0,0,0,36960
9601,M24460,M,298.9,310.0,1561,45.3,58,0,0,0,0,0,0,24460
1657,L48836,L,298.2,308.1,1532,42.5,154,0,0,0,0,0,0,48836
3498,L50677,L,301.9,311.0,1642,33.1,126,0,0,0,0,0,0,50677
5952,L53131,L,300.7,310.9,1650,29.4,102,0,0,0,0,0,0,53131
7445,L54624,L,300.2,311.7,1286,55.1,42,0,0,0,0,0,0,54624
9928,L57107,L,298.5,308.6,1522,36.9,53,0,0,0,0,0,0,57107
9731,L56910,L,298.8,310.0,1528,36.7,147,0,0,0,0,0,0,56910
433,M15292,M,297.6,308.5,1466,39.7,34,0,0,0,0,0,0,15292
263,M15122,M,298.1,308.2,1736,26.8,27,0,0,0,0,0,0,15122
2220,M17079,M,299.6,309.1,1435,48.4,143,0,0,0,0,0,0,17079
3006,L50185,L,300.5,309.9,1503,37.4,175,0,0,0,0,0,0,50185
6548,L53727,L,301.4,310.8,1740,29.2,110,0,0,0,0,0,0,53727
3406,M18265,M,301.3,310.4,1635,32.5,110,0,0,0,0,0,0,18265
863,H30276,H,296.1,306.8,1645,31.0,41,0,0,0,0,0,0,30276
525,L47704,L,297.4,309.4,1620,35.4,51,0,0,0,0,0,0,47704
5971,L53150,L,300.4,310.8,1520,37.6,151,0,0,0,0,0,0,53150
833,L48012,L,296.6,307.4,1521,38.6,173,0,0,0,0,0,0,48012
9375,M24234,M,297.8,308.5,1466,44.7,88,0,0,0,0,0,0,24234
1661,L48840,L,298.2,308.0,1499,44.1,166,0,0,0,0,0,0,48840
7931,L55110,L,300.6,311.6,1455,48.0,203,0,0,0,0,0,0,55110
4939,M19798,M,303.5,312.4,1606,30.1,98,0,0,0,0,0,0,19798
8600,L55779,L,297.6,308.4,1460,40.3,195,0,0,0,0,0,0,55779
5365,L52544,L,303.2,312.6,1601,35.3,148,0,0,0,0,0,0,52544
4453,M19312,M,302.5,310.3,1447,39.2,172,0,0,0,0,0,0,19312
2759,M17618,M,299.7,309.2,1412,45.3,205,0,0,0,0,0,0,17618
9306,H38719,H,298.3,309.1,1646,30.2,125,0,0,0,0,0,0,38719
6364,M21223,M,300.0,309.6,1618,36.2,53,0,0,0,0,0,0,21223
6310,L53489,L,300.9,310.2,1382,50.4,131,0,0,0,0,0,0,53489
8979,L56158,L,296.9,307.6,1435,45.0,119,0,0,0,0,0,0,56158
5402,M20261,M,302.6,312.3,1454,54.8,253,1,0,0,1,0,1,20261
374,L47553,L,297.4,308.3,1412,42.0,111,0,0,0,0,0,0,47553
5557,H34970,H,302.5,312.0,1357,42.0,179,0,0,0,0,0,0,34970
6775,H36188,H,301.2,310.7,1747,27.3,35,0,0,0,0,0,0,36188
7077,L54256,L,300.7,310.5,1960,21.0,194,0,0,0,0,0,0,54256
3463,H32876,H,301.6,310.5,1786,27.1,35,0,0,0,0,0,0,32876
2958,L50137,L,300.8,309.6,1498,45.8,47,0,0,0,0,0,0,50137
1694,H31107,H,298.0,307.5,1683,27.8,26,0,0,0,0,0,0,31107
7814,L54993,L,300.0,311.5,1455,41.7,130,0,0,0,0,0,0,54993
7245,L54424,L,300.0,310.2,1760,26.9,193,0,0,0,0,0,0,54424
7946,L55125,L,300.8,311.7,1655,32.2,12,0,0,0,0,0,0,55125
9807,L56986,L,298.3,309.1,1417,60.5,143,0,0,0,0,0,0,56986
6347,L53526,L,300.2,309.7,1275,60.7,15,0,0,0,0,0,0,53526
9036,M23895,M,297.3,308.1,1731,27.7,42,0,0,0,0,0,0,23895
9655,L56834,L,299.1,310.0,1367,56.3,203,0,0,0,1,0,1,56834
4003,L51182,L,302.1,311.2,1454,59.2,153,0,0,1,0,0,1,51182
3153,M18012,M,300.5,309.8,1473,42.3,121,0,0,0,0,0,0,18012
9639,H39052,H,299.3,310.4,1393,44.9,162,0,0,0,0,0,0,39052
2720,L49899,L,299.5,309.2,1690,29.2,108,0,0,0,0,0,0,49899
2844,L50023,L,300.3,309.2,1532,40.2,194,0,0,0,0,0,0,50023
6271,L53450,L,300.9,310.4,2021,18.8,30,0,0,0,0,0,0,53450
4574,H33987,H,302.8,311.0,1436,43.5,47,0,0,0,0,0,0,33987
7480,M22339,M,300.1,311.3,1523,34.1,135,0,0,0,0,0,0,22339
6245,M21104,M,301.0,310.4,1665,30.9,177,0,0,0,0,0,0,21104
3885,H33298,H,302.5,311.5,1626,36.0,44,0,0,0,0,0,0,33298
8243,M23102,M,299.0,310.3,1689,29.7,101,0,0,0,0,0,0,23102
2246,M17105,M,299.3,308.4,1438,42.3,0,0,0,0,0,0,0,17105
973,L48152,L,295.8,306.6,1644,35.2,115,0,0,0,0,0,0,48152
3239,M18098,M,300.9,309.4,1724,25.6,119,0,0,0,0,0,0,18098
4575,M19434,M,302.9,311.0,1402,40.7,52,0,0,0,0,0,0,19434
3847,L51026,L,302.3,310.9,1403,47.2,173,0,0,0,0,0,0,51026
9245,L56424,L,298.3,308.8,1767,27.3,168,0,0,0,0,0,0,56424
8660,L55839,L,297.5,308.5,1375,55.6,128,0,0,0,0,0,0,55839
724,M15583,M,297.4,308.9,1500,46.3,137,0,0,0,0,0,0,15583
172,L47351,L,298.2,308.1,1462,50.8,27,0,0,0,0,0,0,47351
7388,H36801,H,299.8,310.6,1423,44.6,116,0,0,0,0,0,0,36801
8510,M23369,M,298.4,309.7,1870,22.5,170,0,0,0,0,0,0,23369
9874,L57053,L,298.9,309.8,1616,36.5,110,0,0,0,0,0,0,57053
8339,L55518,L,298.8,309.7,1740,28.5,152,0,0,0,0,0,0,55518
643,M15502,M,297.8,309.4,1226,58.7,129,0,0,0,0,0,0,15502
4413,L51592,L,302.6,310.5,1450,43.2,68,0,0,0,0,0,0,51592
6553,L53732,L,301.4,310.7,1786,26.1,123,0,0,0,0,0,0,53732
3332,L50511,L,301.7,310.8,1559,44.5,135,0,0,0,0,0,0,50511
8551,L55730,L,298.3,309.2,1456,45.5,75,0,0,0,0,0,0,55730
8917,L56096,L,297.1,308.2,2267,15.7,181,0,0,0,0,0,0,56096
4841,L52020,L,303.4,311.9,1298,63.9,59,0,1,0,0,0,1,52020
3929,L51108,L,302.6,311.5,1442,59.8,169,0,0,1,0,0,1,51108
7580,L54759,L,300.4,311.2,1436,56.8,173,0,0,0,0,0,0,54759
9364,L56543,L,297.9,308.5,1519,34.3,61,0,0,0,0,0,0,56543
9305,L56484,L,298.3,309.1,1537,43.0,123,0,0,0,0,0,0,56484
4925,H34338,H,303.4,312.3,1522,42.1,62,0,0,0,0,0,0,34338
8008,M22867,M,301.0,312.1,1664,28.4,168,0,0,0,0,0,0,22867
4920,L52099,L,303.3,312.2,1506,40.0,50,0,0,0,0,0,0,52099
8295,M23154,M,298.9,310.5,1525,38.5,27,0,0,0,0,0,0,23154
327,L47506,L,297.7,308.5,1501,41.4,201,0,0,0,0,0,0,47506
1963,L49142,L,297.8,307.5,1391,48.6,109,0,0,0,0,0,0,49142
7724,L54903,L,300.5,311.6,1730,30.2,106,0,0,0,0,0,0,54903
2010,M16869,M,298.6,308.3,1717,28.7,29,0,0,0,0,0,0,16869
4769,L51948,L,303.6,312.0,1309,52.9,86,0,1,0,0,0,1,51948
3724,L50903,L,302.3,311.2,1758,24.4,68,0,0,0,0,0,0,50903
7229,H36642,H,299.8,309.7,1368,47.4,148,0,0,0,0,0,0,36642
7339,L54518,L,299.8,310.5,1496,38.8,215,0,0,0,0,0,0,54518
9401,L56580,L,297.7,308.2,1446,43.9,172,0,0,0,0,0,0,56580
8025,L55204,L,300.9,312.0,1493,38.7,217,0,0,0,0,0,0,55204
1749,H31162,H,298.4,307.7,1626,31.1,166,0,0,0,0,1,0,31162
6999,M21858,M,300.6,310.7,1388,42.9,190,0,0,0,0,0,0,21858
7753,M22612,M,300.4,311.7,1832,24.2,179,0,0,0,0,0,0,22612
8326,M23185,M,298.7,309.5,1500,38.8,116,0,0,0,0,0,0,23185
7647,L54826,L,300.4,311.4,1936,23.9,131,0,0,0,0,0,0,54826
228,L47407,L,298.3,308.5,1539,36.1,168,0,0,0,0,0,0,47407
620,L47799,L,298.3,310.0,1507,44.7,73,0,0,0,0,0,0,47799
4520,L51699,L,302.4,310.4,1666,29.7,125,0,0,0,0,0,0,51699
1646,L48825,L,297.9,307.8,1538,38.5,123,0,0,0,0,0,0,48825
8279,L55458,L,298.8,310.5,1464,46.4,207,0,0,0,0,0,0,55458
9013,L56192,L,297.2,308.0,1705,26.0,200,0,0,0,0,0,0,56192
2584,L49763,L,299.2,308.9,1342,50.8,195,0,0,0,0,0,0,49763
2848,L50027,L,300.4,309.3,1525,39.6,202,0,0,0,0,0,0,50027
1255,H30668,H,297.5,308.8,1430,49.4,2,0,0,0,0,0,0,30668
8880,L56059,L,298.0,309.2,1527,39.5,85,0,0,0,0,0,0,56059
2301,L49480,L,299.3,308.6,1371,50.5,136,0,0,0,0,0,0,49480
6445,M21304,M,300.8,310.3,1270,61.0,54,0,0,0,0,0,0,21304
2938,L50117,L,300.7,309.6,1810,26.0,195,0,0,0,0,0,0,50117
5142,L52321,L,304.4,313.7,1509,35.0,205,1,0,0,0,0,1,52321
1125,M15984,M,296.7,307.8,1258,69.0,105,0,0,1,0,0,1,15984
2638,L49817,L,299.9,309.6,1294,49.7,126,0,0,0,0,0,0,49817
5906,H35319,H,300.8,310.5,1582,31.1,193,0,0,0,0,0,0,35319
135,L47314,L,298.8,308.4,1369,53.0,138,0,0,0,0,0,0,47314
9758,M24617,M,298.6,309.9,1517,34.0,215,0,0,0,0,0,0,24617
3513,M18372,M,301.8,311.0,1393,49.5,168,0,0,0,0,0,0,18372
2420,M17279,M,298.9,308.2,1328,49.2,11,0,0,0,0,0,0,17279
858,M15717,M,296.1,307.1,1350,53.3,22,0,0,0,0,0,0,15717
5011,L52190,L,303.7,312.8,1543,38.3,61,0,0,0,0,0,0,52190
5234,L52413,L,303.6,312.9,1450,45.3,29,0,0,0,0,0,0,52413
9082,L56261,L,297.3,308.0,1527,35.1,165,0,0,0,0,0,0,56261
9051,M23910,M,297.4,308.5,1566,31.4,76,0,0,0,0,0,0,23910
2268,L49447,L,299.2,308.5,1370,52.4,61,0,0,0,0,0,0,49447
1925,L49104,L,297.9,307.7,1353,50.7,13,0,0,0,0,0,0,49104
4846,M19705,M,303.3,311.8,1583,33.3,72,0,0,0,0,0,0,19705
3659,M18518,M,302.2,311.5,1449,44.5,113,0,0,0,0,0,0,18518
7098,M21957,M,300.6,310.2,1233,52.3,23,0,0,0,0,0,0,21957
9224,L56403,L,297.9,309.0,1382,43.9,116,0,0,0,0,0,0,56403
3120,L50299,L,300.1,309.4,1858,23.6,26,0,0,0,0,0,0,50299
4647,L51826,L,303.3,311.4,1497,46.0,234,1,0,0,0,0,1,51826
5736,L52915,L,302.4,311.8,1673,30.1,210,0,0,0,0,0,0,52915
7135,M21994,M,300.5,310.0,1406,50.2,119,0,0,0,0,0,0,21994
3963,L51142,L,302.4,311.5,1785,24.8,45,0,0,0,0,0,0,51142
6164,L53343,L,300.8,310.7,1358,48.1,198,0,0,0,0,0,0,53343
3564,M18423,M,301.8,310.7,1465,35.8,82,0,0,0,0,0,0,18423
1644,L48823,L,298.0,307.8,1453,37.7,119,0,0,0,0,0,0,48823
9215,L56394,L,298.0,308.9,1508,37.1,92,0,0,0,0,0,0,56394
4248,L51427,L,302.6,311.0,1369,60.0,93,0,1,0,0,0,1,51427
6028,M20887,M,300.7,311.0,1413,44.3,72,0,0,0,0,0,0,20887
1955,L49134,L,297.9,307.8,1459,46.9,85,0,0,0,0,0,0,49134
3773,L50952,L,302.4,311.1,1448,44.8,195,0,0,0,0,0,0,50952
1024,L48203,L,296.2,307.3,1881,24.3,40,0,0,0,0,0,0,48203
7236,L54415,L,299.8,310.0,1361,53.8,167,0,0,0,0,0,0,54415
6286,M21145,M,301.2,310.7,1426,46.1,67,0,0,0,0,0,0,21145
5339,M20198,M,303.3,312.5,1674,32.7,76,0,0,0,0,0,0,20198
1776,L48955,L,298.5,308.0,1404,48.1,32,0,0,0,0,0,0,48955
7640,L54819,L,300.5,311.4,1466,41.8,112,0,0,0,0,0,0,54819
8199,M23058,M,299.3,310.7,1374,48.9,222,0,0,0,0,0,0,23058
3440,L50619,L,301.4,310.3,1492,41.4,195,0,0,0,0,0,0,50619
6526,L53705,L,301.1,310.4,1312,73.6,49,0,0,1,0,0,1,53705
617,H30030,H,298.1,309.9,1686,29.1,60,0,0,0,0,0,0,30030
4904,L52083,L,303.6,312.4,2232,16.8,0,0,0,0,0,0,0,52083
7600,L54779,L,300.5,311.0,1759,28.3,13,0,0,0,0,0,0,54779
5661,L52840,L,302.2,311.4,1477,41.7,15,0,0,0,0,0,0,52840
9837,M24696,M,298.4,309.3,1390,53.6,5,0,0,0,0,0,0,24696
9860,M24719,M,298.6,309.5,1580,33.9,70,0,0,0,0,0,0,24719
515,L47694,L,297.4,309.2,1620,33.2,28,0,0,0,0,0,0,47694
6644,M21503,M,301.5,310.5,1308,60.5,139,0,0,0,0,0,0,21503
7005,L54184,L,300.5,310.6,1950,20.3,208,0,0,0,0,0,0,54184
182,H29595,H,298.2,308.3,1824,24.2,49,0,0,0,0,0,0,29595
8033,L55212,L,300.8,312.0,1416,46.5,7,0,0,0,0,0,0,55212
5933,L53112,L,300.5,310.5,1515,36.6,54,0,0,0,0,0,0,53112
1540,M16399,M,298.5,309.2,1449,46.4,83,0,0,0,0,0,0,16399
4583,L51762,L,302.9,311.2,1634,36.9,71,0,0,0,0,0,0,51762
5611,L52790,L,303.1,312.4,1407,41.2,107,0,0,0,0,0,0,52790
5354,L52533,L,303.4,312.7,1589,34.0,116,0,0,0,0,0,0,52533
3299,L50478,L,301.2,310.3,1499,38.1,61,0,0,0,0,0,0,50478
2332,L49511,L,299.3,308.6,1384,53.6,218,0,0,0,1,0,1,49511
8779,L55958,L,297.5,308.7,1454,45.0,19,0,0,0,0,0,0,55958
9845,H39258,H,298.3,309.1,1484,37.0,28,0,0,0,0,0,0,39258
8238,L55417,L,299.1,310.6,1796,26.0,90,0,0,0,0,0,0,55417
684,L47863,L,297.7,309.0,1874,24.4,28,0,0,0,0,0,0,47863
6570,M21429,M,301.4,310.7,1375,42.0,168,0,0,0,0,0,0,21429
803,L47982,L,296.9,307.8,1571,35.0,102,0,0,0,0,0,0,47982
9132,H38545,H,297.6,308.6,1463,46.7,85,0,0,0,0,0,0,38545
5297,H34710,H,303.8,313.2,1379,50.2,178,0,0,0,0,0,0,34710
6928,L54107,L,301.1,311.6,1488,43.4,5,0,0,0,0,0,0,54107
2760,L49939,L,299.7,309.1,1483,41.1,208,0,0,0,0,0,0,49939
257,L47436,L,298.1,308.3,1331,63.0,13,0,0,0,0,0,0,47436
1067,M15926,M,296.9,307.8,1544,40.3,150,0,0,0,0,0,0,15926
3167,M18026,M,300.4,309.7,1539,37.7,156,0,0,0,0,0,0,18026
1718,L48897,L,298.2,307.6,1369,54.5,82,0,0,0,0,0,0,48897
7009,L54188,L,300.5,310.6,1368,49.6,10,0,0,0,0,0,0,54188
9963,L57142,L,298.2,307.9,1429,49.4,141,0,0,0,0,0,0,57142
7283,L54462,L,300.0,310.2,1486,36.4,66,0,0,0,0,0,0,54462
754,L47933,L,296.8,308.0,1536,40.4,217,0,0,0,0,0,0,47933
1910,L49089,L,298.0,307.7,1435,45.6,184,0,0,0,0,0,0,49089
4092,M18951,M,302.0,310.4,1595,32.9,135,0,0,0,0,0,0,18951
5888,H35301,H,301.4,311.1,1445,41.4,144,0,0,0,0,0,0,35301
6144,M21003,M,301.0,310.9,1575,34.6,150,0,0,0,0,0,0,21003
7029,M21888,M,300.6,310.6,1403,50.4,64,0,0,0,0,0,0,21888
367,M15226,M,297.6,308.5,1552,40.9,90,0,0,0,0,0,0,15226
484,L47663,L,297.4,309.0,1324,56.9,173,0,0,0,0,0,0,47663
3925,M18784,M,302.5,311.4,1636,35.0,157,0,0,0,0,0,0,18784
7244,M22103,M,300.0,310.2,1393,51.2,190,0,0,0,0,0,0,22103
7708,H37121,H,300.5,311.4,1679,27.5,59,0,0,0,0,0,0,37121
8183,M23042,M,299.7,311.1,1649,32.7,185,0,0,0,0,0,0,23042
3611,M18470,M,301.7,310.8,1594,32.4,204,0,0,0,0,0,0,18470
7855,L55034,L,300.3,311.8,1551,37.2,9,0,0,0,0,0,0,55034
9111,M23970,M,297.6,308.6,1389,49.0,34,0,0,0,0,0,0,23970
8261,H37674,H,299.1,310.6,1332,48.0,148,0,0,0,0,0,0,37674
1238,M16097,M,297.1,308.4,1502,37.3,181,0,0,0,0,0,0,16097
6567,L53746,L,301.3,310.6,1966,22.6,161,0,0,0,0,0,0,53746
3029,L50208,L,300.5,309.5,1379,55.6,2,0,0,0,0,0,0,50208
7240,L54419,L,299.8,310.1,1553,42.0,177,0,0,0,0,0,0,54419
1208,M16067,M,297.0,308.1,1573,34.9,93,0,0,0,0,0,0,16067
7391,M22250,M,299.7,310.5,1490,41.2,126,0,0,0,0,0,0,22250
369,L47548,L,297.5,308.4,1489,39.5,96,0,0,0,0,0,0,47548
8662,L55841,L,297.4,308.5,1643,33.8,132,0,0,0,0,0,0,55841
8460,L55639,L,298.7,309.9,1651,29.5,42,0,0,0,0,0,0,55639
1352,L48531,L,298.7,310.2,1525,43.7,34,0,0,0,0,0,0,48531
1598,L48777,L,297.9,308.1,1531,40.8,2,0,0,0,0,0,0,48777
994,M15853,M,296.1,307.1,1485,36.0,169,0,0,0,0,0,0,15853
2773,L49952,L,299.9,309.4,1467,41.2,20,0,0,0,0,0,0,49952
322,L47501,L,297.8,308.4,1518,32.5,190,0,0,0,0,0,0,47501
1836,H31249,H,297.8,307.3,1555,35.8,190,0,0,0,0,0,0,31249
6993,L54172,L,300.7,311.0,1596,36.9,174,0,0,0,0,0,0,54172
5882,L53061,L,301.4,311.1,1952,22.7,131,0,0,0,0,0,0,53061
166,L47345,L,298.5,308.4,1733,26.0,8,0,0,0,0,0,0,47345
2552,L49731,L,299.3,309.2,1541,37.2,118,0,0,0,0,0,0,49731
6193,L53372,L,301.0,310.9,1428,45.3,47,0,0,0,0,0,0,53372
146,L47325,L,298.5,308.4,1513,33.6,172,0,0,0,0,0,0,47325
971,L48150,L,295.8,306.5,1568,35.1,111,0,0,0,0,0,0,48150
7317,L54496,L,299.9,310.4,1497,47.0,150,0,0,0,0,0,0,54496
4523,M19382,M,302.5,310.5,1918,21.6,131,0,0,0,0,0,0,19382
7602,L54781,L,300.4,311.2,1351,62.0,18,0,0,0,0,0,0,54781
8814,L55993,L,297.1,308.4,1693,29.5,100,0,0,0,0,0,0,55993
3553,M18412,M,301.8,310.9,1358,52.3,56,0,0,0,0,0,0,18412
6723,L53902,L,301.4,310.7,1657,28.7,108,0,0,0,0,0,0,53902
1741,M16600,M,298.5,307.9,1640,33.1,146,0,0,0,0,0,0,16600
3494,M18353,M,301.9,311.0,1638,35.4,116,0,0,0,0,0,0,18353
4522,L51701,L,302.4,310.4,1865,23.9,129,0,0,0,0,0,0,51701
5083,H34496,H,304.1,313.2,1590,43.4,52,0,0,0,0,0,0,34496
9285,L56464,L,298.2,308.9,1683,31.7,74,0,0,0,0,0,0,56464
2772,L49951,L,299.9,309.5,1451,39.4,18,0,0,0,0,0,0,49951
3919,M18778,M,302.5,311.5,1358,52.7,139,0,0,0,0,0,0,18778
1448,M16307,M,299.0,310.3,1662,33.6,67,0,0,0,0,0,0,16307
5488,M20347,M,302.6,312.1,1611,39.9,210,0,0,0,0,0,0,20347
240,L47419,L,298.0,308.2,1611,30.6,195,0,0,0,0,0,0,47419
3180,L50359,L,300.1,309.3,1570,36.8,189,0,0,0,0,0,0,50359
7031,L54210,L,300.7,310.8,1772,27.3,69,0,0,0,0,0,0,54210
1270,L48449,L,298.1,309.5,1467,41.8,48,0,0,0,0,0,0,48449
3073,L50252,L,300.1,309.0,1314,58.2,114,0,0,0,0,0,0,50252
9088,L56267,L,297.1,307.8,1681,27.6,181,0,0,0,0,0,0,56267
7040,H36453,H,300.6,310.5,1519,37.0,91,0,0,0,0,0,0,36453
5138,L52317,L,304.3,313.5,1464,36.7,194,0,0,0,0,0,0,52317
5022,L52201,L,304.0,313.0,1350,61.1,88,0,0,0,0,0,0,52201
3727,M18586,M,302.3,311.2,1505,36.7,78,0,0,0,0,0,0,18586
1696,L48875,L,298.0,307.6,1509,41.6,33,0,0,0,0,0,0,48875
3193,M18052,M,300.1,309.2,1418,39.8,221,0,0,0,0,0,0,18052
3907,L51086,L,302.3,311.2,1297,62.5,109,0,0,0,0,0,0,51086
9425,M24284,M,298.0,308.5,1585,33.0,24,0,0,0,0,0,0,24284
9130,L56309,L,297.6,308.6,1664,30.1,81,0,0,0,0,0,0,56309
360,M15219,M,297.6,308.3,1567,34.6,71,0,0,0,0,0,0,15219
4716,L51895,L,303.4,311.7,1476,42.3,180,0,0,0,0,0,0,51895
1115,H30528,H,296.4,307.3,1540,37.4,75,0,0,0,0,0,0,30528
8633,L55812,L,297.3,308.3,1590,35.5,59,0,0,0,0,0,0,55812
2955,H32368,H,300.6,309.4,1691,28.0,36,0,0,0,0,0,0,32368
426,M15285,M,297.3,308.4,1665,28.9,17,0,0,0,0,0,0,15285
1554,L48733,L,298.5,308.8,1332,59.1,115,0,0,0,0,0,0,48733
2084,H31497,H,299.4,309.3,1743,28.2,0,0,0,0,0,0,0,31497
3882,L51061,L,302.5,311.5,1521,44.1,37,0,0,0,0,0,0,51061
8193,L55372,L,299.6,310.9,1229,65.2,209,0,0,0,1,0,1,55372
4843,M19702,M,303.3,311.8,1489,49.4,64,0,0,0,0,0,0,19702
7796,H37209,H,300.1,311.6,1674,29.6,85,0,0,0,0,0,0,37209
5746,L52925,L,302.1,311.5,1987,20.1,21,0,0,0,0,0,0,52925
1137,L48316,L,296.9,307.8,1557,38.1,135,0,0,0,0,0,0,48316
3381,L50560,L,301.4,310.7,1590,36.3,43,0,0,0,0,0,0,50560
1458,L48637,L,299.0,310.3,1475,42.4,93,0,0,0,0,0,0,48637
706,L47885,L,297.7,309.0,1507,38.2,94,0,0,0,0,0,0,47885
9053,M23912,M,297.4,308.6,1901,22.1,81,0,0,0,0,0,0,23912
3260,M18119,M,301.2,310.0,1625,31.6,173,0,0,0,0,0,0,18119
6362,M21221,M,300.1,309.7,1348,57.3,48,0,0,0,0,0,0,21221
6392,M21251,M,300.2,309.7,1413,43.0,137,0,0,0,0,0,0,21251
9893,H39306,H,298.9,309.7,1407,48.6,161,0,0,0,0,0,0,39306
829,L48008,L,296.5,307.3,1566,37.2,164,0,0,0,0,0,0,48008
7476,H36889,H,300.3,311.6,1339,53.4,123,0,0,0,0,0,0,36889
4088,L51267,L,301.9,310.4,1376,54.9,126,0,1,0,0,0,1,51267
1972,L49151,L,297.9,307.6,1298,52.7,132,0,0,0,0,0,0,49151
8282,H37695,H,298.9,310.6,1519,38.8,213,0,0,0,0,0,0,37695
3762,M18621,M,302.4,311.0,1490,37.1,168,0,0,0,0,0,0,18621
3227,L50406,L,300.5,309.3,1465,46.0,89,0,0,0,0,0,0,50406
3817,L50996,L,302.1,310.6,1459,47.6,93,0,0,0,0,0,0,50996
920,L48099,L,295.4,305.8,1407,50.7,192,0,0,0,0,0,0,48099
6614,L53793,L,301.7,310.6,1513,41.1,64,0,0,0,0,0,0,53793
1016,L48195,L,296.2,307.2,1356,43.6,22,0,0,0,0,0,0,48195
3172,L50351,L,300.4,309.6,1386,56.9,170,0,0,0,0,0,0,50351
6383,L53562,L,300.2,309.8,1481,41.9,106,0,0,0,0,0,0,53562
507,L47686,L,297.6,309.3,1543,34.3,8,0,0,0,0,0,0,47686
2531,L49710,L,298.9,308.7,1438,51.7,64,0,0,0,0,0,0,49710
6690,L53869,L,301.7,311.0,1546,43.0,23,0,0,0,0,0,0,53869
2409,L49588,L,299.0,308.4,1356,52.6,188,0,0,0,0,0,0,49588
6444,L53623,L,300.8,310.3,1537,33.3,52,0,0,0,0,0,0,53623
2765,M17624,M,299.9,309.3,1389,52.8,0,0,0,0,0,0,0,17624
6951,H36364,H,300.7,311.3,1374,53.1,66,0,0,0,0,0,0,36364
3587,L50766,L,301.8,310.5,1593,34.9,139,0,0,0,0,0,0,50766
9151,M24010,M,297.5,308.6,1347,57.0,132,0,0,0,0,0,0,24010
323,L47502,L,297.8,308.5,1448,40.0,192,0,0,0,0,0,0,47502
1408,L48587,L,298.9,310.0,1564,33.8,183,0,0,0,0,0,0,48587
2410,L49589,L,299.1,308.5,1539,46.8,190,0,0,0,0,0,0,49589
1347,L48526,L,298.6,310.1,1533,33.9,24,0,0,0,0,0,0,48526
5754,L52933,L,302.2,311.6,1416,54.1,48,0,0,0,0,0,0,52933
8148,L55327,L,299.5,310.8,1447,41.0,93,0,0,0,0,0,0,55327
8304,L55483,L,298.8,310.2,1504,41.0,51,0,0,0,0,0,0,55483
8545,H37958,H,298.5,309.4,2011,21.0,59,0,0,0,0,0,0,37958
2481,L49660,L,299.0,308.6,1734,32.4,161,0,0,0,0,0,0,49660
4555,L51734,L,302.6,310.5,1748,28.2,2,0,0,0,0,0,0,51734
5509,L52688,L,302.9,312.2,1367,55.1,50,0,0,0,0,0,0,52688
3868,M18727,M,302.7,311.6,2709,9.7,2,0,0,1,0,0,1,18727
2594,H32007,H,298.9,308.5,1415,54.0,6,0,0,0,0,0,0,32007
1940,M16799,M,298.1,307.9,1303,53.9,52,0,0,0,0,0,0,16799
204,L47383,L,298.4,308.5,1490,37.9,110,0,0,0,0,0,0,47383
1971,M16830,M,297.9,307.6,1202,67.0,129,0,0,0,0,0,0,16830
4752,L51931,L,303.3,311.4,1510,37.3,36,0,0,0,0,0,0,51931
6287,L53466,L,301.1,310.6,1611,35.2,70,0,0,0,0,0,0,53466
5005,L52184,L,303.7,312.8,1364,46.3,44,0,0,0,0,0,0,52184
8614,M23473,M,297.5,308.5,1401,50.5,6,0,0,0,0,0,0,23473
3858,H33271,H,302.4,311.2,1506,40.8,204,0,0,0,0,0,0,33271
7380,M22239,M,299.6,310.1,1357,48.7,96,0,0,0,0,0,0,22239
2090,L49269,L,299.5,309.3,1941,22.5,18,0,0,0,0,0,0,49269
5678,L52857,L,302.3,311.8,1281,51.7,61,0,0,0,0,0,0,52857
8836,H38249,H,297.4,308.8,1324,53.5,169,0,0,0,0,0,0,38249
4824,L52003,L,303.5,311.9,1493,38.7,14,0,0,0,0,0,0,52003
4885,H34298,H,303.8,312.5,1655,28.0,170,0,0,0,0,0,0,34298
7799,L54978,L,300.0,311.5,1812,28.3,94,0,0,0,0,0,0,54978
7054,H36467,H,300.7,310.5,1567,38.7,129,0,0,0,0,0,0,36467
8733,L55912,L,297.2,308.6,1864,23.6,103,0,0,0,0,0,0,55912
1524,L48703,L,298.3,309.0,1519,36.9,41,0,0,0,0,0,0,48703
9037,L56216,L,297.3,308.3,1519,37.7,45,0,0,0,0,0,0,56216
9255,L56434,L,298.3,309.1,1616,31.1,195,0,0,0,0,0,0,56434
9735,H39148,H,298.9,310.1,1458,44.3,156,0,0,0,0,0,0,39148
6663,M21522,M,301.3,310.4,2093,18.7,190,0,0,0,0,0,0,21522
7053,H36466,H,300.6,310.4,1510,42.8,124,0,0,0,0,0,0,36466
3311,L50490,L,301.3,310.4,1346,46.7,90,0,0,0,0,0,0,50490
9551,M24410,M,299.5,311.0,1451,43.3,136,0,0,0,0,0,0,24410
3854,L51033,L,302.4,311.0,1486,40.4,192,0,0,0,0,0,0,51033
1745,M16604,M,298.5,308.0,1461,51.9,157,0,0,0,0,0,0,16604
2330,L49509,L,299.3,308.7,1484,40.5,213,0,0,0,0,0,0,49509
6577,L53756,L,301.5,310.5,1644,34.9,186,0,0,0,0,0,0,53756
1922,L49101,L,298.1,307.9,1665,32.0,7,0,0,0,0,0,0,49101
703,M15562,M,297.7,308.9,1531,48.3,84,0,0,0,0,0,0,15562
1794,L48973,L,298.1,307.8,1761,28.2,76,0,0,0,0,0,0,48973
6472,L53651,L,300.4,309.6,1523,38.5,124,0,0,0,0,0,0,53651
4917,H34330,H,303.4,312.3,1769,27.9,40,0,0,0,0,0,0,34330
3176,L50355,L,300.3,309.6,1468,44.7,179,0,0,0,0,0,0,50355
8209,L55388,L,299.2,310.7,1477,44.0,19,0,0,0,0,0,0,55388
8425,L55604,L,299.1,310.6,1380,44.7,170,0,0,0,0,0,0,55604
1227,L48406,L,297.1,308.4,1488,42.5,146,0,0,0,0,0,0,48406
8400,L55579,L,298.6,309.7,1294,59.4,104,0,0,0,0,0,0,55579
7692,M22551,M,300.5,311.5,1370,56.1,7,0,0,0,0,0,0,22551
3327,L50506,L,301.5,310.6,1962,20.2,124,0,0,0,0,0,0,50506
8498,M23357,M,298.3,309.4,1509,34.2,141,0,0,0,0,0,0,23357
3818,M18677,M,302.1,310.6,1421,52.0,95,0,0,0,0,0,0,18677
3359,L50538,L,301.5,310.6,1522,36.6,202,0,0,0,0,0,0,50538
8156,L55335,L,299.5,310.8,1283,52.4,112,0,0,0,0,0,0,55335
8154,L55333,L,299.6,310.8,1507,42.4,108,0,0,0,0,0,0,55333
4201,L51380,L,302.5,311.1,1571,34.2,201,0,0,0,0,0,0,51380
9729,L56908,L,298.8,309.8,1563,33.7,143,0,0,0,0,0,0,56908
5800,L52979,L,301.5,310.8,1593,34.5,162,0,0,0,0,0,0,52979
194,H29607,H,298.2,308.4,1678,34.6,81,0,0,0,0,0,0,29607
9328,L56507,L,298.5,309.2,1504,33.7,182,0,0,0,0,0,0,56507
390,M15249,M,297.6,308.7,1408,54.8,147,0,0,0,0,0,0,15249
9645,L56824,L,299.3,310.4,1629,32.6,177,0,0,0,0,0,0,56824
891,L48070,L,295.6,306.0,1370,52.4,115,0,0,0,0,0,0,48070
4260,L51439,L,302.7,311.2,1545,35.1,128,0,0,0,0,0,0,51439
7472,L54651,L,300.3,311.7,1365,53.3,113,0,0,0,0,0,0,54651
6332,H35745,H,300.5,310.0,1495,47.4,184,0,0,0,0,0,0,35745
5278,L52457,L,303.5,312.9,1501,44.0,128,0,0,0,0,0,0,52457
6641,L53820,L,301.4,310.4,1334,43.2,133,0,0,0,0,0,0,53820
3373,L50552,L,301.4,310.8,1431,44.3,21,0,0,0,0,0,0,50552
9670,L56849,L,299.1,310.3,1619,31.1,242,0,0,0,0,0,0,56849
5050,H34463,H,304.0,313.1,1472,45.5,166,0,0,0,0,0,0,34463
4853,L52032,L,303.7,312.2,1619,34.9,92,0,0,0,0,0,0,52032
1699,L48878,L,297.9,307.6,1481,38.0,40,0,0,0,0,0,0,48878
4461,L51640,L,302.6,310.5,1596,32.8,193,0,0,0,0,0,0,51640
8054,L55233,L,300.5,311.9,1887,21.7,56,0,0,0,0,0,0,55233
5171,M20030,M,304.1,313.3,1480,38.4,72,0,0,0,0,0,0,20030
3136,L50315,L,300.4,309.8,1342,52.5,68,0,0,0,0,0,0,50315
9120,M23979,M,297.4,308.4,1675,29.5,59,0,0,0,0,0,0,23979
1863,L49042,L,297.9,307.7,1517,44.4,67,0,0,0,0,0,0,49042
4740,L51919,L,303.2,311.4,1351,53.8,8,0,1,0,0,0,1,51919
5337,L52516,L,303.2,312.4,1663,33.7,71,0,0,0,0,0,0,52516
1975,L49154,L,298.0,307.6,1450,48.7,138,0,0,0,0,0,0,49154
9690,L56869,L,299.0,310.1,1362,59.5,46,0,0,0,0,0,0,56869
95,L47274,L,299.0,308.9,1622,31.9,42,0,0,0,0,0,0,47274
3059,L50238,L,300.0,309.0,1709,32.1,79,0,0,0,0,0,0,50238
5477,M20336,M,302.6,312.1,1445,42.0,181,0,0,0,0,0,0,20336
4093,H33506,H,302.0,310.5,1812,24.4,138,0,0,0,0,0,0,33506
7180,L54359,L,300.2,310.1,1523,42.3,25,0,0,0,0,0,0,54359
9889,M24748,M,298.8,309.6,1575,34.4,149,0,0,0,0,0,0,24748
3629,L50808,L,302.2,311.4,1609,32.1,41,0,0,0,0,0,0,50808
9576,M24435,M,299.6,310.8,1603,35.4,202,0,0,0,0,0,0,24435
2050,M16909,M,299.3,309.2,1586,37.9,129,0,0,0,0,0,0,16909
4979,L52158,L,303.6,312.7,1429,47.7,198,0,0,0,0,0,0,52158
9225,L56404,L,297.9,309.0,1450,46.8,118,0,0,0,0,0,0,56404
7377,L54556,L,299.5,310.0,1481,43.1,90,0,0,0,0,0,0,54556
606,M15465,M,297.9,309.8,1693,29.9,35,0,0,0,0,0,0,15465
6620,M21479,M,301.7,310.7,1627,31.3,78,0,0,0,0,0,0,21479
550,L47729,L,297.4,309.2,1437,40.4,117,0,0,0,0,0,0,47729
6814,M21673,M,300.9,310.7,1420,43.0,133,0,0,0,0,0,0,21673
5744,M20603,M,302.2,311.6,1379,42.9,13,0,0,0,0,0,0,20603
7688,M22547,M,300.7,311.7,2097,18.9,232,1,0,0,0,0,1,22547
3930,M18789,M,302.7,311.6,1501,38.8,171,0,0,0,0,0,0,18789
5677,L52856,L,302.3,311.8,1565,37.8,59,0,0,0,0,0,0,52856
8664,L55843,L,297.5,308.6,1671,29.4,136,0,0,0,0,0,0,55843
6294,H35707,H,301.0,310.4,1512,44.9,86,0,0,0,0,0,0,35707
3207,M18066,M,300.1,309.0,1612,33.0,34,0,0,0,0,0,0,18066
6761,L53940,L,301.5,310.9,1451,40.6,0,0,0,0,0,0,0,53940
5200,L52379,L,303.8,312.8,1503,40.0,154,0,0,0,0,0,0,52379
5475,M20334,M,302.7,312.1,1378,46.9,176,0,0,0,0,0,0,20334
5224,M20083,M,303.9,313.2,1350,47.2,2,0,0,0,0,0,0,20083
6195,L53374,L,300.9,310.8,1571,39.9,51,0,0,0,0,0,0,53374
9456,L56635,L,298.5,309.2,1983,20.2,114,0,0,0,0,0,0,56635
3892,L51071,L,302.2,311.1,1418,47.0,61,0,0,0,0,0,0,51071
9597,L56776,L,298.9,310.1,1466,43.4,50,0,0,0,0,0,0,56776
184,L47363,L,298.1,308.2,1485,40.7,57,0,0,0,0,0,0,47363
4932,M19791,M,303.3,312.1,1693,30.0,80,0,0,0,0,0,0,19791
3779,M18638,M,302.4,311.1,1366,54.4,0,0,0,0,0,0,0,18638
8737,L55916,L,297.3,308.7,1491,40.2,112,0,0,0,0,0,0,55916
5605,L52784,L,302.9,312.2,1513,37.8,92,0,0,0,0,0,0,52784
2164,L49343,L,299.6,309.2,1422,39.8,219,0,0,0,0,0,0,49343
4196,L51375,L,302.5,311.0,1548,38.4,188,0,0,0,0,0,0,51375
1752,L48931,L,298.3,307.6,1942,20.6,176,0,0,0,0,0,0,48931
9906,M24765,M,298.7,309.1,1423,49.5,200,0,0,0,0,0,0,24765
1305,L48484,L,298.8,310.0,2098,19.6,148,0,0,0,0,0,0,48484
4200,M19059,M,302.5,311.1,1638,32.0,198,0,0,0,0,0,0,19059
8774,L55953,L,297.5,308.6,1585,37.6,2,0,0,0,0,0,0,55953
9689,L56868,L,299.1,310.1,1367,45.6,44,0,0,0,0,0,0,56868
3838,L51017,L,302.4,311.2,1450,47.9,154,0,0,0,0,0,0,51017
3592,M18451,M,301.7,310.5,1458,41.4,153,0,0,0,0,0,0,18451
7,L47186,L,298.1,308.6,1558,42.4,14,0,0,0,0,0,0,47186
4676,H34089,H,303.5,311.5,1629,33.5,73,0,0,0,0,0,0,34089
8899,L56078,L,297.4,308.6,1532,38.7,136,0,0,0,0,0,0,56078
8855,M23714,M,297.7,309.0,1433,41.8,16,0,0,0,0,0,0,23714
9086,H38499,H,297.1,307.9,1365,54.0,174,0,0,0,0,0,0,38499
7238,M22097,M,299.8,310.0,1632,33.7,172,0,0,0,0,0,0,22097
2867,L50046,L,300.8,309.7,1997,20.7,5,0,0,0,0,0,0,50046
1312,L48491,L,298.9,310.1,1587,30.2,162,0,0,0,0,0,0,48491
1555,M16414,M,298.4,308.7,1584,31.7,117,0,0,0,0,0,0,16414
3077,L50256,L,300.0,309.2,1444,43.6,123,0,0,0,0,0,0,50256
2846,L50025,L,300.3,309.2,1398,54.4,198,0,0,0,0,0,0,50025
4243,L51422,L,302.4,311.0,1462,48.5,81,0,0,0,0,0,0,51422
1054,M15913,M,296.7,307.7,1597,32.1,114,0,0,0,0,0,0,15913
4104,L51283,L,302.0,310.4,1448,43.4,167,0,0,0,0,0,0,51283
4908,M19767,M,303.6,312.5,1607,33.7,14,0,0,0,0,0,0,19767
4753,H34166,H,303.3,311.3,1502,39.5,38,0,0,0,0,0,0,34166
1409,L48588,L,298.9,310.0,1452,48.9,185,0,0,0,0,0,0,48588
9108,M23967,M,297.5,308.5,1662,30.3,26,0,0,0,0,0,0,23967
5928,L53107,L,300.2,310.1,1649,30.5,43,0,0,0,0,0,0,53107
6696,M21555,M,301.7,311.0,1311,55.8,39,0,0,0,0,0,0,21555
2244,L49423,L,299.2,308.4,1465,35.0,201,0,0,0,0,0,0,49423
9739,L56918,L,299.0,310.0,1509,38.0,168,0,0,0,0,0,0,56918
6854,L54033,L,300.9,311.1,1417,40.7,24,0,0,0,0,0,0,54033
5672,H35085,H,302.2,311.6,1534,37.2,41,0,0,0,0,0,0,35085
9470,L56649,L,298.6,309.4,1698,33.2,147,0,0,0,0,0,0,56649
86,M14945,M,299.0,309.0,1804,26.8,17,0,0,0,0,0,0,14945
6659,L53838,L,301.4,310.4,1430,50.9,178,0,0,0,0,0,0,53838
345,M15204,M,297.5,308.2,2448,13.8,29,0,0,0,0,0,0,15204
7621,L54800,L,300.5,311.5,1651,36.9,65,0,0,0,0,0,0,54800
3001,H32414,H,300.5,309.8,1324,72.8,159,0,0,1,0,0,1,32414
3642,L50821,L,302.3,311.6,1488,41.8,75,0,0,0,0,0,0,50821
5076,L52255,L,304.1,313.2,1366,46.6,35,0,0,0,0,0,0,52255
6423,L53602,L,300.3,309.9,1377,55.3,4,0,0,0,0,0,0,53602
161,L47340,L,298.4,308.2,1282,60.7,216,0,0,0,1,0,1,47340
5935,H35348,H,300.6,310.5,1454,51.2,58,0,0,0,0,0,0,35348
637,L47816,L,298.3,309.9,1463,43.9,116,0,0,0,0,0,0,47816
7299,L54478,L,300.1,310.5,1532,36.0,109,0,0,0,0,0,0,54478
7309,L54488,L,300.0,310.4,1333,49.1,131,0,0,0,0,0,0,54488
1553,L48732,L,298.5,308.9,1781,27.8,113,0,0,0,0,0,0,48732
628,L47807,L,298.4,310.1,1455,42.2,94,0,0,0,0,0,0,47807
4359,H33772,H,302.0,309.9,1606,34.5,156,0,0,0,0,0,0,33772
8403,L55582,L,298.5,309.5,1370,52.4,113,0,0,0,0,0,0,55582
6684,L53863,L,301.5,310.9,1318,50.6,11,0,0,0,0,0,0,53863
776,L47955,L,296.7,307.8,1453,46.0,33,0,0,0,0,0,0,47955
2149,L49328,L,299.4,308.9,1583,34.1,176,0,0,0,0,0,0,49328
5967,L53146,L,300.4,310.8,1396,49.3,142,0,0,0,0,0,0,53146
3445,L50624,L,301.5,310.6,1381,50.7,206,0,0,0,0,0,0,50624
7579,L54758,L,300.4,311.2,1673,28.9,171,0,0,0,0,0,0,54758
1806,H31219,H,298.1,307.7,1376,56.2,113,0,0,0,0,0,0,31219
4172,M19031,M,302.2,310.5,1832,23.7,129,0,0,0,0,0,0,19031
1048,M15907,M,296.6,307.7,1474,52.6,101,0,0,0,0,0,0,15907
3836,M18695,M,302.3,311.1,1435,43.1,149,0,0,0,0,0,0,18695
9572,L56751,L,299.7,310.8,1589,36.0,190,0,0,0,0,0,0,56751
1797,H31210,H,298.1,307.6,1542,37.1,84,0,0,0,0,0,0,31210
4881,M19740,M,303.8,312.6,1527,41.9,159,0,0,0,0,0,0,19740
595,H30008,H,297.6,309.6,1278,50.4,2,0,0,0,0,0,0,30008
2361,H31774,H,299.2,308.4,1388,53.2,59,0,0,0,0,0,0,31774
1167,M16026,M,297.1,308.1,1506,37.7,210,0,0,0,0,0,0,16026
5712,L52891,L,302.2,311.6,1545,35.9,152,0,0,0,0,0,0,52891
8019,L55198,L,301.0,311.9,1889,23.5,198,0,0,0,0,0,0,55198
6098,H35511,H,300.9,310.8,1477,38.4,31,0,0,0,0,0,0,35511
1294,H30707,H,298.7,309.8,1582,33.4,121,0,0,0,0,0,0,30707
2311,M17170,M,299.0,308.4,1535,47.5,163,0,0,0,0,0,0,17170
7139,L54318,L,300.6,310.1,1297,50.0,130,0,0,0,0,0,0,54318
1802,M16661,M,298.0,307.5,1427,43.6,101,0,0,0,0,0,0,16661
54,L47233,L,298.7,309.0,1565,35.1,152,0,0,0,0,0,0,47233
1331,L48510,L,298.9,310.2,1696,30.2,214,0,0,0,0,0,0,48510
2592,L49771,L,298.9,308.6,1522,46.4,2,0,0,0,0,0,0,49771
6937,L54116,L,300.6,311.1,1471,40.7,26,0,0,0,0,0,0,54116
90,M14949,M,298.9,308.9,1487,39.5,30,0,0,0,0,0,0,14949
6070,L53249,L,300.9,310.9,1601,34.0,181,0,0,0,0,0,0,53249
4038,M18897,M,302.0,310.8,1609,35.2,4,0,0,0,0,0,0,18897
248,L47427,L,298.0,308.2,1469,45.5,214,0,0,0,0,0,0,47427
5146,L52325,L,304.5,313.7,1670,32.9,7,0,0,0,0,0,0,52325
4790,L51969,L,303.8,312.8,1646,35.8,143,0,0,0,0,0,0,51969
3465,L50644,L,301.7,310.6,1303,59.7,42,0,0,0,0,0,0,50644
2702,L49881,L,299.9,309.2,1333,50.8,61,0,0,0,0,0,0,49881
1881,L49060,L,298.1,307.7,1705,29.1,109,0,0,0,0,0,0,49060
2227,M17086,M,299.6,308.9,1685,27.8,161,0,0,0,0,0,0,17086
1363,L48542,L,298.6,310.0,1517,41.2,64,0,0,0,0,0,0,48542
3698,L50877,L,302.2,311.2,1928,23.1,2,0,0,0,0,0,0,50877
7646,L54825,L,300.4,311.4,1662,29.3,129,0,0,0,0,0,0,54825
9582,L56761,L,299.4,310.6,1418,53.1,10,0,0,0,0,0,0,56761
7268,L54447,L,300.5,310.5,1695,26.7,28,0,0,0,0,0,0,54447
7778,L54957,L,300.3,311.5,1695,25.6,43,0,0,0,0,0,0,54957
9003,L56182,L,297.1,307.8,1477,36.6,177,0,0,0,0,0,0,56182
8703,L55882,L,297.2,308.6,1774,23.0,30,0,0,0,0,0,0,55882
7919,L55098,L,300.8,312.1,1505,41.3,173,0,0,0,0,0,0,55098
8254,L55433,L,299.1,310.4,1657,31.0,129,0,0,0,0,0,0,55433
4411,L51590,L,302.5,310.2,1586,32.2,64,0,0,0,0,0,0,51590
3093,M17952,M,300.0,309.3,2293,16.3,170,0,0,0,0,0,0,17952
658,L47837,L,297.7,309.2,1365,58.6,170,0,0,0,0,0,0,47837
2441,L49620,L,299.1,308.4,1426,47.9,67,0,0,0,0,0,0,49620
9300,M24159,M,298.1,308.9,1335,50.4,110,0,0,0,0,0,0,24159
2523,M17382,M,298.8,308.7,1543,38.2,44,0,0,0,0,0,0,17382
6913,M21772,M,300.8,311.2,1634,31.9,178,0,0,0,0,0,0,21772
3926,L51105,L,302.6,311.6,1638,29.6,160,0,0,0,0,0,0,51105
671,L47850,L,297.6,309.0,1822,25.4,202,0,0,0,0,0,0,47850
3879,L51058,L,302.6,311.7,1773,27.1,30,0,0,0,0,0,0,51058
3399,L50578,L,301.4,310.7,1675,30.7,92,0,0,0,0,0,0,50578
5385,M20244,M,302.9,312.4,1421,46.0,206,0,0,0,0,0,0,20244
5970,M20829,M,300.4,310.8,1491,35.9,148,0,0,0,0,0,0,20829
3338,L50517,L,301.6,310.8,1564,34.1,150,0,0,0,0,0,0,50517
9781,M24640,M,298.8,309.8,1477,46.7,59,0,0,0,0,0,0,24640
1468,L48647,L,298.6,309.8,1544,30.2,113,0,0,0,0,0,0,48647
5930,L53109,L,300.3,310.2,1471,45.2,48,0,0,0,0,0,0,53109
2983,L50162,L,300.5,309.5,1795,27.7,117,0,0,0,0,0,0,50162
1330,H30743,H,298.8,310.2,1663,30.4,209,0,0,0,0,0,0,30743
1638,L48817,L,297.9,307.8,1665,33.9,102,0,0,0,0,0,0,48817
487,M15346,M,297.4,309.1,1582,35.9,180,0,0,0,0,0,0,15346
1633,L48812,L,297.9,307.9,1426,43.6,89,0,0,0,0,0,0,48812
138,L47317,L,298.7,308.6,1297,55.3,148,0,0,0,0,0,0,47317
8145,M23004,M,299.7,311.0,1506,42.7,85,0,0,0,0,0,0,23004
2928,M17787,M,300.7,309.6,1421,49.8,165,0,0,0,0,0,0,17787
8401,L55580,L,298.6,309.6,1533,40.7,106,0,0,0,0,0,0,55580
5798,L52977,L,301.6,311.0,1431,42.6,158,0,0,0,0,0,0,52977
3012,M17871,M,300.2,309.5,1434,51.5,189,0,0,0,0,0,0,17871
950,L48129,L,295.6,306.3,1636,32.7,56,0,0,0,0,0,0,48129
5503,L52682,L,302.6,312.1,1439,52.3,35,0,0,0,0,0,0,52682
4704,M19563,M,303.6,311.8,1432,42.5,150,0,0,0,0,0,0,19563
878,M15737,M,295.6,306.2,1584,33.6,81,0,0,0,0,0,0,15737
2868,H32281,H,300.7,309.6,1390,48.5,7,0,0,0,0,0,0,32281
2241,L49420,L,299.2,308.5,1457,44.7,195,0,0,0,0,0,0,49420
5587,M20446,M,302.4,311.8,1557,31.5,49,0,0,0,0,0,0,20446
1758,M16617,M,298.1,307.4,1335,56.2,190,0,0,0,0,0,0,16617
7876,L55055,L,300.7,312.3,1898,24.0,60,0,0,0,0,0,0,55055
5998,M20857,M,300.5,310.2,1571,34.6,228,0,0,0,0,0,0,20857
9004,L56183,L,297.1,307.9,1342,49.1,179,0,0,0,0,0,0,56183
321,H29734,H,297.8,308.4,1550,38.2,185,0,0,0,0,0,0,29734
1487,M16346,M,298.2,309.2,1524,34.6,161,0,0,0,0,0,0,16346
6688,L53867,L,301.7,311.0,1700,28.7,19,0,0,0,0,0,0,53867
3615,L50794,L,301.8,311.0,1606,33.3,4,0,0,0,0,0,0,50794
2125,L49304,L,299.2,308.9,1430,39.1,117,0,0,0,0,0,0,49304
2393,L49572,L,299.2,308.5,1340,50.0,144,0,0,0,0,0,0,49572
9708,L56887,L,299.0,310.1,1699,32.9,87,0,0,0,0,0,0,56887
2377,M17236,M,299.2,308.3,1364,51.8,104,0,0,0,0,0,0,17236
4987,L52166,L,303.7,312.9,1502,40.5,0,0,0,0,0,0,0,52166
6446,L53625,L,300.7,310.3,1662,34.4,57,0,0,0,0,0,0,53625
8627,L55806,L,297.4,308.2,1402,49.7,41,0,0,0,0,0,0,55806
1023,L48202,L,296.2,307.2,1515,36.5,38,0,0,0,0,0,0,48202
4636,M19495,M,303.0,311.2,1614,35.7,207,0,0,0,0,0,0,19495
7745,L54924,L,300.4,311.7,1314,59.5,160,0,0,0,0,0,0,54924
7433,L54612,L,300.1,311.4,1484,43.1,13,0,0,0,0,0,0,54612
4441,L51620,L,302.5,310.3,1446,44.0,146,0,0,0,0,0,0,51620
482,M15341,M,297.3,309.0,1556,39.5,168,0,0,0,0,0,0,15341
140,L47319,L,298.8,308.6,1268,55.8,155,0,0,0,0,0,0,47319
4373,M19232,M,301.9,309.6,1439,41.7,201,0,0,0,0,0,0,19232
3866,H33279,H,302.6,311.5,1629,34.4,228,1,0,0,0,0,1,33279
4156,L51335,L,302.0,310.5,1370,44.4,85,0,1,0,0,0,1,51335
7905,M22764,M,300.8,312.4,1811,25.1,136,0,0,0,0,0,0,22764
9263,M24122,M,298.3,309.1,1404,47.0,15,0,0,0,0,0,0,24122
9220,M24079,M,297.7,308.8,1350,57.0,105,0,0,0,0,0,0,24079
3241,L50420,L,300.9,309.5,1612,35.2,124,0,0,0,0,0,0,50420
9702,L56881,L,298.8,309.8,1485,42.4,74,0,0,0,0,0,0,56881
1935,L49114,L,298.1,307.9,1698,33.3,40,0,0,0,0,0,0,49114
9214,L56393,L,298.0,309.0,1679,32.4,90,0,0,0,0,0,0,56393
7719,H37132,H,300.6,311.7,1427,44.6,87,0,0,0,0,0,0,37132
1410,L48589,L,298.9,310.1,1466,42.5,187,0,0,0,0,0,0,48589
175,L47354,L,298.2,308.1,1306,58.3,35,0,0,0,0,0,0,47354
9550,M24409,M,299.6,311.1,1649,33.8,133,0,0,0,0,0,0,24409
3893,M18752,M,302.3,311.1,1338,53.3,63,0,0,0,0,0,0,18752
4984,L52163,L,303.8,313.1,1869,25.8,211,0,0,0,0,0,0,52163
5293,M20152,M,303.9,313.3,1567,35.0,168,0,0,0,0,0,0,20152
9772,M24631,M,298.7,309.6,1424,50.4,32,0,0,0,0,0,0,24631
8380,L55559,L,298.8,309.9,1629,31.9,49,0,0,0,0,0,0,55559
3839,L51018,L,302.4,311.1,1880,24.5,156,0,0,0,0,0,0,51018
6777,L53956,L,301.3,310.6,1451,47.5,42,0,0,0,0,0,0,53956
6420,H35833,H,300.3,309.9,1394,46.7,210,1,0,0,0,0,1,35833
2456,L49635,L,299.0,308.6,1946,22.3,102,0,0,0,0,0,0,49635
1401,H30814,H,298.9,310.1,1366,62.7,161,0,0,0,0,0,0,30814
5201,L52380,L,303.8,312.8,1416,58.7,156,0,0,0,0,0,0,52380
7199,M22058,M,300.0,309.9,1530,34.5,71,0,0,0,0,0,0,22058
502,M15361,M,297.6,309.3,1464,46.2,218,0,0,0,0,0,0,15361
8944,M23803,M,297.3,308.4,1449,44.4,34,0,0,0,0,0,0,23803
4909,M19768,M,303.6,312.5,1459,48.2,17,0,0,0,0,0,0,19768
7241,M22100,M,299.9,310.1,1362,56.3,179,0,0,0,0,0,0,22100
3250,L50429,L,301.1,309.8,1493,38.9,149,0,0,0,0,0,0,50429
6703,M21562,M,301.6,310.8,1664,32.0,58,0,0,0,0,0,0,21562
1584,L48763,L,298.2,308.4,1310,61.0,189,0,0,0,1,0,1,48763
1491,L48670,L,298.2,309.0,1341,43.8,171,0,0,0,0,0,0,48670
9195,L56374,L,297.9,308.9,1393,40.6,45,0,0,0,0,0,0,56374
3435,M18294,M,301.5,310.5,1412,44.1,184,0,0,0,0,0,0,18294
4351,M19210,M,301.9,309.7,1568,37.5,135,0,0,0,0,0,0,19210
3701,L50880,L,302.1,311.2,1447,50.3,11,0,0,0,0,0,0,50880
8474,M23333,M,298.6,309.8,1430,43.1,80,0,0,0,0,0,0,23333
5582,M20441,M,302.5,312.1,1454,47.6,37,0,0,0,0,0,0,20441
7939,L55118,L,300.8,311.7,1681,31.3,221,0,0,0,0,0,0,55118
8038,L55217,L,300.7,311.8,1603,34.1,17,0,0,0,0,0,0,55217
4321,L51500,L,301.7,310.3,1397,44.6,57,0,0,0,0,0,0,51500
1720,L48899,L,298.2,307.7,1503,38.3,87,0,0,0,0,0,0,48899
1898,L49077,L,297.8,307.4,1418,41.2,155,0,0,0,0,0,0,49077
4959,L52138,L,303.8,312.5,1523,47.0,152,0,0,0,0,0,0,52138
6513,M21372,M,301.1,310.0,1433,48.1,14,0,0,0,0,0,0,21372
9710,M24569,M,299.0,310.0,1486,34.6,91,0,0,0,0,0,0,24569
6608,L53787,L,301.5,310.5,1556,39.1,48,0,0,0,0,0,0,53787
2312,M17171,M,299.1,308.6,1491,38.5,166,0,0,0,0,0,0,17171
7915,H37328,H,300.7,312.1,1490,43.1,159,0,0,0,0,0,0,37328
1159,L48338,L,297.0,307.9,1436,47.7,191,0,0,0,0,0,0,48338
8597,L55776,L,297.5,308.2,1327,56.5,189,0,0,0,0,0,0,55776
47,M14906,M,298.7,309.0,1843,25.8,130,0,0,0,0,0,0,14906
5466,L52645,L,302.9,312.4,1424,49.5,155,0,0,0,0,0,0,52645
5410,L52589,L,302.7,312.4,1433,44.2,17,0,0,0,0,0,0,52589
7901,L55080,L,300.8,312.4,1825,23.8,127,0,0,0,0,0,0,55080
3686,M18545,M,301.9,311.1,1380,51.6,184,0,0,0,0,0,0,18545
6467,L53646,L,300.4,309.7,1740,31.1,113,0,0,0,0,0,0,53646
1869,L49048,L,298.3,308.0,1361,56.9,81,0,0,0,0,0,0,49048
7039,L54218,L,300.7,310.6,1654,34.2,89,0,0,0,0,0,0,54218
2128,H31541,H,299.3,309.0,1425,40.6,123,0,0,0,0,0,0,31541
4914,M19773,M,303.5,312.3,1593,35.2,29,0,0,0,0,0,0,19773
2980,L50159,L,300.5,309.5,1542,38.5,108,0,0,0,0,0,0,50159
1957,M16816,M,297.9,307.7,1364,46.8,89,0,0,0,0,0,0,16816
799,M15658,M,296.9,307.8,1828,24.6,91,0,0,0,0,0,0,15658
7821,M22680,M,299.8,311.2,1706,29.2,148,0,0,0,0,0,0,22680
513,L47692,L,297.5,309.2,1426,44.8,24,0,0,0,0,0,0,47692
1877,L49056,L,298.3,308.0,1242,62.0,98,0,0,0,0,0,0,49056
1421,M16280,M,298.8,309.9,1495,35.2,214,0,0,0,0,0,0,16280
4220,L51399,L,301.9,310.7,1717,26.8,27,0,0,0,0,0,0,51399
7570,L54749,L,300.2,311.0,1255,71.8,149,0,0,1,0,0,1,54749
738,H30151,H,296.9,308.3,1474,39.2,177,0,0,0,0,0,0,30151
4187,M19046,M,302.2,310.6,1570,34.6,163,0,0,0,0,0,0,19046
6100,H35513,H,300.9,310.7,1609,28.7,39,0,0,0,0,0,0,35513
6970,M21829,M,300.8,311.1,1583,32.1,116,0,0,0,0,0,0,21829
8109,M22968,M,300.3,311.8,1607,33.7,199,0,0,0,0,0,0,22968
9359,L56538,L,298.2,308.7,1407,45.1,49,0,0,0,0,0,0,56538
5065,L52244,L,304.0,313.0,1407,42.1,5,0,0,0,0,0,0,52244
8213,H37626,H,299.2,310.5,1329,48.9,30,0,0,0,0,0,0,37626
3432,L50611,L,301.6,310.7,1429,43.6,176,0,0,0,0,0,0,50611
3243,L50422,L,300.9,309.6,1384,42.4,131,0,0,0,0,0,0,50422
6954,L54133,L,300.8,311.3,1462,41.4,75,0,0,0,0,0,0,54133
4919,L52098,L,303.3,312.2,1457,40.7,48,0,0,0,0,0,0,52098
9146,L56325,L,297.6,308.5,1574,37.1,121,0,0,0,0,0,0,56325
3842,L51021,L,302.4,311.1,1565,42.8,163,0,0,0,0,0,0,51021
2147,L49326,L,299.3,308.8,1647,32.9,172,0,0,0,0,0,0,49326
692,L47871,L,297.7,309.1,1563,39.3,56,0,0,0,0,0,0,47871
4111,L51290,L,302.0,310.6,1361,46.7,182,0,0,0,0,0,0,51290
8404,L55583,L,298.5,309.6,1462,45.1,115,0,0,0,0,0,0,55583
8219,L55398,L,299.1,310.5,1485,37.8,46,0,0,0,0,0,0,55398
1099,M15958,M,296.9,307.4,1521,37.9,27,0,0,0,0,0,0,15958
701,M15560,M,297.6,308.8,1683,31.6,79,0,0,0,0,0,0,15560
3791,L50970,L,302.3,310.9,1412,48.9,28,0,0,0,0,0,0,50970
8412,L55591,L,298.6,309.8,1496,37.7,134,0,0,0,0,0,0,55591
5850,M20709,M,301.4,311.2,1434,47.6,52,0,0,0,0,0,0,20709
5650,M20509,M,302.5,311.9,1414,51.6,205,0,0,0,0,0,0,20509
6611,L53790,L,301.5,310.4,1543,34.0,55,0,0,0,0,0,0,53790
9546,L56725,L,299.6,311.0,1430,38.3,124,0,0,0,0,0,0,56725
6417,H35830,H,300.4,310.1,1484,38.0,198,0,0,0,0,0,0,35830
8518,M23377,M,298.3,309.6,1469,54.8,191,0,0,0,0,0,0,23377
5758,L52937,L,301.9,311.3,1366,55.6,57,0,0,0,0,0,0,52937
2892,L50071,L,300.6,309.6,1682,30.7,78,0,0,0,0,0,0,50071
20,M14879,M,298.9,309.3,1632,32.5,55,0,0,0,0,0,0,14879
5573,L52752,L,302.4,312.0,1545,36.4,12,0,0,0,0,0,0,52752
674,L47853,L,297.6,308.9,1449,47.7,209,0,0,0,0,0,0,47853
1005,H30418,H,296.3,307.2,1424,42.0,196,0,0,0,0,0,0,30418
2116,L49295,L,299.4,309.0,1404,47.3,86,0,0,0,0,0,0,49295
5663,L52842,L,302.2,311.5,1616,34.0,19,0,0,0,0,0,0,52842
4665,M19524,M,303.3,311.3,1566,46.1,41,0,0,0,0,0,0,19524
683,H30096,H,297.8,309.0,1410,48.8,23,0,0,0,0,0,0,30096
7305,L54484,L,300.1,310.5,1394,44.3,121,0,0,0,0,0,0,54484
2715,M17574,M,299.6,309.1,1366,55.2,95,0,0,0,0,0,0,17574
8120,L55299,L,300.3,311.7,1333,55.2,18,0,0,0,0,0,0,55299
2671,L49850,L,299.8,309.4,1467,46.2,219,0,0,0,0,0,0,49850
2326,L49505,L,299.3,308.8,1603,33.9,203,0,0,0,0,0,0,49505
3670,L50849,L,302.4,311.8,1465,40.2,143,0,0,0,0,0,0,50849
4579,L51758,L,303.0,311.2,1641,32.6,63,0,0,0,0,0,0,51758
2208,L49387,L,299.8,309.2,1591,37.5,109,0,0,0,0,0,0,49387
8485,L55664,L,298.4,309.5,1397,50.3,110,0,0,0,0,0,0,55664
1118,L48297,L,296.5,307.4,1523,40.7,85,0,0,0,0,0,0,48297
8891,L56070,L,297.7,308.8,1616,34.2,114,0,0,0,0,0,0,56070
2293,L49472,L,299.6,308.9,1422,53.2,120,0,0,0,0,0,0,49472
9311,L56490,L,298.4,309.3,1549,40.8,139,0,0,0,0,0,0,56490
1582,M16441,M,298.2,308.3,1560,33.0,181,0,0,0,0,0,0,16441
6075,M20934,M,301.0,310.8,1533,39.3,194,0,0,0,0,0,0,20934
6171,H35584,H,300.8,310.5,1559,40.1,220,0,0,0,0,0,0,35584
3285,H32698,H,301.2,309.9,1362,50.7,25,0,0,0,0,0,0,32698
8764,L55943,L,297.5,308.8,1603,36.7,184,0,0,0,0,0,0,55943
5471,M20330,M,302.7,312.2,1585,35.5,167,0,0,0,0,0,0,20330
9557,L56736,L,299.5,310.8,1374,48.3,154,0,0,0,0,0,0,56736
227,L47406,L,298.3,308.4,1329,49.2,166,0,0,0,0,0,0,47406
615,M15474,M,298.0,309.9,1445,45.2,55,0,0,0,0,0,0,15474
6798,M21657,M,301.2,310.7,1615,34.9,95,0,0,0,0,0,0,21657
3340,L50519,L,301.6,310.9,1492,45.2,155,0,0,0,0,0,0,50519
4419,L51598,L,302.6,310.3,1642,33.2,82,0,0,0,0,0,0,51598
9789,M24648,M,298.5,309.5,1535,39.8,87,0,0,0,0,0,0,24648
4033,L51212,L,302.0,310.8,1383,50.3,231,0,0,0,1,0,1,51212
4802,L51981,L,303.5,312.4,1574,32.7,175,0,0,0,0,0,0,51981
6848,L54027,L,301.2,311.4,1757,28.0,6,0,0,0,0,0,0,54027
9503,L56682,L,299.3,310.2,1495,49.2,16,0,0,0,0,0,0,56682
7738,M22597,M,300.5,312.0,1985,19.3,143,0,0,0,0,0,0,22597
7535,L54714,L,300.0,311.2,1418,47.3,60,0,0,0,0,0,0,54714
6538,M21397,M,301.3,310.5,1481,39.7,85,0,0,0,0,0,0,21397
4214,L51393,L,302.1,310.7,1465,40.7,13,0,0,0,0,0,0,51393
6706,M21565,M,301.5,310.6,1382,58.1,67,0,0,0,0,0,0,21565
3966,L51145,L,302.3,311.5,1507,37.5,55,0,0,0,0,0,0,51145
4655,M19514,M,303.1,311.0,1510,47.6,16,0,0,0,0,0,0,19514
3823,M18682,M,302.4,311.0,1464,44.2,106,0,0,0,0,0,0,18682
9406,M24265,M,297.7,308.1,1469,48.8,183,0,0,0,0,0,0,24265
9241,M24100,M,298.1,308.7,1362,49.6,158,0,0,0,0,0,0,24100
6130,M20989,M,301.0,311.0,1508,46.9,113,0,0,0,0,0,0,20989
423,L47602,L,297.3,308.3,1333,55.2,11,0,0,0,0,0,0,47602
4417,M19276,M,302.6,310.4,1532,36.1,77,0,0,0,0,0,0,19276
7735,L54914,L,300.6,312.0,1670,29.4,134,0,0,0,0,0,0,54914
3864,L51043,L,302.5,311.4,1674,27.0,223,0,0,0,0,0,0,51043
8204,M23063,M,299.4,310.9,1473,40.1,7,0,0,0,0,0,0,23063
3074,L50253,L,300.1,309.1,1478,46.9,116,0,0,0,0,0,0,50253
8547,L55726,L,298.4,309.3,1716,28.4,66,0,0,0,0,0,0,55726
6220,H35633,H,301.1,310.6,1407,43.9,111,0,0,0,0,0,0,35633
70,L47249,L,298.9,309.0,1410,65.7,191,0,0,1,1,0,1,47249
87,H29500,H,299.0,309.0,1436,43.9,20,0,0,0,0,0,0,29500
7539,M22398,M,300.2,311.4,1450,38.5,68,0,0,0,0,0,0,22398
5731,L52910,L,302.3,311.7,1793,25.3,200,0,0,0,0,0,0,52910
1923,L49102,L,298.0,307.8,1716,26.6,9,0,0,0,0,0,0,49102
9740,L56919,L,298.9,310.0,1515,42.9,170,0,0,0,0,0,0,56919
830,L48009,L,296.5,307.3,1579,34.5,166,0,0,0,0,0,0,48009
5363,L52542,L,303.2,312.6,1281,57.0,144,0,0,0,0,0,0,52542
2664,L49843,L,299.9,309.3,1620,31.1,196,0,0,0,0,0,0,49843
3370,L50549,L,301.5,310.9,2760,8.0,15,0,0,1,0,0,1,50549
3491,M18350,M,301.9,310.9,1763,28.4,103,0,0,0,0,0,0,18350
8155,L55334,L,299.6,310.7,1393,52.1,110,0,0,0,0,0,0,55334
2036,M16895,M,298.9,308.6,1469,34.2,93,0,0,0,0,0,0,16895
7136,L54315,L,300.5,309.9,1443,48.3,122,0,0,0,0,0,0,54315
7105,L54284,L,300.9,310.4,1454,43.1,43,0,0,0,0,0,0,54284
5762,L52941,L,301.9,311.2,1369,49.8,66,0,0,0,0,0,0,52941
7761,M22620,M,300.4,311.7,1511,33.0,200,0,0,0,0,0,0,22620
5866,M20725,M,301.5,311.1,1402,40.0,94,0,0,0,0,0,0,20725
8244,H37657,H,299.1,310.4,1369,54.5,104,0,0,0,0,0,0,37657
6225,L53404,L,301.2,311.0,1612,32.9,129,0,0,0,0,0,0,53404
3034,M17893,M,300.6,309.7,1934,22.8,15,0,0,0,0,0,0,17893
3358,H32771,H,301.6,310.7,1414,51.7,197,0,0,0,0,0,0,32771
2070,H31483,H,299.7,309.6,1553,41.0,179,0,0,0,0,0,0,31483
9585,L56764,L,299.3,310.5,1529,41.3,17,0,0,0,0,0,0,56764
8781,M23640,M,297.5,308.6,1327,52.1,24,0,0,0,0,0,0,23640
9721,M24580,M,298.9,309.9,1357,54.5,121,0,0,0,0,0,0,24580
42,L47221,L,298.8,309.1,1368,50.8,115,0,0,0,0,0,0,47221
7160,L54339,L,300.1,310.0,1511,41.7,186,0,0,0,0,0,0,54339
3198,L50377,L,300.0,309.1,1465,40.6,9,0,0,0,0,0,0,50377
6709,M21568,M,301.4,310.6,1464,37.4,74,0,0,0,0,0,0,21568
4420,M19279,M,302.6,310.2,2676,10.8,84,0,0,1,0,0,1,19279
5251,L52430,L,303.5,312.9,1332,52.9,66,0,0,0,0,0,0,52430
5220,L52399,L,303.8,313.0,1365,59.9,205,0,0,0,1,0,1,52399
8357,M23216,M,298.6,309.6,1344,59.4,200,0,0,0,0,0,0,23216
4437,M19296,M,302.4,310.1,1577,35.8,136,0,0,0,0,0,0,19296
2144,M17003,M,299.3,308.8,1442,49.0,165,0,0,0,0,0,0,17003
5163,L52342,L,304.2,313.3,1464,45.9,48,0,0,0,0,0,0,52342
3586,L50765,L,301.9,310.7,1947,25.0,137,0,0,0,0,0,0,50765
5609,M20468,M,303.1,312.3,1623,31.6,101,0,0,0,0,0,0,20468
6522,L53701,L,301.1,310.1,1666,27.2,40,0,0,0,0,0,0,53701
5974,L53153,L,300.5,310.8,1354,51.8,157,0,0,0,0,0,0,53153
4659,L51838,L,303.1,311.2,1679,34.8,25,0,0,0,0,0,0,51838
7350,L54529,L,299.7,310.2,1633,36.5,24,0,0,0,0,0,0,54529
710,M15569,M,297.6,308.8,1357,49.7,104,0,0,0,0,0,0,15569
2990,L50169,L,300.6,309.8,1502,42.4,133,0,0,0,0,0,0,50169
3855,L51034,L,302.4,311.0,1338,67.6,194,0,0,1,1,0,1,51034
4691,M19550,M,303.4,311.5,1483,43.0,117,0,0,0,0,0,0,19550
3376,M18235,M,301.4,310.6,1459,46.9,27,0,0,0,0,0,0,18235
5864,M20723,M,301.4,311.1,1758,25.4,88,0,0,0,0,0,0,20723
5648,H35061,H,302.5,311.8,2370,14.7,198,0,0,0,0,0,0,35061
1478,L48657,L,298.3,309.4,1570,35.6,138,0,0,0,0,0,0,48657
924,M15783,M,295.5,306.0,1423,45.3,205,0,0,0,0,0,0,15783
5867,L53046,L,301.5,311.1,1459,45.1,97,0,0,0,0,0,0,53046
7928,L55107,L,300.7,311.9,1476,42.0,196,0,0,0,0,0,0,55107
2438,L49617,L,299.1,308.3,1426,40.1,60,0,0,0,0,0,0,49617
1134,M15993,M,296.8,307.9,1418,47.9,127,0,0,0,0,0,0,15993
2021,H31434,H,298.7,308.4,1560,33.3,53,0,0,0,0,0,0,31434
1288,L48467,L,298.5,309.6,1419,41.5,105,0,0,0,0,0,0,48467
8177,L55356,L,299.8,311.2,1564,40.0,172,0,0,0,0,0,0,55356
6313,M21172,M,300.9,310.2,1533,38.1,137,0,0,0,0,0,0,21172
9723,H39136,H,298.8,309.8,1911,21.6,126,0,0,0,0,0,0,39136
3366,M18225,M,301.4,310.6,1630,30.3,2,0,0,0,0,0,0,18225
4365,H33778,H,302.1,310.1,1615,29.9,176,0,0,0,0,0,0,33778
6436,L53615,L,300.3,309.9,1621,34.1,36,0,0,0,0,0,0,53615
2909,L50088,L,300.7,309.5,1251,59.9,120,0,0,0,0,0,0,50088
5982,M20841,M,300.7,310.7,1347,46.5,183,0,0,0,0,0,0,20841
5629,L52808,L,302.7,312.1,1688,32.0,155,0,0,0,0,0,0,52808
8679,L55858,L,297.3,308.5,1514,44.5,177,0,0,0,0,0,0,55858
301,L47480,L,297.8,308.4,1622,38.3,134,0,0,0,0,0,0,47480
2529,L49708,L,298.8,308.6,1730,25.9,59,0,0,0,0,0,0,49708
8034,L55213,L,300.7,311.9,1485,38.8,9,0,0,0,0,0,0,55213
2060,H31473,H,299.5,309.4,1386,44.4,154,0,0,0,0,0,0,31473
4980,M19839,M,303.7,312.7,1612,36.3,200,0,0,0,0,0,0,19839
8184,L55363,L,299.8,311.1,1452,47.3,188,0,0,0,0,0,0,55363
2283,L49462,L,299.4,308.7,1459,47.6,96,0,0,0,0,0,0,49462
4360,M19219,M,302.1,310.0,1531,38.0,161,0,0,0,0,0,0,19219
8471,L55650,L,298.7,309.9,1464,38.0,74,0,0,0,0,0,0,55650
2993,M17852,M,300.5,309.7,1685,29.4,140,0,0,0,0,0,0,17852
2924,M17783,M,300.7,309.7,1397,51.3,155,0,0,0,0,0,0,17783
4140,H33553,H,301.7,310.2,1620,30.8,42,0,0,0,0,0,0,33553
3273,M18132,M,301.3,310.0,1593,30.8,210,0,0,0,0,0,0,18132
4715,H34128,H,303.4,311.8,1693,28.3,175,0,0,0,0,0,0,34128
6422,L53601,L,300.3,309.9,1527,41.4,2,0,0,0,0,0,0,53601
7446,L54625,L,300.2,311.7,1553,41.3,44,0,0,0,0,0,0,54625
8531,M23390,M,298.5,309.3,1615,31.8,23,0,0,0,0,0,0,23390
2512,M17371,M,299.0,308.9,1526,41.1,20,0,0,0,0,0,0,17371
786,M15645,M,296.9,308.0,1497,44.8,57,0,0,0,0,0,0,15645
3547,M18406,M,301.9,310.9,1317,51.9,40,0,0,0,0,0,0,18406
2202,L49381,L,299.8,309.0,1567,36.1,95,0,0,0,0,0,0,49381
848,L48027,L,296.4,307.4,2833,5.6,213,0,0,1,0,0,1,48027
7736,L54915,L,300.6,312.0,1406,55.1,136,0,0,0,0,0,0,54915
30,L47209,L,299.0,309.4,1693,30.1,84,0,0,0,0,0,0,47209
3382,L50561,L,301.3,310.6,1376,47.6,45,0,0,0,0,0,0,50561
500,L47679,L,297.5,309.1,1515,35.1,213,0,0,0,0,0,0,47679
6960,L54139,L,300.6,311.0,1543,34.7,89,0,0,0,0,0,0,54139
1195,M16054,M,297.0,308.1,1507,43.1,51,0,0,0,0,0,0,16054
4521,L51700,L,302.4,310.4,1456,47.6,127,0,0,0,0,0,0,51700
9494,L56673,L,299.1,309.8,1398,55.4,217,0,0,0,1,0,1,56673
6292,M21151,M,301.1,310.5,1547,35.8,81,0,0,0,0,0,0,21151
1149,L48328,L,297.1,308.0,1348,58.0,162,0,0,0,0,0,0,48328
351,H29764,H,297.6,308.3,1400,44.3,43,0,0,0,0,0,0,29764
2832,M17691,M,300.3,309.2,1490,47.9,163,0,0,0,0,0,0,17691
6593,M21452,M,301.6,310.7,1457,47.8,7,0,0,0,0,0,0,21452
1675,L48854,L,298.1,307.8,1540,37.8,203,0,0,0,0,0,0,48854
1186,L48365,L,297.3,308.4,1491,46.5,29,0,0,0,0,0,0,48365
2976,H32389,H,300.5,309.4,1360,46.2,93,0,0,0,0,0,0,32389
9876,M24735,M,298.9,309.8,1363,50.6,115,0,0,0,0,0,0,24735
5900,H35313,H,300.9,310.6,1686,27.7,176,0,0,0,0,0,0,35313
6265,L53444,L,300.9,310.4,1541,39.1,17,0,0,0,0,0,0,53444
3179,M18038,M,300.2,309.4,1329,53.6,186,0,0,0,0,0,0,18038
445,L47624,L,297.4,308.4,1582,37.2,68,0,0,0,0,0,0,47624
1467,L48646,L,298.7,309.8,1365,50.5,111,0,0,0,0,0,0,48646
4371,L51550,L,302.0,309.9,1308,57.6,197,0,1,0,1,0,1,51550
5398,M20257,M,302.8,312.3,1416,42.7,241,0,0,0,0,0,0,20257
551,L47730,L,297.4,309.2,1698,29.4,119,0,0,0,0,0,0,47730
9366,M24225,M,298.0,308.6,1254,55.8,65,0,0,0,0,0,0,24225
5784,H35197,H,301.8,311.1,1543,36.4,120,0,0,0,0,0,0,35197
8524,H37937,H,298.3,309.3,1529,41.7,5,0,0,0,0,0,0,37937
5275,L52454,L,303.6,313.0,1617,30.9,122,0,0,0,0,0,0,52454
3988,M18847,M,302.3,311.3,1444,43.1,115,0,0,0,0,0,0,18847
1636,L48815,L,297.8,307.8,1383,56.5,98,0,0,0,0,0,0,48815
6168,M21027,M,300.9,310.7,1362,51.6,212,0,0,0,0,0,0,21027
308,M15167,M,297.8,308.4,1579,36.6,152,0,0,0,0,0,0,15167
2591,L49770,L,299.0,308.7,1396,48.6,0,0,0,0,0,0,0,49770
3072,L50251,L,300.0,309.0,2174,16.9,112,0,0,0,0,0,0,50251
5571,M20430,M,302.4,312.1,1492,47.7,7,0,0,0,0,0,0,20430
1658,M16517,M,298.1,308.0,1374,48.8,156,0,0,0,0,0,0,16517
1508,M16367,M,298.0,308.6,1376,55.7,214,0,0,0,0,0,0,16367
7932,L55111,L,300.7,311.7,1499,38.4,205,0,0,0,0,0,0,55111
9488,L56667,L,298.9,309.6,1583,39.8,202,0,0,0,0,0,0,56667
6197,L53376,L,300.9,310.8,1701,30.4,55,0,0,0,0,0,0,53376
4388,L51567,L,302.0,309.8,1532,39.4,2,0,0,0,0,0,0,51567
8753,M23612,M,297.4,308.5,1465,55.9,153,0,0,0,0,0,0,23612
286,L47465,L,298.2,308.3,1568,36.0,92,0,0,0,0,0,0,47465
2919,M17778,M,300.6,309.5,1492,34.0,144,0,0,0,0,0,0,17778
928,H30341,H,295.6,306.0,1396,52.4,0,0,0,0,0,0,0,30341
9280,M24139,M,298.2,308.8,1645,28.2,58,0,0,0,0,0,0,24139
2716,M17575,M,299.5,309.0,1701,28.6,98,0,0,0,0,0,0,17575
2660,H32073,H,299.8,309.3,1595,32.1,183,0,0,0,0,0,0,32073
4499,H33912,H,302.6,310.4,1614,36.0,74,0,0,0,0,0,0,33912
9630,H39043,H,299.0,310.1,2053,19.7,137,0,0,0,0,0,0,39043
4124,M18983,M,302.1,310.6,1517,38.9,2,0,0,0,0,0,0,18983
3906,M18765,M,302.2,311.2,1561,34.9,106,0,0,0,0,0,0,18765
2881,L50060,L,300.7,309.5,1541,37.2,48,0,0,0,0,0,0,50060
6601,M21460,M,301.5,310.6,1424,47.0,26,0,0,0,0,0,0,21460
3255,M18114,M,301.0,309.7,1288,58.4,162,0,0,0,0,0,0,18114
5186,L52365,L,304.0,313.0,2012,21.1,115,0,0,0,0,0,0,52365
4160,M19019,M,302.0,310.5,1639,32.9,94,0,0,0,0,0,0,19019
8666,L55845,L,297.6,308.7,1365,50.6,143,0,0,0,0,0,0,55845
2639,L49818,L,299.8,309.5,1739,27.5,128,0,0,0,0,0,0,49818
4747,L51926,L,303.2,311.2,1427,45.6,25,0,0,0,0,0,0,51926
3275,L50454,L,301.3,310.0,1665,31.4,0,0,0,0,0,0,0,50454
5299,M20158,M,303.7,313.1,2130,18.1,185,0,0,0,0,0,0,20158
634,L47813,L,298.3,310.0,1442,43.9,110,0,0,0,0,0,0,47813
8316,H37729,H,298.7,309.8,1422,40.7,85,0,0,0,0,0,0,37729
5082,M19941,M,304.1,313.3,1494,39.0,49,0,0,0,0,0,0,19941
4276,M19135,M,302.4,310.5,1500,36.7,164,0,0,0,0,0,0,19135
2046,M16905,M,299.3,309.1,1703,31.3,120,0,0,0,0,0,0,16905
9944,M24803,M,298.3,308.0,1766,26.0,96,0,0,0,0,0,0,24803
4877,M19736,M,303.7,312.4,1540,37.4,146,0,0,0,0,0,0,19736
3733,M18592,M,302.2,311.2,1347,49.8,94,0,0,0,0,0,0,18592
3704,M18563,M,302.0,311.2,1418,49.5,17,0,0,0,0,0,0,18563
4460,L51639,L,302.6,310.4,1743,26.3,191,0,0,0,0,0,0,51639
5737,M20596,M,302.4,311.9,1439,36.6,212,0,0,0,0,0,0,20596
9610,L56789,L,299.0,310.1,1470,40.3,83,0,0,0,0,0,0,56789
9773,L56952,L,298.5,309.5,1561,34.8,35,0,0,0,0,0,0,56952
5390,L52569,L,302.8,312.3,1366,49.1,221,0,0,0,0,0,0,52569
877,L48056,L,295.7,306.3,1915,22.4,79,0,0,0,0,0,0,48056
2260,L49439,L,299.1,308.3,1431,52.3,38,0,0,0,0,0,0,49439
9669,L56848,L,299.1,310.3,1619,35.2,240,0,0,0,0,0,0,56848
9617,L56796,L,298.9,310.1,1580,37.3,100,0,0,0,0,0,0,56796
7664,L54843,L,300.5,311.6,1385,54.8,173,0,0,0,0,0,0,54843
188,L47367,L,298.2,308.4,1379,43.1,65,0,0,0,0,0,0,47367
1196,M16055,M,297.0,308.0,1408,47.9,54,0,0,0,0,0,0,16055
3932,M18791,M,302.7,311.7,1784,25.1,177,0,0,0,0,0,0,18791
2754,L49933,L,299.7,309.1,1715,27.8,192,0,0,0,0,0,0,49933
2233,L49412,L,299.5,308.6,1672,30.5,177,0,0,0,0,0,0,49412
3675,L50854,L,302.2,311.5,1346,52.4,157,0,0,0,0,0,0,50854
2066,L49245,L,299.7,309.6,1419,45.1,170,0,0,0,0,0,0,49245
8609,L55788,L,297.4,308.4,1369,50.6,220,0,0,0,1,0,1,55788
9898,L57077,L,298.8,309.3,1357,47.1,176,0,0,0,0,0,0,57077
8144,L55323,L,299.7,310.9,1477,40.4,83,0,0,0,0,0,0,55323
2583,L49762,L,299.2,309.0,1615,33.7,193,0,0,0,0,0,0,49762
9094,M23953,M,297.3,308.1,1709,30.6,196,0,0,0,0,0,0,23953
6586,M21445,M,301.5,310.5,1600,32.8,205,0,0,0,0,0,0,21445
6500,L53679,L,300.9,310.0,1671,26.8,199,0,0,0,0,0,0,53679
2166,L49345,L,299.5,309.1,1476,47.8,223,0,0,0,0,0,0,49345
3394,L50573,L,301.5,310.6,1490,48.1,81,0,0,0,0,0,0,50573
3286,L50465,L,301.2,309.9,1687,29.7,30,0,0,0,0,0,0,50465
8190,L55369,L,299.7,311.0,1983,21.0,201,0,0,0,0,0,0,55369
8230,L55409,L,299.1,310.5,1739,27.4,72,0,0,0,0,0,0,55409
2018,L49197,L,298.7,308.5,1483,42.5,46,0,0,0,0,0,0,49197
2921,L50100,L,300.7,309.7,1598,33.7,149,0,0,0,0,0,0,50100
9866,M24725,M,298.9,309.8,2450,13.9,89,0,0,0,0,0,0,24725
3130,L50309,L,300.1,309.6,1642,34.5,53,0,0,0,0,0,0,50309
7038,L54217,L,300.6,310.6,1514,39.5,87,0,0,0,0,0,0,54217
3356,L50535,L,301.5,310.8,1367,49.0,193,0,0,0,0,0,0,50535
1873,L49052,L,298.3,308.1,1326,58.4,90,0,0,0,0,0,0,49052
4922,L52101,L,303.4,312.3,1287,54.8,54,0,0,0,0,0,0,52101
5227,L52406,L,303.9,313.0,1403,48.3,10,0,0,0,0,0,0,52406
8313,M23172,M,298.8,310.0,1529,38.5,77,0,0,0,0,0,0,23172
73,L47252,L,298.9,309.1,1369,44.4,198,0,0,0,0,0,0,47252
71,M14930,M,298.9,309.0,1924,22.6,193,0,0,0,0,0,0,14930
3752,L50931,L,302.4,311.1,1520,42.2,143,0,0,0,0,0,0,50931
1968,L49147,L,297.9,307.6,1589,37.8,120,0,0,0,0,0,0,49147
6979,L54158,L,300.7,311.1,1427,50.3,137,0,0,0,0,0,0,54158
5433,L52612,L,302.8,312.4,1392,46.2,70,0,0,0,0,0,0,52612
8777,L55956,L,297.5,308.6,1352,52.6,12,0,0,0,0,0,0,55956
7804,M22663,M,299.8,311.3,1517,41.2,105,0,0,0,0,0,0,22663
2675,L49854,L,299.7,309.3,1546,37.2,4,0,0,0,0,0,0,49854
6492,L53671,L,300.8,310.0,1468,52.7,178,0,0,0,0,0,0,53671
8450,L55629,L,298.4,309.9,1725,27.8,21,0,0,0,0,0,0,55629
1009,L48188,L,296.2,307.1,1441,41.7,3,0,0,0,0,0,0,48188
2016,L49195,L,298.5,308.2,1301,66.3,42,0,0,1,0,0,1,49195
3680,L50859,L,302.2,311.5,1725,34.0,170,0,0,0,0,0,0,50859
2373,M17232,M,299.3,308.5,1404,49.4,93,0,0,0,0,0,0,17232
6907,M21766,M,301.0,311.5,1530,43.9,165,0,0,0,0,0,0,21766
4581,L51760,L,303.0,311.2,1494,37.0,67,0,0,0,0,0,0,51760
2482,L49661,L,299.0,308.6,1378,47.8,163,0,0,0,0,0,0,49661
4129,L51308,L,301.9,310.4,1708,24.8,17,0,0,0,0,0,0,51308
9846,L57025,L,298.3,309.1,1421,47.4,33,0,0,0,0,0,0,57025
4974,L52153,L,303.8,312.7,1461,38.2,188,0,0,0,0,0,0,52153
564,L47743,L,297.7,309.6,1529,35.2,153,0,0,0,0,0,0,47743
5051,H34464,H,304.0,313.0,1701,30.4,171,0,0,0,0,0,0,34464
8642,M23501,M,297.6,308.5,1360,48.6,77,0,0,0,0,0,0,23501
6632,M21491,M,301.5,310.4,1378,55.3,109,0,0,0,0,0,0,21491
6207,M21066,M,300.8,310.6,1669,28.4,79,0,0,0,0,0,0,21066
4012,L51191,L,302.2,311.1,1447,52.1,174,0,0,0,0,0,0,51191
7055,H36468,H,300.7,310.5,1476,43.1,134,0,0,0,0,0,0,36468
9921,H39334,H,298.5,308.7,1450,43.9,28,0,0,0,0,0,0,39334
8435,M23294,M,298.7,309.9,1654,29.1,195,0,0,0,0,0,0,23294
771,L47950,L,296.8,308.0,1391,54.4,17,0,0,0,0,0,0,47950
6511,L53690,L,301.1,310.2,1455,55.3,9,0,0,0,0,0,0,53690
4484,L51663,L,302.7,310.4,1489,42.7,33,0,0,0,0,0,0,51663
5300,L52479,L,303.7,313.1,1355,49.1,188,0,0,0,0,0,0,52479
3534,L50713,L,302.0,311.0,1563,36.2,8,0,0,0,0,0,0,50713
7507,L54686,L,300.5,311.9,1511,41.8,205,0,0,0,0,0,0,54686
9780,L56959,L,298.8,309.8,1509,36.2,57,0,0,0,0,0,0,56959
8758,L55937,L,297.5,308.8,1587,34.9,166,0,0,0,0,0,0,55937
1859,M16718,M,297.8,307.4,1488,36.1,57,0,0,0,0,0,0,16718
9446,M24305,M,298.2,309.0,1446,45.8,80,0,0,0,0,0,0,24305
6198,L53377,L,300.9,310.8,1493,45.8,57,0,0,0,0,0,0,53377
6173,L53352,L,300.8,310.6,1577,37.9,227,1,0,0,0,0,1,53352
6170,L53349,L,300.7,310.5,1448,38.2,218,0,0,0,0,0,0,53349
9732,L56911,L,298.8,310.0,1389,49.6,149,0,0,0,0,0,0,56911
491,L47670,L,297.4,309.2,1459,37.9,191,0,0,0,0,0,0,47670
7033,L54212,L,300.7,310.9,1723,31.0,73,0,0,0,0,0,0,54212
7564,M22423,M,300.4,311.2,1831,23.4,133,0,0,0,0,0,0,22423
1992,M16851,M,298.2,307.8,1583,36.6,185,0,0,0,0,0,0,16851
186,L47365,L,298.2,308.2,1446,38.2,61,0,0,0,0,0,0,47365
5101,M19960,M,304.2,313.5,1437,47.2,102,0,0,0,0,0,0,19960
3061,L50240,L,300.0,309.1,1882,23.8,84,0,0,0,0,0,0,50240
8005,L55184,L,300.9,312.0,1533,44.0,162,0,0,0,0,0,0,55184
5198,H34611,H,303.8,312.9,1570,35.8,147,0,0,0,0,0,0,34611
3470,M18329,M,301.8,310.7,1429,47.9,53,0,0,0,0,0,0,18329
3585,L50764,L,301.8,310.6,1192,68.9,135,0,0,0,0,0,0,50764
2369,M17228,M,299.3,308.4,1468,42.2,83,0,0,0,0,0,0,17228
7222,H36635,H,299.7,309.6,1433,49.6,129,0,0,0,0,0,0,36635
832,M15691,M,296.6,307.4,1544,42.3,170,0,0,0,0,0,0,15691
5446,M20305,M,303.0,312.8,1648,32.1,104,0,0,0,0,0,0,20305
8746,L55925,L,297.4,308.6,1411,46.3,138,0,0,0,0,0,0,55925
8904,M23763,M,297.4,308.7,1382,49.9,151,0,0,0,0,0,0,23763
9885,L57064,L,298.7,309.5,1673,30.8,141,0,0,0,0,0,0,57064
5100,L52279,L,304.2,313.5,1438,50.1,100,0,0,0,0,0,0,52279
3845,L51024,L,302.4,311.1,1484,45.9,169,0,0,0,0,0,0,51024
4739,M19598,M,303.2,311.4,2102,19.0,5,0,0,0,0,0,0,19598
4087,L51266,L,302.0,310.5,1567,36.1,124,0,0,0,0,0,0,51266
7474,M22333,M,300.3,311.6,1304,62.8,118,0,0,0,0,0,0,22333
7774,L54953,L,300.3,311.4,1759,24.8,34,0,0,0,0,0,0,54953
2648,L49827,L,299.8,309.4,1408,45.6,156,0,0,0,0,0,0,49827
7594,L54773,L,300.5,311.2,1270,67.5,208,0,0,0,1,0,1,54773
2314,M17173,M,299.1,308.8,1725,26.6,172,0,0,0,0,0,0,17173
83,L47262,L,298.9,308.9,1453,40.8,11,0,0,0,0,0,0,47262
9498,H38911,H,299.1,309.9,1443,40.3,0,0,0,0,0,0,0,38911
9929,M24788,M,298.4,308.5,1576,27.4,55,0,0,0,0,0,0,24788
4227,L51406,L,302.1,310.8,1596,37.1,43,0,0,0,0,0,0,51406
7911,M22770,M,300.8,312.2,1664,25.7,150,0,0,0,0,0,0,22770
1964,L49143,L,297.7,307.5,1379,43.3,111,0,0,0,0,0,0,49143
6107,L53286,L,300.9,311.0,1432,48.1,59,0,0,0,0,0,0,53286
397,L47576,L,297.4,308.3,1490,42.6,164,0,0,0,0,0,0,47576
1635,H31048,H,297.9,307.9,1406,58.5,93,0,0,0,0,0,0,31048
4712,M19571,M,303.4,311.7,1515,44.2,168,0,0,0,0,0,0,19571
4381,L51560,L,301.9,309.6,1410,49.0,223,0,0,0,0,0,0,51560
1351,L48530,L,298.7,310.2,1436,47.5,32,0,0,0,0,0,0,48530
3884,M18743,M,302.4,311.4,1534,40.1,41,0,0,0,0,0,0,18743
2247,L49426,L,299.3,308.4,1406,47.4,3,0,0,0,0,0,0,49426
9029,L56208,L,297.4,308.3,1395,48.7,21,0,0,0,0,0,0,56208
4474,L51653,L,302.7,310.5,1551,35.9,6,0,0,0,0,0,0,51653
5267,M20126,M,303.4,312.8,1518,38.7,103,0,0,0,0,0,0,20126
1795,M16654,M,298.1,307.8,1514,43.5,78,0,0,0,0,0,0,16654
6834,L54013,L,301.1,311.1,1387,53.1,188,0,0,0,0,0,0,54013
267,H29680,H,298.0,308.1,1440,43.7,37,0,0,0,0,0,0,29680
4059,M18918,M,302.0,310.9,1456,47.2,54,0,0,0,0,0,0,18918
6796,L53975,L,301.4,310.8,1477,50.4,90,0,0,0,0,0,0,53975
6305,L53484,L,301.1,310.5,1532,37.5,119,0,0,0,0,0,0,53484
9919,L57098,L,298.4,308.8,1352,56.7,24,0,0,0,0,0,0,57098
4786,H34199,H,303.9,312.7,1401,50.0,129,0,0,0,0,0,0,34199
6442,L53621,L,300.7,310.2,1639,31.4,48,0,0,0,0,0,0,53621
289,H29702,H,298.2,308.4,1385,42.2,98,0,0,0,0,0,0,29702
1962,L49141,L,297.8,307.5,1448,51.2,107,0,0,0,0,0,0,49141
2346,L49525,L,299.2,308.4,1475,38.7,22,0,0,0,0,0,0,49525
9691,M24550,M,298.9,310.0,1520,35.6,48,0,0,0,0,0,0,24550
6082,L53261,L,300.9,310.7,1517,41.7,210,0,0,0,0,0,0,53261
5880,L53059,L,301.4,311.0,1701,28.4,127,0,0,0,0,0,0,53059
3606,L50785,L,301.7,310.7,1641,31.9,192,0,0,0,0,0,0,50785
1532,H30945,H,298.1,309.0,1438,41.4,60,0,0,0,0,0,0,30945
5237,L52416,L,303.8,313.1,1394,45.4,36,0,0,0,0,0,0,52416
6607,H36020,H,301.5,310.5,1538,44.3,43,0,0,0,0,0,0,36020
8632,H38045,H,297.3,308.3,1506,37.0,54,0,0,0,0,0,0,38045
2478,L49657,L,298.9,308.5,1387,57.3,154,0,0,0,0,0,0,49657
1649,L48828,L,297.9,307.8,1373,50.2,130,0,0,0,0,0,0,48828
9438,M24297,M,298.1,308.7,1527,43.0,56,0,0,0,0,0,0,24297
815,M15674,M,296.8,307.5,1470,45.9,132,0,0,0,0,0,0,15674
6974,L54153,L,300.7,311.0,1462,41.9,126,0,0,0,0,0,0,54153
1857,M16716,M,297.8,307.4,1752,26.1,52,0,0,0,0,0,0,16716
695,L47874,L,297.6,309.1,1394,50.0,62,0,0,0,0,0,0,47874
1914,M16773,M,298.0,307.8,1492,40.2,197,0,0,0,0,0,0,16773
9726,M24585,M,298.7,309.7,1629,27.9,136,0,0,0,0,0,0,24585
4561,L51740,L,302.7,310.7,1597,41.9,15,0,0,0,0,0,0,51740
4250,L51429,L,302.5,310.9,1330,56.9,97,0,1,0,0,0,1,51429
2122,M16981,M,299.2,308.8,1503,37.4,109,0,0,0,0,0,0,16981
8137,M22996,M,299.6,310.9,1474,39.7,64,0,0,0,0,0,0,22996
6253,L53432,L,300.8,310.3,1538,36.1,198,0,0,0,0,0,0,53432
7322,L54501,L,299.8,310.2,1911,23.5,166,0,0,0,0,0,0,54501
3569,L50748,L,301.8,310.6,1372,54.7,95,0,0,0,0,0,0,50748
2819,L49998,L,300.2,309.5,1729,28.4,131,0,0,0,0,0,0,49998
380,L47559,L,297.3,308.2,1754,26.8,125,0,0,0,0,0,0,47559
9632,L56811,L,299.0,310.0,1672,33.2,144,0,0,0,0,0,0,56811
9770,L56949,L,298.6,309.6,1386,48.6,25,0,0,0,0,0,0,56949
996,L48175,L,296.3,307.3,1566,35.8,175,0,0,0,0,0,0,48175
7078,M21937,M,300.7,310.5,1594,31.0,196,0,0,0,0,0,0,21937
5749,M20608,M,302.2,311.7,1576,34.0,28,0,0,0,0,0,0,20608
4533,H33946,H,302.5,310.4,1422,41.9,156,0,0,0,0,0,0,33946
5168,L52347,L,304.2,313.4,1639,32.7,63,0,0,0,0,0,0,52347
4186,L51365,L,302.2,310.6,1348,48.4,161,0,1,0,0,0,1,51365
9299,L56478,L,298.1,308.9,1313,50.6,108,0,0,0,0,0,0,56478
6124,L53303,L,300.9,310.9,1477,41.5,100,0,0,0,0,0,0,53303
2826,L50005,L,300.3,309.4,1470,33.5,148,0,0,0,0,0,0,50005
9290,L56469,L,298.2,308.9,1367,45.0,85,0,0,0,0,0,0,56469
8378,L55557,L,298.8,309.7,1336,50.3,44,0,0,0,0,0,0,55557
3137,L50316,L,300.4,309.9,1435,54.8,70,0,0,0,0,0,0,50316
4500,H33913,H,302.6,310.3,1721,27.4,79,0,0,0,0,0,0,33913
8179,L55358,L,299.7,311.2,1352,52.1,176,0,0,0,0,0,0,55358
5236,M20095,M,303.7,312.9,1511,41.0,33,0,0,0,0,0,0,20095
8786,L55965,L,297.5,308.6,1694,27.1,36,0,0,0,0,0,0,55965
4396,L51575,L,302.3,310.1,1513,40.4,22,0,0,0,0,0,0,51575
8215,L55394,L,299.2,310.5,1391,45.8,38,0,0,0,0,0,0,55394
2160,M17019,M,299.5,309.0,1602,31.3,210,0,0,0,0,0,0,17019
3417,L50596,L,301.5,310.5,1435,44.6,135,0,0,0,0,0,0,50596
5173,L52352,L,304.2,313.4,1740,28.2,78,0,0,0,0,0,0,52352
5263,L52442,L,303.4,312.8,1449,43.9,94,0,0,0,0,0,0,52442
9960,L57139,L,298.1,307.8,1379,49.1,135,0,0,0,0,0,0,57139
1027,L48206,L,296.4,307.4,1512,36.8,46,0,0,0,0,0,0,48206
5768,M20627,M,301.6,311.2,1415,46.5,82,0,0,0,0,0,0,20627
5740,M20599,M,302.2,311.7,1653,31.4,2,0,0,0,0,0,0,20599
2876,M17735,M,300.5,309.4,1877,23.8,31,0,0,0,0,0,0,17735
7576,L54755,L,300.4,311.2,1471,46.5,164,0,0,0,0,0,0,54755
8589,L55768,L,297.3,307.8,1385,44.4,169,0,0,0,0,0,0,55768
3065,M17924,M,300.1,309.1,1731,30.4,92,0,0,0,0,0,0,17924
3245,M18104,M,301.0,309.6,1397,48.0,135,0,0,0,0,0,0,18104
1324,L48503,L,298.9,310.1,1361,51.7,192,0,0,0,0,0,0,48503
8907,L56086,L,297.3,308.7,1592,34.4,158,0,0,0,0,0,0,56086
5863,L53042,L,301.4,311.0,1470,40.6,86,0,0,0,0,0,0,53042
2604,M17463,M,299.3,309.2,1334,46.3,31,0,0,0,0,0,0,17463
3004,M17863,M,300.6,309.9,1449,42.4,169,0,0,0,0,0,0,17863
8351,M23210,M,298.7,309.6,1382,48.1,186,0,0,0,0,0,0,23210
7379,L54558,L,299.5,310.0,1388,52.4,94,0,0,0,0,0,0,54558
1358,L48537,L,298.6,309.9,1461,45.7,49,0,0,0,0,0,0,48537
8259,L55438,L,299.1,310.6,1602,39.7,144,0,0,0,0,0,0,55438
4163,L51342,L,302.0,310.4,1591,29.8,105,0,0,0,0,0,0,51342
1207,H30620,H,296.9,308.0,1318,53.5,88,0,0,0,0,0,0,30620
6493,M21352,M,300.8,309.9,1444,46.0,180,0,0,0,0,0,0,21352
4241,L51420,L,302.4,311.1,1905,20.9,77,0,0,0,0,0,0,51420
5760,L52939,L,301.8,311.3,1551,35.8,61,0,0,0,0,0,0,52939
520,M15379,M,297.7,309.5,2027,19.8,39,0,0,0,0,0,0,15379
4422,L51601,L,302.6,310.2,1325,62.4,92,0,1,0,0,0,1,51601
2372,L49551,L,299.3,308.5,1409,44.8,91,0,0,0,0,0,0,49551
9437,L56616,L,298.0,308.6,1481,42.5,54,0,0,0,0,0,0,56616
5639,L52818,L,302.6,312.1,1519,38.1,178,0,0,0,0,0,0,52818
2945,L50124,L,300.7,309.6,1505,34.9,7,0,0,0,0,0,0,50124
1811,L48990,L,298.1,307.6,1364,53.8,129,0,0,0,0,0,0,48990
1486,M16345,M,298.1,309.0,1976,19.3,158,0,0,0,0,0,0,16345
7360,M22219,M,299.4,310.0,1512,43.2,47,0,0,0,0,0,0,22219
114,M14973,M,298.8,308.6,1486,41.9,92,0,0,0,0,0,0,14973
8307,M23166,M,298.7,310.1,1549,42.5,61,0,0,0,0,0,0,23166
3647,M18506,M,302.2,311.5,1863,25.7,85,0,0,0,0,0,0,18506
3743,L50922,L,302.4,311.4,1564,35.0,122,0,0,0,0,0,0,50922
495,L47674,L,297.6,309.4,1326,49.8,199,0,0,0,0,0,0,47674
8932,L56111,L,297.4,308.4,1434,39.9,2,0,0,0,0,0,0,56111
6337,L53516,L,300.4,309.8,1395,48.1,201,0,0,0,0,0,0,53516
2653,L49832,L,299.9,309.5,1772,23.5,167,0,0,0,0,0,0,49832
5445,L52624,L,303.0,312.7,2024,19.9,102,0,0,0,0,0,0,52624
3631,L50810,L,302.0,311.2,1845,27.3,45,0,0,0,0,0,0,50810
1447,M16306,M,299.0,310.2,1628,35.8,64,0,0,0,0,0,0,16306
3178,M18037,M,300.2,309.5,1564,33.4,183,0,0,0,0,0,0,18037
5907,L53086,L,300.7,310.3,1533,35.6,198,0,0,0,0,0,0,53086
2450,L49629,L,299.3,308.8,1772,25.2,89,0,0,0,0,0,0,49629
3708,M18567,M,302.1,311.3,1497,38.4,28,0,0,0,0,0,0,18567
4783,L51962,L,303.8,312.5,1368,52.6,123,0,0,0,0,0,0,51962
6083,L53262,L,300.9,310.7,1352,46.4,212,0,0,0,0,0,0,53262
9873,L57052,L,298.9,309.9,1373,52.1,108,0,0,0,0,0,0,57052
4542,L51721,L,302.5,310.4,1427,46.8,179,0,0,0,0,0,0,51721
5064,H34477,H,304.0,312.9,1495,46.6,0,0,0,0,0,0,0,34477
7250,L54429,L,299.9,310.0,1402,44.7,204,0,0,0,0,0,0,54429
5119,M19978,M,304.2,313.6,1512,33.4,146,0,0,0,0,0,0,19978
8014,M22873,M,300.9,312.0,1402,50.7,185,0,0,0,0,0,0,22873
3776,H33189,H,302.5,311.1,1850,23.3,203,0,0,0,0,0,0,33189
4831,L52010,L,303.5,312.0,1756,29.7,28,0,0,0,0,0,0,52010
5139,M19998,M,304.3,313.6,1489,40.3,196,0,0,0,0,0,0,19998
5470,M20329,M,302.7,312.2,1439,42.5,164,0,0,0,0,0,0,20329
5229,M20088,M,303.9,313.1,1343,61.4,14,0,0,0,0,0,0,20088
4174,M19033,M,302.2,310.6,1346,49.2,134,0,1,0,0,0,1,19033
2183,M17042,M,299.5,309.2,1314,61.8,45,0,0,0,0,0,0,17042
7516,M22375,M,300.4,311.9,1335,58.3,9,0,0,0,0,0,0,22375
9867,L57046,L,299.0,309.9,1630,34.0,92,0,0,0,0,0,0,57046
5145,L52324,L,304.4,313.7,1607,33.5,5,0,0,0,0,0,0,52324
192,L47371,L,298.2,308.4,1666,34.6,74,0,0,0,0,0,0,47371
4165,L51344,L,302.2,310.6,1346,47.5,109,0,1,0,0,0,1,51344
7083,L54262,L,300.7,310.3,1458,40.0,207,0,0,0,0,0,0,54262
7813,L54992,L,300.0,311.5,1666,32.0,128,0,0,0,0,0,0,54992
6037,M20896,M,300.6,311.0,1401,54.6,94,0,0,0,0,0,0,20896
8533,L55712,L,298.6,309.4,1315,55.5,28,0,0,0,0,0,0,55712
565,H29978,H,297.6,309.6,1669,32.1,155,0,0,0,0,0,0,29978
6871,H36284,H,301.0,311.3,1597,39.2,66,0,0,0,0,0,0,36284
8300,L55479,L,298.7,310.0,1637,31.8,42,0,0,0,0,0,0,55479
183,M15042,M,298.1,308.2,1342,48.1,54,0,0,0,0,0,0,15042
7122,M21981,M,300.9,310.4,1375,44.7,87,0,0,0,0,0,0,21981
8701,M23560,M,297.3,308.7,1451,43.8,24,0,0,0,0,0,0,23560
6333,M21192,M,300.5,309.9,1994,19.8,189,0,0,0,0,0,0,21192
2959,M17818,M,300.8,309.5,1481,44.5,49,0,0,0,0,0,0,17818
9281,H38694,H,298.2,308.8,1470,43.3,61,0,0,0,0,0,0,38694
9581,M24440,M,299.5,310.7,1423,56.5,7,0,0,0,0,0,0,24440
560,L47739,L,297.5,309.4,1503,40.6,144,0,0,0,0,0,0,47739
6636,L53815,L,301.5,310.5,1534,39.3,119,0,0,0,0,0,0,53815
9541,M24400,M,299.4,310.8,1628,40.2,111,0,0,0,0,0,0,24400
1523,H30936,H,298.2,309.0,1562,37.7,36,0,0,0,0,0,0,30936
61,L47240,L,298.8,309.1,1393,52.6,167,0,0,0,0,0,0,47240
9515,L56694,L,299.0,310.1,1416,45.9,47,0,0,0,0,0,0,56694
5887,L53066,L,301.4,311.1,1494,41.9,142,0,0,0,0,0,0,53066
5668,L52847,L,302.2,311.4,2080,19.2,31,0,0,0,0,0,0,52847
7072,H36485,H,300.7,310.6,1505,40.6,179,0,0,0,0,0,0,36485
6884,L54063,L,300.9,311.3,1953,19.4,107,0,0,0,0,0,0,54063
4835,M19694,M,303.4,311.9,1510,42.2,36,0,0,0,0,0,0,19694
1042,L48221,L,296.6,307.6,1809,25.1,86,0,0,0,0,0,0,48221
8592,L55771,L,297.4,307.9,1606,33.4,176,0,0,0,0,0,0,55771
4942,M19801,M,303.6,312.7,1699,31.5,105,0,0,0,0,0,0,19801
9976,M24835,M,298.6,308.3,1589,34.1,174,0,0,0,0,0,0,24835
329,H29742,H,297.6,308.4,1703,31.4,205,0,0,0,0,0,0,29742
5401,L52580,L,302.7,312.4,1477,46.3,251,0,0,0,1,0,1,52580
8056,H37469,H,300.2,311.6,1496,41.1,60,0,0,0,0,0,0,37469
9407,M24266,M,297.7,308.1,2189,15.6,186,0,0,0,0,0,0,24266
3525,M18384,M,301.8,310.8,1365,48.2,199,0,0,0,0,0,0,18384
7295,L54474,L,300.1,310.6,1809,24.3,97,0,0,0,0,0,0,54474
1116,M15975,M,296.4,307.3,2077,19.1,80,0,0,0,0,0,0,15975
1215,M16074,M,296.8,307.8,1694,33.0,115,0,0,0,0,0,0,16074
9497,M24356,M,299.2,310.0,1349,50.4,226,0,0,0,0,0,0,24356
3581,L50760,L,301.8,310.6,1650,31.9,126,0,0,0,0,0,0,50760
7839,L55018,L,300.2,311.6,1372,49.2,195,0,0,0,0,0,0,55018
111,L47290,L,298.8,308.6,1872,22.5,82,0,0,0,0,0,0,47290
2678,L49857,L,299.8,309.5,1495,39.6,10,0,0,0,0,0,0,49857
207,L47386,L,298.5,308.7,1609,35.3,117,0,0,0,0,0,0,47386
6182,L53361,L,301.0,310.8,1975,19.7,17,0,0,0,0,0,0,53361
4105,L51284,L,302.1,310.5,1389,49.6,169,0,0,0,0,0,0,51284
3971,M18830,M,302.3,311.4,1345,47.6,67,0,0,0,0,0,0,18830
8409,M23268,M,298.5,309.6,1572,33.0,127,0,0,0,0,0,0,23268
6973,L54152,L,300.7,311.0,1377,49.9,124,0,0,0,0,0,0,54152
7191,L54370,L,300.3,310.3,1345,46.3,50,0,0,0,0,0,0,54370
1071,M15930,M,296.9,307.8,1477,37.2,160,0,0,0,0,0,0,15930
6827,L54006,L,301.0,310.9,1822,21.6,168,0,0,0,0,0,0,54006
4518,L51697,L,302.4,310.3,1520,31.6,121,0,0,0,0,0,0,51697
7969,L55148,L,300.9,312.2,1811,23.2,72,0,0,0,0,0,0,55148
5081,L52260,L,304.2,313.3,1410,51.6,47,0,0,0,0,0,0,52260
5757,M20616,M,302.0,311.5,1366,52.3,54,0,0,0,0,0,0,20616
1485,M16344,M,298.0,309.0,1562,39.2,155,0,0,0,0,0,0,16344
2915,H32328,H,300.6,309.6,1888,20.5,133,0,0,0,0,0,0,32328
2455,L49634,L,299.0,308.6,1653,31.7,100,0,0,0,0,0,0,49634
7303,L54482,L,300.1,310.5,1494,44.2,117,0,0,0,0,0,0,54482
2873,L50052,L,300.8,309.6,1680,28.7,22,0,0,0,0,0,0,50052
1251,L48430,L,297.3,308.7,1549,36.1,218,0,0,0,0,0,0,48430
6125,M20984,M,300.9,310.9,1727,30.1,102,0,0,0,0,0,0,20984
2732,M17591,M,299.7,309.2,1597,32.9,135,0,0,0,0,0,0,17591
2752,L49931,L,299.7,309.1,1417,50.1,187,0,0,0,0,0,0,49931
8702,M23561,M,297.3,308.7,1466,38.4,27,0,0,0,0,0,0,23561
9203,L56382,L,297.8,308.8,1548,36.9,64,0,0,0,0,0,0,56382
5953,L53132,L,300.7,310.8,1563,33.8,104,0,0,0,0,0,0,53132
2553,H31966,H,299.3,309.1,1552,40.7,120,0,0,0,0,0,0,31966
5978,L53157,L,300.6,310.7,1750,30.6,171,0,0,0,0,0,0,53157
1887,L49066,L,297.9,307.6,1503,40.7,124,0,0,0,0,0,0,49066
7641,L54820,L,300.4,311.3,1608,35.1,114,0,0,0,0,0,0,54820
8882,H38295,H,298.0,309.2,1520,37.9,89,0,0,0,0,0,0,38295
4794,H34207,H,303.6,312.6,1498,40.2,155,0,0,0,0,0,0,34207
1924,L49103,L,298.0,307.7,1529,34.1,11,0,0,0,0,0,0,49103
8784,M23643,M,297.6,308.6,1254,45.8,31,0,0,0,0,0,0,23643
1144,L48323,L,297.0,307.9,1479,39.2,151,0,0,0,0,0,0,48323
8047,L55226,L,300.6,311.8,1471,41.4,39,0,0,0,0,0,0,55226
9615,M24474,M,299.1,310.3,1441,43.9,94,0,0,0,0,0,0,24474
2055,M16914,M,299.6,309.4,1605,29.8,142,0,0,0,0,0,0,16914
2978,L50157,L,300.4,309.3,1413,50.3,101,0,0,0,0,0,0,50157
18,M14877,M,298.7,309.2,1410,45.6,47,0,0,0,0,0,0,14877
4041,L51220,L,302.0,310.8,1767,27.4,11,0,0,0,0,0,0,51220
3284,L50463,L,301.2,309.9,1449,45.5,23,0,0,0,0,0,0,50463
1717,L48896,L,298.1,307.7,1523,37.7,80,0,0,0,0,0,0,48896
6603,L53782,L,301.5,310.6,1374,46.7,32,0,0,0,0,0,0,53782
350,L47529,L,297.6,308.3,1595,34.3,41,0,0,0,0,0,0,47529
814,L47993,L,296.8,307.6,1513,40.0,130,0,0,0,0,0,0,47993
8791,L55970,L,297.4,308.5,1410,43.9,47,0,0,0,0,0,0,55970
1360,L48539,L,298.7,310.2,1404,50.3,54,0,0,0,0,0,0,48539
6044,M20903,M,300.7,310.9,1468,41.8,112,0,0,0,0,0,0,20903
9063,L56242,L,297.2,308.3,1576,35.3,113,0,0,0,0,0,0,56242
9196,L56375,L,297.9,309.0,1532,37.6,47,0,0,0,0,0,0,56375
8323,L55502,L,298.7,309.6,1364,44.9,106,0,0,0,0,0,0,55502
9093,L56272,L,297.3,308.1,1568,34.4,194,0,0,0,0,0,0,56272
2707,M17566,M,299.6,309.1,1560,37.1,73,0,0,0,0,0,0,17566
5071,M19930,M,304.2,313.1,1608,31.1,20,0,0,0,0,0,0,19930
6783,L53962,L,301.3,310.8,1531,53.4,57,0,0,0,0,0,0,53962
1535,L48714,L,298.0,308.8,1757,29.1,71,0,0,0,0,0,0,48714
5000,M19859,M,303.7,312.9,1532,41.3,32,0,0,0,0,0,0,19859
7270,M22129,M,300.4,310.5,1540,33.4,32,0,0,0,0,0,0,22129
9298,M24157,M,298.1,308.9,1479,43.4,105,0,0,0,0,0,0,24157
8930,M23789,M,297.4,308.4,1620,35.8,215,0,0,0,0,0,0,23789
9212,M24071,M,298.0,309.0,1409,49.1,85,0,0,0,0,0,0,24071
9360,M24219,M,298.1,308.7,1581,47.4,51,0,0,0,0,0,0,24219
3517,L50696,L,302.0,311.1,1402,47.8,182,0,0,0,0,0,0,50696
1551,L48730,L,298.4,308.9,1638,32.4,109,0,0,0,0,0,0,48730
6119,M20978,M,300.9,311.1,1325,61.4,88,0,0,0,0,0,0,20978
4719,L51898,L,303.3,311.6,1337,56.8,187,0,1,0,0,0,1,51898
8048,L55227,L,300.6,311.9,1463,38.2,41,0,0,0,0,0,0,55227
7734,L54913,L,300.6,312.0,1481,40.9,132,0,0,0,0,0,0,54913
9943,L57122,L,298.4,308.1,1375,50.8,94,0,0,0,0,0,0,57122
933,L48112,L,295.6,306.0,1363,50.0,14,0,0,0,0,0,0,48112
9972,H39385,H,298.5,308.2,1563,44.6,163,0,0,0,0,0,0,39385
8910,L56089,L,297.1,308.4,1529,40.4,165,0,0,0,0,0,0,56089
3371,L50550,L,301.4,310.7,1584,32.2,17,0,0,0,0,0,0,50550
1956,L49135,L,297.9,307.7,1308,55.2,87,0,0,0,0,0,0,49135
4933,L52112,L,303.3,312.1,1418,44.7,83,0,0,0,0,0,0,52112
8102,L55281,L,300.3,311.8,1567,37.7,180,0,0,0,0,0,0,55281
4491,L51670,L,302.5,310.4,1967,20.3,50,0,0,0,0,0,0,51670
1570,M16429,M,298.1,308.2,1654,35.3,155,0,0,0,0,0,0,16429
1902,M16761,M,297.9,307.6,1505,40.1,166,0,0,0,0,0,0,16761
3695,M18554,M,302.1,311.3,1511,45.0,204,0,0,0,0,0,0,18554
8577,L55756,L,297.6,308.3,1523,39.5,137,0,0,0,0,0,0,55756
5223,L52402,L,303.9,313.1,1665,29.6,0,0,0,0,0,0,0,52402
2792,H32205,H,300.4,309.6,1416,43.3,66,0,0,0,0,0,0,32205
5726,M20585,M,302.3,311.8,1557,34.1,185,0,0,0,0,0,0,20585
6996,M21855,M,300.6,310.7,1705,31.2,181,0,0,0,0,0,0,21855
9140,L56319,L,297.5,308.5,1536,36.9,108,0,0,0,0,0,0,56319
4228,L51407,L,302.2,310.8,1383,46.9,45,0,0,0,0,0,0,51407
4670,M19529,M,303.3,311.5,1373,47.3,60,0,1,0,0,0,1,19529
6964,H36377,H,300.7,311.0,1981,19.9,99,0,0,0,0,0,0,36377
9496,H38909,H,299.3,310.0,1373,44.8,221,0,0,0,0,0,0,38909
8624,M23483,M,297.5,308.3,1476,45.6,31,0,0,0,0,0,0,23483
2324,M17183,M,299.2,308.7,1401,47.0,198,0,0,0,0,0,0,17183
8076,L55255,L,300.4,312.0,1366,43.0,117,0,0,0,0,0,0,55255
4191,H33604,H,302.4,310.9,1444,40.7,174,0,0,0,0,0,0,33604
1757,M16616,M,298.1,307.4,1363,60.1,187,0,0,0,0,0,0,16616
5012,M19871,M,303.7,312.8,1634,33.8,63,0,0,0,0,0,0,19871
1160,L48339,L,297.0,307.8,1609,35.6,193,0,0,0,0,0,0,48339
5797,L52976,L,301.7,311.1,1399,55.1,156,0,0,0,0,0,0,52976
3298,L50477,L,301.2,310.3,1548,38.6,59,0,0,0,0,0,0,50477
1396,L48575,L,299.1,310.4,1452,39.7,151,0,0,0,0,0,0,48575
3506,L50685,L,301.6,310.8,1726,26.7,150,0,0,0,0,0,0,50685
1259,L48438,L,297.5,308.9,1427,50.4,17,0,0,0,0,0,0,48438
6235,L53414,L,301.2,310.8,1479,41.2,155,0,0,0,0,0,0,53414
1690,L48869,L,297.9,307.5,1561,37.7,16,0,0,0,0,0,0,48869
8073,H37486,H,300.5,312.0,1375,43.2,108,0,0,0,0,0,0,37486
7387,M22246,M,299.8,310.6,1574,31.8,113,0,0,0,0,0,0,22246
8851,L56030,L,297.6,309.0,1491,43.2,7,0,0,0,0,0,0,56030
2936,M17795,M,300.8,309.7,1680,28.2,189,0,0,0,0,0,0,17795
604,L47783,L,297.9,309.8,1336,71.6,31,0,0,1,0,0,1,47783
1202,L48381,L,296.9,308.0,1658,41.0,74,0,0,0,0,0,0,48381
6429,M21288,M,300.2,309.8,1743,24.1,18,0,0,0,0,0,0,21288
2429,M17288,M,299.0,308.3,1377,47.2,35,0,0,0,0,0,0,17288
2637,L49816,L,299.9,309.6,1254,61.3,124,0,0,0,0,0,0,49816
265,L47444,L,298.1,308.2,1390,47.5,33,0,0,0,0,0,0,47444
3812,M18671,M,302.1,310.7,1608,30.3,81,0,0,0,0,0,0,18671
3871,L51050,L,302.7,311.8,1461,46.1,10,0,0,0,0,0,0,51050
9365,L56544,L,297.9,308.5,1683,28.5,63,0,0,0,0,0,0,56544
698,M15557,M,297.6,308.8,1453,39.7,69,0,0,0,0,0,0,15557
9129,M23988,M,297.5,308.6,1486,45.9,78,0,0,0,0,0,0,23988
890,L48069,L,295.6,306.1,1389,46.2,113,0,0,0,0,0,0,48069
5489,L52668,L,302.7,312.2,1450,52.1,213,0,0,0,1,0,1,52668
5773,L52952,L,301.6,311.3,1706,29.9,93,0,0,0,0,0,0,52952
3043,M17902,M,300.2,309.4,1459,43.9,39,0,0,0,0,0,0,17902
4054,M18913,M,301.9,310.9,2305,16.1,42,0,0,0,0,0,0,18913
4495,H33908,H,302.6,310.4,1649,30.1,62,0,0,0,0,0,0,33908
112,H29525,H,298.7,308.6,1499,43.5,84,0,0,0,0,0,0,29525
8159,L55338,L,299.6,310.8,1400,40.8,118,0,0,0,0,0,0,55338
8685,L55864,L,297.2,308.5,1588,40.4,190,0,0,0,0,0,0,55864
6838,M21697,M,301.0,311.0,1423,38.6,199,0,0,0,0,0,0,21697
3173,M18032,M,300.3,309.6,1488,41.3,172,0,0,0,0,0,0,18032
7658,L54837,L,300.5,311.6,1661,30.0,158,0,0,0,0,0,0,54837
6585,L53764,L,301.5,310.5,1372,44.0,203,0,0,0,0,0,0,53764
2292,M17151,M,299.5,308.8,1886,20.9,117,0,0,0,0,0,0,17151
6410,L53589,L,300.3,310.0,1560,40.8,182,0,0,0,0,0,0,53589
5986,L53165,L,300.7,310.7,1314,42.4,198,0,0,0,0,0,0,53165
48,L47227,L,298.8,309.1,1418,46.3,133,0,0,0,0,0,0,47227
8298,M23157,M,298.8,310.2,1595,33.1,34,0,0,0,0,0,0,23157
9322,L56501,L,298.4,309.2,1335,53.5,168,0,0,0,0,0,0,56501
8147,L55326,L,299.6,310.9,1533,31.8,91,0,0,0,0,0,0,55326
8824,M23683,M,297.3,308.8,1447,57.4,134,0,0,0,0,0,0,23683
7818,H37231,H,299.8,311.3,1785,25.4,139,0,0,0,0,0,0,37231
9334,L56513,L,298.5,309.0,1450,40.5,199,0,0,0,0,0,0,56513
8288,L55467,L,298.9,310.6,1585,38.1,7,0,0,0,0,0,0,55467
6386,L53565,L,300.1,309.7,1410,48.3,118,0,0,0,0,0,0,53565
8686,H38099,H,297.2,308.5,1524,41.4,192,0,0,0,0,0,0,38099
860,H30273,H,296.2,307.0,1542,40.6,28,0,0,0,0,0,0,30273
3962,M18821,M,302.2,311.4,1642,32.1,42,0,0,0,0,0,0,18821
185,L47364,L,298.2,308.2,1667,30.6,59,0,0,0,0,0,0,47364
3826,H33239,H,302.2,310.7,1413,48.9,114,0,0,0,0,0,0,33239
7930,M22789,M,300.6,311.6,1669,29.2,200,0,0,0,0,0,0,22789
6380,L53559,L,300.1,309.7,1485,45.9,100,0,0,0,0,0,0,53559
5562,M20421,M,302.3,311.7,1341,46.3,194,0,0,0,0,0,0,20421
4972,L52151,L,303.8,312.7,1838,27.8,181,0,0,0,0,0,0,52151
512,L47691,L,297.5,309.3,1479,39.4,22,0,0,0,0,0,0,47691
1161,H30574,H,297.0,307.7,1834,23.8,195,0,0,0,0,0,0,30574
6000,M20859,M,300.4,310.2,1671,30.5,234,1,0,0,0,0,1,20859
7120,L54299,L,301.0,310.5,1378,44.4,83,0,0,0,0,0,0,54299
7607,M22466,M,300.4,311.3,1350,56.5,31,0,0,0,0,0,0,22466
4099,L51278,L,302.0,310.3,1648,29.6,157,0,0,0,0,0,0,51278
4477,L51656,L,302.6,310.4,1415,52.1,12,0,0,0,0,0,0,51656
1673,L48852,L,298.1,307.8,1432,49.8,198,0,0,0,0,0,0,48852
8820,H38233,H,297.4,308.7,1349,48.9,120,0,0,0,0,0,0,38233
8018,L55197,L,301.0,312.0,1518,39.3,196,0,0,0,0,0,0,55197
8798,L55977,L,297.2,308.3,1569,31.2,63,0,0,0,0,0,0,55977
8638,L55817,L,297.5,308.5,1459,39.7,69,0,0,0,0,0,0,55817
1095,L48274,L,296.9,307.5,1354,44.4,16,0,0,0,0,0,0,48274
727,M15586,M,297.4,308.8,1628,37.4,144,0,0,0,0,0,0,15586
5999,M20858,M,300.4,310.2,1613,36.9,231,0,0,0,0,0,0,20858
5382,L52561,L,302.8,312.4,1651,27.0,200,0,0,0,0,0,0,52561
1882,L49061,L,298.0,307.6,1548,45.8,111,0,0,0,0,0,0,49061
8329,L55508,L,298.6,309.5,1325,52.2,127,0,0,0,0,0,0,55508
4502,L51681,L,302.5,310.2,1307,54.0,86,0,1,0,0,0,1,51681
8874,H38287,H,298.0,309.1,1557,36.4,65,0,0,0,0,0,0,38287
438,L47617,L,297.3,308.3,1538,38.5,47,0,0,0,0,0,0,47617
5834,L53013,L,301.3,311.2,1457,44.5,14,0,0,0,0,0,0,53013
723,L47902,L,297.5,308.9,1427,44.7,135,0,0,0,0,0,0,47902
8013,M22872,M,300.9,312.0,1375,56.1,182,0,0,0,0,0,0,22872
5350,M20209,M,303.3,312.7,1642,33.6,104,0,0,0,0,0,0,20209
3424,L50603,L,301.4,310.4,1496,35.2,153,0,0,0,0,0,0,50603
7015,H36428,H,300.5,310.5,1403,47.7,24,0,0,0,0,0,0,36428
2847,L50026,L,300.3,309.2,1412,44.8,200,0,0,0,0,0,0,50026
5044,L52223,L,304.1,313.2,1468,39.4,148,0,0,0,0,0,0,52223
1559,M16418,M,298.2,308.3,1476,43.5,129,0,0,0,0,0,0,16418
5956,L53135,L,300.7,310.8,1653,31.6,111,0,0,0,0,0,0,53135
864,L48043,L,296.0,306.7,1416,44.2,46,0,0,0,0,0,0,48043
2381,L49560,L,299.0,308.1,1242,60.9,117,0,0,0,0,0,0,49560
6729,L53908,L,301.5,310.9,1891,23.2,122,0,0,0,0,0,0,53908
2974,M17833,M,300.6,309.3,1510,46.0,87,0,0,0,0,0,0,17833
712,L47891,L,297.5,308.7,1443,46.2,110,0,0,0,0,0,0,47891
7486,L54665,L,300.3,311.6,1595,38.8,154,0,0,0,0,0,0,54665
5645,L52824,L,302.5,312.0,1383,51.3,190,0,0,0,0,0,0,52824
7104,H36517,H,300.8,310.3,1777,30.1,38,0,0,0,0,0,0,36517
9589,H39002,H,299.3,310.4,1510,45.5,27,0,0,0,0,0,0,39002
2020,M16879,M,298.7,308.5,1660,27.0,50,0,0,0,0,0,0,16879
3732,M18591,M,302.2,311.2,1377,43.0,91,0,0,0,0,0,0,18591
9049,M23908,M,297.3,308.4,1370,50.5,71,0,0,0,0,0,0,23908
4426,L51605,L,302.5,310.2,1547,36.9,103,0,0,0,0,0,0,51605
761,L47940,L,296.7,307.8,1505,39.4,236,0,0,0,0,0,0,47940
7531,M22390,M,300.1,311.4,1617,39.3,47,0,0,0,0,0,0,22390
7049,L54228,L,300.6,310.4,2007,19.8,116,0,0,0,0,0,0,54228
879,M15738,M,295.7,306.3,1685,34.9,84,0,0,0,0,0,0,15738
1522,M16381,M,298.2,308.9,1585,34.3,33,0,0,0,0,0,0,16381
9183,M24042,M,297.8,309.0,1576,45.0,17,0,0,0,0,0,0,24042
4286,L51465,L,301.7,309.9,1317,49.0,187,0,1,0,0,0,1,51465
2295,L49474,L,299.4,308.8,1627,32.6,124,0,0,0,0,0,0,49474
4971,L52150,L,303.8,312.6,1565,36.0,179,0,0,0,0,0,0,52150
4372,L51551,L,302.0,309.8,1480,40.0,199,0,0,0,0,0,0,51551
3022,L50201,L,300.5,309.8,1421,49.6,211,0,0,0,0,0,0,50201
8062,M22921,M,300.2,311.6,1465,41.4,78,0,0,0,0,0,0,22921
4397,H33810,H,302.3,310.1,1383,42.9,24,0,0,0,0,0,0,33810
1995,M16854,M,298.2,307.9,1403,45.1,193,0,0,0,0,0,0,16854
8890,M23749,M,297.7,308.8,2089,19.1,111,0,0,0,0,0,0,23749
3630,L50809,L,302.1,311.3,1415,44.1,43,0,0,0,0,0,0,50809
8297,L55476,L,298.9,310.3,1436,39.0,32,0,0,0,0,0,0,55476
9749,M24608,M,298.9,310.1,1441,41.2,189,0,0,0,0,0,0,24608
8552,M23411,M,298.2,309.1,1457,49.0,77,0,0,0,0,0,0,23411
8464,M23323,M,298.7,309.9,1411,45.1,51,0,0,0,0,0,0,23323
430,L47609,L,297.5,308.6,1208,62.3,28,0,0,0,0,0,0,47609
5457,M20316,M,303.1,312.6,1567,32.9,132,0,0,0,0,0,0,20316
1370,M16229,M,298.7,310.3,1481,41.5,83,0,0,0,0,0,0,16229
409,M15268,M,297.4,308.6,1434,44.4,193,0,0,0,0,0,0,15268
4635,L51814,L,303.0,311.2,1755,30.4,205,0,0,0,0,0,0,51814
9538,M24397,M,299.3,310.6,1457,42.1,104,0,0,0,0,0,0,24397
4389,L51568,L,302.0,309.8,1701,27.2,4,0,0,0,0,0,0,51568
6338,M21197,M,300.4,309.8,1435,43.6,203,0,0,0,0,0,0,21197
7119,L54298,L,300.9,310.5,1565,35.9,81,0,0,0,0,0,0,54298
7114,L54293,L,300.9,310.4,1561,32.7,67,0,0,0,0,0,0,54293
4011,M18870,M,302.1,311.1,1605,37.6,171,0,0,0,0,0,0,18870
7522,M22381,M,300.2,311.6,1467,40.7,23,0,0,0,0,0,0,22381
7553,L54732,L,300.3,311.3,1525,40.7,105,0,0,0,0,0,0,54732
1126,M15985,M,296.7,307.8,1375,51.4,108,0,0,0,0,0,0,15985
6247,H35660,H,300.8,310.3,1457,46.8,182,0,0,0,0,0,0,35660
1986,L49165,L,298.1,307.7,1537,40.8,169,0,0,0,0,0,0,49165
4638,M19497,M,303.1,311.3,1847,24.7,212,0,0,0,0,0,0,19497
1220,M16079,M,296.9,308.1,1357,41.8,127,0,0,0,0,0,0,16079
8819,M23678,M,297.4,308.7,1481,48.0,117,0,0,0,0,0,0,23678
591,L47770,L,297.5,309.4,1517,36.7,233,0,0,0,0,0,0,47770
5184,M20043,M,303.9,313.0,1901,22.5,110,0,0,0,0,0,0,20043
5593,L52772,L,302.5,311.9,1437,46.7,65,0,0,0,0,0,0,52772
3189,M18048,M,300.1,309.2,1438,51.0,211,0,0,0,0,0,0,18048
3459,L50638,L,301.5,310.4,1329,46.6,24,0,0,0,0,0,0,50638
339,L47518,L,297.5,308.2,1563,38.2,15,0,0,0,0,0,0,47518
1230,L48409,L,297.1,308.4,1304,53.5,153,0,0,0,0,0,0,48409
3388,M18247,M,301.6,310.8,1290,65.3,63,0,0,0,0,0,0,18247
3881,L51060,L,302.5,311.6,1595,29.5,35,0,0,0,0,0,0,51060
2656,M17515,M,299.8,309.4,1751,27.0,173,0,0,0,0,0,0,17515
6896,M21755,M,301.0,311.6,1357,45.6,137,0,0,0,0,0,0,21755
8397,H37810,H,298.6,309.6,1593,33.3,95,0,0,0,0,0,0,37810
5380,L52559,L,302.9,312.4,1446,41.7,196,0,0,0,0,0,0,52559
6019,M20878,M,300.8,310.9,1557,31.6,52,0,0,0,0,0,0,20878
2344,L49523,L,299.1,308.3,1305,61.4,17,0,0,0,0,0,0,49523
5353,M20212,M,303.4,312.8,1590,36.3,113,0,0,0,0,0,0,20212
6278,L53457,L,301.2,310.8,1461,40.6,47,0,0,0,0,0,0,53457
2817,L49996,L,300.1,309.4,1434,47.3,127,0,0,0,0,0,0,49996
777,L47956,L,296.7,307.8,1468,39.2,35,0,0,0,0,0,0,47956
3951,L51130,L,302.3,311.4,1570,37.2,15,0,0,0,0,0,0,51130
9353,L56532,L,298.2,308.7,1780,27.9,35,0,0,0,0,0,0,56532
8052,L55231,L,300.6,311.8,1652,27.2,52,0,0,0,0,0,0,55231
4247,L51426,L,302.6,311.0,1537,35.5,91,0,0,0,0,0,0,51426
6785,M21644,M,301.3,310.7,1391,52.5,61,0,0,0,0,0,0,21644
3183,M18042,M,300.1,309.3,1443,50.3,196,0,0,0,0,0,0,18042
522,L47701,L,297.5,309.4,1497,35.8,44,0,0,0,0,0,0,47701
9250,L56429,L,298.3,309.0,1657,32.2,179,0,0,0,0,0,0,56429
2131,L49310,L,299.4,309.0,1391,58.2,135,0,0,0,0,0,0,49310
2688,L49867,L,299.9,309.4,1348,52.8,31,0,0,0,0,0,0,49867
9937,H39350,H,298.3,308.2,1534,33.2,75,0,0,0,0,0,0,39350
2665,M17524,M,299.9,309.4,1487,42.2,198,0,0,0,0,0,0,17524
1855,M16714,M,297.6,307.2,1470,42.6,44,0,0,0,0,0,0,16714
8176,M23035,M,299.9,311.3,1445,41.2,169,0,0,0,0,0,0,23035
4326,L51505,L,301.6,310.2,1384,57.1,68,0,0,0,0,0,0,51505
7406,M22265,M,299.8,310.8,1530,35.2,163,0,0,0,0,0,0,22265
3490,L50669,L,301.9,310.9,1542,36.7,101,0,0,0,0,0,0,50669
3980,L51159,L,302.3,311.3,1439,41.8,96,0,0,0,0,0,0,51159
372,L47551,L,297.5,308.4,1604,38.1,106,0,0,0,0,0,0,47551
9755,M24614,M,298.5,309.7,1552,34.0,205,0,0,0,0,0,0,24614
4632,L51811,L,303.0,311.2,1383,44.6,198,0,0,0,0,0,0,51811
557,L47736,L,297.5,309.4,1357,50.1,137,0,0,0,0,0,0,47736
2222,L49401,L,299.6,309.0,1372,60.4,149,0,0,0,0,0,0,49401
6939,L54118,L,300.7,311.2,1452,44.4,33,0,0,0,0,0,0,54118
3614,L50793,L,301.7,310.9,1557,39.4,2,0,0,0,0,0,0,50793
1187,L48366,L,297.3,308.4,1417,47.8,31,0,0,0,0,0,0,48366
2841,H32254,H,300.4,309.4,1487,38.9,185,0,0,0,0,0,0,32254
69,L47248,L,298.8,308.9,1527,32.4,189,0,0,0,0,0,0,47248
1770,L48949,L,298.4,307.9,1981,23.2,16,0,0,0,0,0,0,48949
4584,M19443,M,302.9,311.2,1467,37.7,73,0,0,0,0,0,0,19443
2689,L49868,L,299.9,309.4,1322,53.9,33,0,0,0,0,0,0,49868
5068,M19927,M,304.2,313.2,1396,50.5,11,0,0,0,0,0,0,19927
223,L47402,L,298.4,308.6,1304,45.0,158,0,0,0,0,0,0,47402
8952,L56131,L,297.3,308.1,1763,28.4,54,0,0,0,0,0,0,56131
6478,L53657,L,300.5,309.7,1841,24.6,143,0,0,0,0,0,0,53657
1398,L48577,L,299.1,310.2,1569,38.2,155,0,0,0,0,0,0,48577
2787,M17646,M,300.2,309.5,1630,28.3,51,0,0,0,0,0,0,17646
50,M14909,M,298.9,309.2,1412,44.1,140,0,0,0,0,0,0,14909
5679,M20538,M,302.2,311.7,1584,36.2,63,0,0,0,0,0,0,20538
5388,L52567,L,302.8,312.2,1433,50.0,216,0,0,0,0,0,0,52567
8496,L55675,L,298.3,309.4,1668,27.1,136,0,0,0,0,0,0,55675
9738,L56917,L,298.9,310.0,1791,27.6,166,0,0,0,0,0,0,56917
9591,M24450,M,299.2,310.4,1325,52.0,34,0,0,0,0,0,0,24450
489,L47668,L,297.4,309.2,1584,42.8,186,0,0,0,0,0,0,47668
3224,H32637,H,300.6,309.5,1495,36.5,79,0,0,0,0,0,0,32637
9986,H39399,H,298.7,308.5,1572,35.6,202,0,0,0,0,0,0,39399
9186,L56365,L,297.9,309.1,1442,50.3,24,0,0,0,0,0,0,56365
7352,L54531,L,299.7,310.2,1458,43.4,28,0,0,0,0,0,0,54531
4233,L51412,L,302.2,310.9,1452,42.3,56,0,0,0,0,0,0,51412
7048,L54227,L,300.6,310.4,1401,42.6,114,0,0,0,0,0,0,54227
9079,L56258,L,297.3,308.1,1566,35.7,156,0,0,0,0,0,0,56258
3127,L50306,L,300.0,309.4,1499,35.7,46,0,0,0,0,0,0,50306
1787,L48966,L,298.4,308.2,1618,33.0,61,0,0,0,0,0,0,48966
8595,L55774,L,297.4,308.0,1356,51.9,184,0,0,0,0,0,0,55774
4310,M19169,M,301.3,309.9,1501,39.5,27,0,0,0,0,0,0,19169
2762,L49941,L,299.8,309.3,1299,65.1,212,0,0,0,1,0,1,49941
3617,M18476,M,301.8,311.1,1413,42.2,9,0,0,0,0,0,0,18476
2511,L49690,L,299.1,309.0,1405,53.8,18,0,0,0,0,0,0,49690
3455,L50634,L,301.5,310.4,1918,21.8,9,0,0,0,0,0,0,50634
7684,L54863,L,300.7,311.7,1524,43.5,222,0,0,0,0,0,0,54863
9640,L56819,L,299.3,310.4,1725,26.8,167,0,0,0,0,0,0,56819
8217,L55396,L,299.2,310.6,1370,61.9,42,0,0,0,0,0,0,55396
9256,L56435,L,298.2,309.0,1651,31.5,197,0,0,0,0,0,0,56435
7892,L55071,L,300.8,312.5,1517,39.2,107,0,0,0,0,0,0,55071
2126,L49305,L,299.3,308.9,1258,69.4,119,0,0,1,0,0,1,49305
4487,M19346,M,302.6,310.5,1965,20.2,40,0,0,0,0,0,0,19346
8790,L55969,L,297.4,308.5,1471,43.9,45,0,0,0,0,0,0,55969
3087,L50266,L,300.0,309.2,1610,32.1,150,0,0,0,0,0,0,50266
611,L47790,L,298.1,310.0,1534,33.7,47,0,0,0,0,0,0,47790
2354,L49533,L,299.2,308.4,1841,22.8,40,0,0,0,0,0,0,49533
3984,L51163,L,302.2,311.3,1389,46.9,106,0,0,0,0,0,0,51163
5456,M20315,M,303.1,312.6,1895,23.5,129,0,0,0,0,0,0,20315
5920,L53099,L,300.6,310.3,1414,50.6,25,0,0,0,0,0,0,53099
5495,L52674,L,302.8,312.4,1368,49.5,10,0,0,0,0,0,0,52674
8721,L55900,L,297.3,308.8,1554,36.1,70,0,0,0,0,0,0,55900
1778,H31191,H,298.6,308.2,1555,36.8,36,0,0,0,0,0,0,31191
6990,M21849,M,300.7,311.1,1608,35.3,167,0,0,0,0,0,0,21849
4887,L52066,L,303.8,312.5,1372,45.7,180,0,0,0,0,0,0,52066
2855,L50034,L,300.5,309.3,1470,40.8,219,0,0,0,0,0,0,50034
3497,L50676,L,301.9,310.9,1309,48.0,124,0,0,0,0,0,0,50676
8929,L56108,L,297.4,308.4,1531,41.5,213,0,0,0,0,0,0,56108
1043,L48222,L,296.6,307.6,1542,37.4,88,0,0,0,0,0,0,48222
187,L47366,L,298.1,308.3,1301,56.0,63,0,0,0,0,0,0,47366
7871,M22730,M,300.6,312.1,1293,52.3,49,0,0,0,0,0,0,22730
549,L47728,L,297.4,309.3,1332,53.2,115,0,0,0,0,0,0,47728
7390,L54569,L,299.8,310.6,1707,32.5,124,0,0,0,0,0,0,54569
2640,M17499,M,299.8,309.4,1412,47.8,130,0,0,0,0,0,0,17499
3768,L50947,L,302.3,311.1,1630,35.6,183,0,0,0,0,0,0,50947
5608,M20467,M,302.9,312.2,1745,25.5,98,0,0,0,0,0,0,20467
3835,M18694,M,302.3,311.1,1295,57.1,146,0,0,0,0,0,0,18694
1504,L48683,L,298.0,308.7,1771,26.2,206,0,0,0,0,0,0,48683
1832,M16691,M,297.8,307.3,1315,54.0,180,0,0,0,0,0,0,16691
6090,L53269,L,300.9,310.7,1509,37.5,12,0,0,0,0,0,0,53269
9243,M24102,M,298.2,308.7,1269,60.9,163,0,0,0,0,0,0,24102
1712,L48891,L,298.2,307.8,1355,51.3,70,0,0,0,0,0,0,48891
5123,H34536,H,304.2,313.5,1684,29.8,156,0,0,0,0,0,0,34536
837,L48016,L,296.6,307.4,1368,45.1,185,0,0,0,0,0,0,48016
8180,L55359,L,299.8,311.3,1560,35.4,178,0,0,0,0,0,0,55359
5093,M19952,M,303.9,313.2,1608,40.6,79,0,0,0,0,0,0,19952
8941,H38354,H,297.3,308.3,1935,19.3,24,0,0,0,0,0,0,38354
1268,M16127,M,298.1,309.6,1549,38.7,43,0,0,0,0,0,0,16127
8398,L55577,L,298.5,309.6,1724,26.4,100,0,0,0,0,0,0,55577
8831,H38244,H,297.3,308.7,1430,42.8,153,0,0,0,0,0,0,38244
7898,L55077,L,300.8,312.5,1434,50.7,121,0,0,0,0,0,0,55077
1200,M16059,M,296.9,307.9,1979,20.4,68,0,0,0,0,0,0,16059
1996,L49175,L,298.3,308.0,1451,47.1,196,0,0,0,0,0,0,49175
7362,L54541,L,299.5,310.0,1502,38.5,52,0,0,0,0,0,0,54541
1455,L48634,L,299.1,310.4,1428,46.9,87,0,0,0,0,0,0,48634
8187,L55366,L,299.7,311.0,1827,25.4,194,0,0,0,0,0,0,55366
2476,L49655,L,298.9,308.5,1459,43.1,147,0,0,0,0,0,0,49655
8139,L55318,L,299.5,310.8,1356,54.9,72,0,0,0,0,0,0,55318
9991,L57170,L,298.8,308.5,1527,36.2,3,0,0,0,0,0,0,57170
5616,M20475,M,303.0,312.2,1257,71.3,122,0,0,1,0,0,1,20475
226,L47405,L,298.3,308.5,1362,53.8,164,0,0,0,0,0,0,47405
486,M15345,M,297.4,309.0,1685,30.7,177,0,0,0,0,0,0,15345
3996,L51175,L,302.3,311.3,1621,31.6,135,0,0,0,0,0,0,51175
219,L47398,L,298.3,308.6,1447,38.1,146,0,0,0,0,0,0,47398
8358,L55537,L,298.5,309.5,1385,46.3,203,1,0,0,0,0,1,55537
5843,L53022,L,301.4,311.2,1355,50.6,37,0,0,0,0,0,0,53022
1091,L48270,L,296.9,307.7,1464,41.4,6,0,0,0,0,0,0,48270
6712,L53891,L,301.5,310.7,1426,46.1,81,0,0,0,0,0,0,53891
8722,L55901,L,297.2,308.7,1669,30.7,72,0,0,0,0,0,0,55901
9787,M24646,M,298.7,309.6,1738,27.3,79,0,0,0,0,0,0,24646
8554,M23413,M,298.1,309.0,1661,38.2,82,0,0,0,0,0,0,23413
652,L47831,L,297.6,309.1,1503,38.9,157,0,0,0,0,0,0,47831
4083,L51262,L,302.0,310.4,1568,39.2,112,0,0,0,0,0,0,51262
123,L47302,L,299.0,308.8,1310,50.7,112,0,0,0,0,0,0,47302
6254,L53433,L,300.9,310.4,1615,30.9,200,0,0,0,0,0,0,53433
5817,L52996,L,301.3,311.0,1582,35.6,202,0,0,0,0,0,0,52996
9776,M24635,M,298.6,309.5,1684,27.8,44,0,0,0,0,0,0,24635
7824,L55003,L,300.0,311.3,1484,53.2,158,0,0,0,0,0,0,55003
7521,L54700,L,300.2,311.6,1529,35.5,21,0,0,0,0,0,0,54700
764,L47943,L,296.7,307.8,1400,47.5,3,0,0,0,0,0,0,47943
4452,L51631,L,302.5,310.3,1549,40.9,170,0,0,0,0,0,0,51631
449,L47628,L,297.5,308.6,1552,44.9,77,0,0,0,0,0,0,47628
3095,L50274,L,300.0,309.3,1972,22.0,175,0,0,0,0,0,0,50274
4097,L51276,L,301.9,310.4,1370,51.7,153,0,1,0,0,0,1,51276
3942,L51121,L,302.2,311.4,1987,19.9,200,0,0,0,0,0,0,51121
1245,L48424,L,297.1,308.4,1726,28.4,202,0,0,0,0,0,0,48424
4512,L51691,L,302.5,310.2,1454,43.0,108,0,0,0,0,0,0,51691
4153,M19012,M,302.0,310.5,1425,44.7,76,0,0,0,0,0,0,19012
8599,L55778,L,297.6,308.3,1478,42.3,193,0,0,0,0,0,0,55778
4550,L51729,L,302.6,310.6,1549,37.5,199,0,0,0,0,0,0,51729
3715,M18574,M,302.3,311.4,1855,23.9,43,0,0,0,0,0,0,18574
6881,M21740,M,300.9,311.3,1801,24.6,100,0,0,0,0,0,0,21740
1021,L48200,L,296.3,307.3,1372,57.7,33,0,0,0,0,0,0,48200
5494,L52673,L,302.8,312.4,1376,57.1,8,0,0,0,0,0,0,52673
5824,L53003,L,301.2,311.0,1544,39.3,217,0,0,0,0,0,0,53003
632,L47811,L,298.4,310.0,1554,37.3,103,0,0,0,0,0,0,47811
2053,L49232,L,299.5,309.3,1477,40.4,138,0,0,0,0,0,0,49232
3902,H33315,H,302.2,311.1,1553,34.1,89,0,0,0,0,0,0,33315
5836,L53015,L,301.3,311.2,1668,30.1,18,0,0,0,0,0,0,53015
2778,L49957,L,300.1,309.4,1464,41.7,30,0,0,0,0,0,0,49957
3449,L50628,L,301.6,310.6,1478,36.6,218,0,0,0,0,0,0,50628
7766,H37179,H,300.3,311.6,1427,56.2,8,0,0,0,0,0,0,37179
9646,L56825,L,299.4,310.5,1749,28.1,179,0,0,0,0,0,0,56825
72,L47251,L,298.9,309.1,1452,45.5,196,0,0,0,0,0,0,47251
9246,L56425,L,298.3,308.9,1708,27.3,170,0,0,0,0,0,0,56425
6752,M21611,M,301.7,311.0,1505,37.1,190,0,0,0,0,0,0,21611
4687,M19546,M,303.5,311.6,1562,34.2,107,0,0,0,0,0,0,19546
9659,L56838,L,299.0,309.9,1548,34.5,214,0,0,0,0,0,0,56838
80,L47259,L,298.8,308.9,1402,37.9,2,0,0,0,0,0,0,47259
4729,L51908,L,303.4,311.7,1406,47.1,213,0,0,0,0,0,0,51908
4189,M19048,M,302.3,310.8,1611,31.8,169,0,0,0,0,0,0,19048
5620,L52799,L,303.0,312.3,1932,21.9,132,0,0,0,0,0,0,52799
9103,L56282,L,297.3,308.3,1494,38.2,14,0,0,0,0,0,0,56282
3047,M17906,M,300.2,309.4,1501,40.0,48,0,0,0,0,0,0,17906
364,L47543,L,297.6,308.3,1438,47.8,84,0,0,0,0,0,0,47543
3331,L50510,L,301.7,310.8,1385,50.7,133,0,0,0,0,0,0,50510
8985,L56164,L,297.1,307.8,1406,60.4,133,0,0,0,0,0,0,56164
820,L47999,L,296.8,307.6,1398,46.7,144,0,0,0,0,0,0,47999
2137,L49316,L,299.2,308.9,1588,41.5,150,0,0,0,0,0,0,49316
4169,L51348,L,302.2,310.6,1632,30.5,122,0,0,0,0,0,0,51348
2576,L49755,L,299.5,309.3,1422,49.2,179,0,0,0,0,0,0,49755
6714,L53893,L,301.3,310.6,1416,45.2,88,0,0,0,0,0,0,53893
4930,L52109,L,303.5,312.4,1340,44.5,76,0,0,0,0,0,0,52109
6634,M21493,M,301.5,310.5,1737,29.3,114,0,0,0,0,0,0,21493
3,L47182,L,298.1,308.5,1498,49.4,5,0,0,0,0,0,0,47182
165,M15024,M,298.5,308.3,1440,43.6,5,0,0,0,0,0,0,15024
504,M15363,M,297.6,309.2,1442,48.1,0,0,0,0,0,0,0,15363
4349,L51528,L,301.9,309.8,1507,44.7,131,0,0,0,0,0,0,51528
4122,M18981,M,302.1,310.7,1364,47.8,213,0,1,0,0,0,1,18981
6879,H36292,H,300.9,311.2,1518,35.0,90,0,0,0,0,0,0,36292
7598,L54777,L,300.5,311.0,2074,18.9,9,0,0,0,0,0,0,54777
747,L47926,L,296.8,308.1,1289,62.0,199,0,0,0,1,0,1,47926
8765,L55944,L,297.4,308.8,1620,33.4,186,0,0,0,0,0,0,55944
938,L48117,L,295.6,306.2,1263,61.8,27,0,0,0,0,0,0,48117
1373,M16232,M,298.8,310.3,1573,41.8,91,0,0,0,0,0,0,16232
6308,L53487,L,301.0,310.3,1617,34.5,126,0,0,0,0,0,0,53487
1129,M15988,M,296.8,307.9,1843,25.2,116,0,0,0,0,0,0,15988
96,M14955,M,299.0,309.0,1351,52.2,44,0,0,0,0,0,0,14955
613,L47792,L,298.1,309.9,1563,32.8,51,0,0,0,0,0,0,47792
5812,L52991,L,301.3,311.1,1454,40.3,191,0,0,0,0,0,0,52991
8625,H38038,H,297.5,308.4,1490,39.7,34,0,0,0,0,0,0,38038
806,M15665,M,297.0,307.9,1412,47.4,112,0,0,0,0,0,0,15665
3384,H32797,H,301.4,310.6,1674,33.6,49,0,0,0,0,0,0,32797
5311,L52490,L,303.8,313.0,1427,43.0,0,0,0,0,0,0,0,52490
8559,M23418,M,298.3,309.0,1505,41.3,93,0,0,0,0,0,0,23418
2069,M16928,M,299.7,309.6,1534,39.1,176,0,0,0,0,0,0,16928
386,M15245,M,297.6,308.6,1414,45.4,138,0,0,0,0,0,0,15245
4593,L51772,L,302.9,311.1,1555,33.9,96,0,0,0,0,0,0,51772
8605,L55784,L,297.4,308.2,1297,52.1,211,0,0,0,0,0,0,55784
3904,H33317,H,302.2,311.1,1476,39.6,96,0,0,0,0,0,0,33317
9699,L56878,L,298.8,309.8,1663,28.2,67,0,0,0,0,0,0,56878
7595,L54774,L,300.6,311.3,1531,38.5,0,0,0,0,0,0,0,54774
907,M15766,M,295.6,306.1,1462,49.2,158,0,0,0,0,0,0,15766
9698,M24557,M,298.8,309.8,1413,45.5,64,0,0,0,0,0,0,24557
4998,M19857,M,303.6,312.8,2659,11.4,26,0,0,1,0,0,1,19857
4148,L51327,L,301.9,310.3,1398,44.0,65,0,0,0,0,0,0,51327
6230,L53409,L,301.3,310.9,2165,17.4,143,0,0,0,0,0,0,53409
3578,M18437,M,301.6,310.4,1455,39.0,118,0,0,0,0,0,0,18437
3977,H33390,H,302.3,311.4,1372,46.0,86,0,0,0,0,0,0,33390
3108,M17967,M,299.8,309.1,1456,39.4,209,0,0,0,0,0,0,17967
8732,H38145,H,297.2,308.6,1486,46.6,98,0,0,0,0,0,0,38145
8988,L56167,L,297.2,307.9,1580,35.8,140,0,0,0,0,0,0,56167
5735,L52914,L,302.3,311.8,1369,56.2,208,0,0,0,1,0,1,52914
9704,L56883,L,298.9,310.0,1422,43.6,78,0,0,0,0,0,0,56883
5330,L52509,L,303.7,313.0,1456,45.5,51,0,0,0,0,0,0,52509
6381,L53560,L,300.2,309.8,1430,55.0,102,0,0,0,0,0,0,53560
5874,M20733,M,301.5,311.1,1396,43.5,112,0,0,0,0,0,0,20733
1372,M16231,M,298.7,310.3,1495,38.7,88,0,0,0,0,0,0,16231
8117,L55296,L,300.3,311.8,2004,19.6,12,0,0,0,0,0,0,55296
1747,L48926,L,298.4,308.0,1526,41.1,162,0,0,0,0,0,0,48926
6748,M21607,M,301.8,311.1,1597,29.8,177,0,0,0,0,0,0,21607
5876,M20735,M,301.5,311.0,1577,39.7,118,0,0,0,0,0,0,20735
2982,H32395,H,300.4,309.4,1530,40.4,112,0,0,0,0,0,0,32395
4176,L51355,L,302.3,310.7,1612,33.4,139,0,0,0,0,0,0,51355
176,L47355,L,298.2,308.1,1382,43.5,37,0,0,0,0,0,0,47355
4287,M19146,M,301.7,309.9,1434,47.9,189,0,0,0,0,0,0,19146
6697,L53876,L,301.7,310.9,1636,31.3,42,0,0,0,0,0,0,53876
694,L47873,L,297.7,309.1,1477,38.3,60,0,0,0,0,0,0,47873
2201,L49380,L,299.8,309.1,1546,35.6,93,0,0,0,0,0,0,49380
5058,L52237,L,303.8,312.9,1367,49.9,192,0,0,0,0,0,0,52237
2304,L49483,L,299.2,308.5,1374,53.6,143,0,0,0,0,0,0,49483
8100,L55279,L,300.2,311.7,1603,30.5,176,0,0,0,0,0,0,55279
9839,L57018,L,298.4,309.2,1425,45.5,11,0,0,0,0,0,0,57018
5095,M19954,M,304.1,313.5,1470,45.8,85,0,0,0,0,0,0,19954
1113,M15972,M,296.5,307.4,1350,55.6,69,0,0,0,0,0,0,15972
271,H29684,H,298.0,308.0,1520,39.6,51,0,0,0,0,0,0,29684
3541,L50720,L,301.9,310.9,1574,31.4,27,0,0,0,0,0,0,50720
5962,L53141,L,300.3,310.7,1539,32.3,123,0,0,0,0,0,0,53141
8003,M22862,M,300.9,312.1,1851,23.0,156,0,0,0,0,0,0,22862
4132,L51311,L,301.9,310.3,1485,46.3,24,0,0,0,0,0,0,51311
5893,L53072,L,301.4,311.1,1472,44.5,159,0,0,0,0,0,0,53072
6072,M20931,M,300.9,310.8,1452,43.6,185,0,0,0,0,0,0,20931
8946,L56125,L,297.4,308.2,1639,33.8,39,0,0,0,0,0,0,56125
7030,L54209,L,300.6,310.6,1454,39.7,67,0,0,0,0,0,0,54209
8335,M23194,M,298.8,309.7,1459,47.3,141,0,0,0,0,0,0,23194
596,M15455,M,297.6,309.6,1330,53.1,7,0,0,0,0,0,0,15455
2634,L49813,L,300.1,309.8,1532,39.8,115,0,0,0,0,0,0,49813
1446,L48625,L,299.0,310.1,1618,29.2,62,0,0,0,0,0,0,48625
9074,L56253,L,297.2,308.1,1689,31.2,145,0,0,0,0,0,0,56253
7196,M22055,M,300.1,310.1,1443,49.3,61,0,0,0,0,0,0,22055
828,L48007,L,296.5,307.3,1501,42.1,162,0,0,0,0,0,0,48007
9932,L57111,L,298.3,308.3,1432,46.9,65,0,0,0,0,0,0,57111
444,H29857,H,297.4,308.5,1469,45.1,63,0,0,0,0,0,0,29857
4977,L52156,L,303.7,312.7,1359,56.8,194,0,0,0,1,0,1,52156
190,M15049,M,298.3,308.4,1539,43.4,69,0,0,0,0,0,0,15049
3089,M17948,M,300.0,309.1,1624,30.8,155,0,0,0,0,0,0,17948
4312,M19171,M,301.5,310.1,1468,40.8,32,0,0,0,0,0,0,19171
2484,M17343,M,298.9,308.7,1402,49.8,167,0,0,0,0,0,0,17343
4222,L51401,L,301.9,310.6,1467,39.3,32,0,0,0,0,0,0,51401
7125,M21984,M,300.8,310.3,1868,24.5,95,0,0,0,0,0,0,21984
7716,L54895,L,300.5,311.5,1302,49.6,80,0,0,0,0,0,0,54895
6621,M21480,M,301.6,310.7,1791,23.8,81,0,0,0,0,0,0,21480
8388,L55567,L,298.8,309.9,1351,47.2,73,0,0,0,0,0,0,55567
5054,L52233,L,303.8,312.9,1514,34.3,180,0,0,0,0,0,0,52233
1290,M16149,M,298.6,309.7,1635,32.2,110,0,0,0,0,0,0,16149
6642,L53821,L,301.5,310.5,1702,28.7,135,0,0,0,0,0,0,53821
4713,L51892,L,303.4,311.8,1564,35.9,171,0,0,0,0,0,0,51892
7614,L54793,L,300.5,311.3,1475,46.3,49,0,0,0,0,0,0,54793
6833,M21692,M,301.1,311.1,1384,42.5,185,0,0,0,0,0,0,21692
8407,M23266,M,298.4,309.5,1344,45.3,122,0,0,0,0,0,0,23266
1632,L48811,L,298.0,308.0,1433,39.2,87,0,0,0,0,0,0,48811
3083,M17942,M,300.0,309.3,1407,43.9,138,0,0,0,0,0,0,17942
4565,L51744,L,302.8,310.8,1516,39.5,23,0,0,0,0,0,0,51744
2256,L49435,L,299.1,308.3,1559,33.7,30,0,0,0,0,0,0,49435
9633,M24492,M,299.0,310.0,1337,57.4,146,0,0,0,0,0,0,24492
7711,M22570,M,300.5,311.4,1390,51.9,68,0,0,0,0,0,0,22570
4399,M19258,M,302.3,310.1,1563,37.8,31,0,0,0,0,0,0,19258
1337,L48516,L,298.9,310.3,1583,32.6,230,0,0,0,0,0,0,48516
1531,L48710,L,298.1,309.0,1497,40.5,58,0,0,0,0,0,0,48710
4501,L51680,L,302.6,310.4,1638,36.2,84,0,0,0,0,0,0,51680
4024,L51203,L,302.1,311.0,1364,50.0,205,0,0,0,0,0,0,51203
6870,L54049,L,301.0,311.2,1412,42.1,64,0,0,0,0,0,0,54049
8978,M23837,M,296.9,307.5,1556,31.2,116,0,0,0,0,0,0,23837
3320,L50499,L,301.4,310.4,1689,30.6,110,0,0,0,0,0,0,50499
1226,H30639,H,297.1,308.3,1492,41.5,141,0,0,0,0,0,0,30639
1950,M16809,M,298.1,308.0,1543,41.9,73,0,0,0,0,0,0,16809
189,L47368,L,298.3,308.5,1606,33.6,67,0,0,0,0,0,0,47368
1412,L48591,L,298.9,310.1,1944,23.4,192,0,0,0,0,0,0,48591
7662,L54841,L,300.5,311.6,1575,32.5,168,0,0,0,0,0,0,54841
6291,L53470,L,301.0,310.5,1932,21.7,79,0,0,0,0,0,0,53470
7431,M22290,M,300.0,311.4,1384,46.1,7,0,0,0,0,0,0,22290
4886,H34299,H,303.8,312.5,1748,25.1,175,0,0,0,0,0,0,34299
6385,H35798,H,300.1,309.6,1463,45.1,113,0,0,0,0,0,0,35798
6089,L53268,L,300.9,310.8,1476,39.0,10,0,0,0,0,0,0,53268
5194,H34607,H,304.0,313.1,1408,39.8,132,0,0,0,0,0,0,34607
5870,L53049,L,301.5,311.1,2076,18.7,103,0,0,0,0,0,0,53049
7623,M22482,M,300.6,311.6,1473,31.5,69,0,0,0,0,0,0,22482
2785,L49964,L,300.2,309.6,1430,52.7,47,0,0,0,0,0,0,49964
4966,M19825,M,303.8,312.7,1364,49.3,167,0,0,0,0,0,0,19825
713,L47892,L,297.5,308.7,1453,37.6,112,0,0,0,0,0,0,47892
4938,L52117,L,303.4,312.3,1540,38.7,96,0,0,0,0,0,0,52117
3002,L50181,L,300.5,309.8,1445,43.9,164,0,0,0,0,0,0,50181
8692,L55871,L,297.1,308.5,1555,36.2,0,0,0,0,0,0,0,55871
588,H30001,H,297.6,309.5,1623,33.1,224,0,0,0,0,0,0,30001
2988,M17847,M,300.6,309.8,1659,28.9,127,0,0,0,0,0,0,17847
1121,H30534,H,296.6,307.7,1654,31.0,91,0,0,0,0,0,0,30534
6106,M20965,M,300.8,310.9,1522,46.2,56,0,0,0,0,0,0,20965
2291,M17150,M,299.5,308.7,1321,51.9,114,0,0,0,0,0,0,17150
4671,L51850,L,303.2,311.4,1610,35.5,63,0,0,0,0,0,0,51850
1492,M16351,M,298.1,308.9,1353,46.2,173,0,0,0,0,0,0,16351
1697,L48876,L,297.9,307.6,1550,39.0,35,0,0,0,0,0,0,48876
5840,M20699,M,301.4,311.2,1541,36.3,28,0,0,0,0,0,0,20699
3918,L51097,L,302.6,311.7,1542,34.1,137,0,0,0,0,0,0,51097
4263,L51442,L,302.6,311.0,2001,20.7,137,0,0,0,0,0,0,51442
6049,M20908,M,300.9,311.0,1556,38.8,127,0,0,0,0,0,0,20908
5214,M20073,M,303.7,312.6,1429,43.3,189,0,0,0,0,0,0,20073
9091,M23950,M,297.2,307.9,1747,29.0,188,0,0,0,0,0,0,23950
4463,L51642,L,302.7,310.5,1263,67.8,197,0,1,0,1,0,1,51642
7212,L54391,L,299.8,309.7,1431,40.3,101,0,0,0,0,0,0,54391
5312,H34725,H,303.7,312.9,1460,49.8,2,0,0,0,0,0,0,34725
8848,L56027,L,297.5,308.9,1443,43.5,0,0,0,0,0,0,0,56027
7452,L54631,L,300.3,311.8,1508,43.1,57,0,0,0,0,0,0,54631
7428,L54607,L,300.0,311.4,1634,31.9,0,0,0,0,0,0,0,54607
348,L47527,L,297.5,308.3,1544,40.8,37,0,0,0,0,0,0,47527
8796,L55975,L,297.3,308.4,1459,39.4,59,0,0,0,0,0,0,55975
9683,L56862,L,299.1,310.0,1394,46.6,27,0,0,0,0,0,0,56862
6274,L53453,L,301.2,310.8,1711,28.9,38,0,0,0,0,0,0,53453
4195,L51374,L,302.4,311.0,1423,46.2,186,0,0,0,0,0,0,51374
6840,L54019,L,301.2,311.2,1558,34.1,204,0,0,0,0,0,0,54019
2459,L49638,L,299.0,308.6,1434,45.9,108,0,0,0,0,0,0,49638
2539,L49718,L,299.1,308.8,1429,50.1,84,0,0,0,0,0,0,49718
7676,L54855,L,300.5,311.6,1447,45.4,204,0,0,0,0,0,0,54855
4234,M19093,M,302.2,310.9,1302,53.4,58,0,0,0,0,0,0,19093
3544,L50723,L,301.8,310.9,1449,36.5,33,0,0,0,0,0,0,50723
5098,L52277,L,304.2,313.4,1457,49.4,96,0,0,0,0,0,0,52277
7394,M22253,M,299.7,310.5,1594,35.4,134,0,0,0,0,0,0,22253
2627,L49806,L,299.7,309.4,1650,29.8,93,0,0,0,0,0,0,49806
8530,M23389,M,298.5,309.4,1522,47.4,20,0,0,0,0,0,0,23389
4529,L51708,L,302.5,310.5,1507,39.5,147,0,0,0,0,0,0,51708
7208,M22067,M,299.7,309.6,1540,34.4,91,0,0,0,0,0,0,22067
8469,H37882,H,298.6,309.7,1463,39.1,66,0,0,0,0,0,0,37882
7210,L54389,L,299.8,309.7,1624,34.2,96,0,0,0,0,0,0,54389
8396,M23255,M,298.5,309.5,1483,44.8,92,0,0,0,0,0,0,23255
5290,M20149,M,303.9,313.3,1507,34.3,161,0,0,0,0,0,0,20149
8736,L55915,L,297.3,308.6,1358,47.6,110,0,0,0,0,0,0,55915
8121,L55300,L,300.2,311.6,1767,26.4,20,0,0,0,0,0,0,55300
9170,L56349,L,297.7,308.8,1896,24.5,186,0,0,0,0,0,0,56349
662,M15521,M,297.6,309.0,1427,45.6,179,0,0,0,0,0,0,15521
9751,L56930,L,298.7,310.0,1555,32.6,197,0,0,0,0,0,0,56930
9748,L56927,L,298.8,310.1,1481,47.4,187,0,0,0,0,0,0,56927
5658,L52837,L,302.3,311.5,1794,26.1,7,0,0,0,0,0,0,52837
113,M14972,M,298.8,308.7,1498,39.5,89,0,0,0,0,0,0,14972
9505,L56684,L,299.2,310.3,1440,47.0,21,0,0,0,0,0,0,56684
7361,L54540,L,299.5,310.1,1585,35.2,50,0,0,0,0,0,0,54540
9896,L57075,L,298.8,309.4,1387,54.1,171,0,0,0,0,0,0,57075
8221,M23080,M,298.9,310.3,1551,35.2,50,0,0,0,0,0,0,23080
5538,L52717,L,302.4,311.8,1648,30.0,122,0,0,0,0,0,0,52717
4733,L51912,L,303.3,311.7,1539,38.5,221,0,0,0,0,0,0,51912
7366,L54545,L,299.6,310.1,2057,20.4,60,0,0,0,0,0,0,54545
9034,L56213,L,297.4,308.2,1386,41.0,35,0,0,0,0,0,0,56213
9768,L56947,L,298.6,309.6,1563,35.0,21,0,0,0,0,0,0,56947
1821,L49000,L,298.1,307.5,1493,43.7,153,0,0,0,0,0,0,49000
2462,M17321,M,298.9,308.6,1517,39.8,114,0,0,0,0,0,0,17321
8961,L56140,L,297.3,307.9,1797,24.7,75,0,0,0,0,0,0,56140
602,L47781,L,297.9,309.7,2194,16.8,27,0,0,0,0,0,0,47781
6495,L53674,L,300.6,309.7,1617,33.2,185,0,0,0,0,0,0,53674
6904,M21763,M,301.0,311.6,1609,35.8,156,0,0,0,0,0,0,21763
7014,M21873,M,300.4,310.4,1544,36.3,21,0,0,0,0,0,0,21873
9916,M24775,M,298.5,308.7,1662,28.3,15,0,0,0,0,0,0,24775
6468,L53647,L,300.4,309.7,1692,27.4,115,0,0,0,0,0,0,53647
5525,L52704,L,302.6,311.9,1633,30.9,89,0,0,0,0,0,0,52704
7573,L54752,L,300.3,311.1,1676,28.6,158,0,0,0,0,0,0,54752
7935,M22794,M,300.8,311.9,1621,28.3,211,0,0,0,0,0,0,22794
3363,L50542,L,301.4,310.6,1445,43.9,210,0,0,0,0,0,0,50542
8716,L55895,L,297.1,308.6,1442,37.1,59,0,0,0,0,0,0,55895
1333,L48512,L,299.0,310.3,1868,24.0,221,0,0,0,0,0,0,48512
5305,L52484,L,303.9,313.1,1425,49.3,199,0,0,0,0,0,0,52484
5413,L52592,L,302.9,312.6,1328,59.9,24,0,0,0,0,0,0,52592
6866,L54045,L,301.1,311.4,1531,38.7,55,0,0,0,0,0,0,54045
7907,L55086,L,300.9,312.4,1372,51.0,142,0,0,0,0,0,0,55086
5469,L52648,L,302.8,312.3,1764,29.9,162,0,0,0,0,0,0,52648
7252,M22111,M,300.2,310.3,1448,40.1,209,0,0,0,0,0,0,22111
7381,L54560,L,299.6,310.2,1743,24.8,99,0,0,0,0,0,0,54560
5117,L52296,L,304.2,313.8,1401,53.9,142,0,0,0,0,0,0,52296
9027,M23886,M,297.5,308.4,1685,28.1,15,0,0,0,0,0,0,23886
4703,L51882,L,303.6,311.8,1222,66.8,148,0,1,0,0,0,1,51882
9694,L56873,L,298.9,310.0,1693,28.8,56,0,0,0,0,0,0,56873
9162,M24021,M,297.5,308.5,1612,30.0,163,0,0,0,0,0,0,24021
212,L47391,L,298.5,308.7,1575,33.9,128,0,0,0,0,0,0,47391
3441,L50620,L,301.3,310.3,1460,41.5,197,0,0,0,0,0,0,50620
1254,L48433,L,297.5,308.8,1309,57.3,0,0,0,0,0,0,0,48433
6898,L54077,L,301.0,311.6,1352,63.5,143,0,0,0,0,0,0,54077
3803,M18662,M,302.2,310.9,1488,44.2,57,0,0,0,0,0,0,18662
4017,L51196,L,302.1,310.9,1658,30.3,186,0,0,0,0,0,0,51196
8433,L55612,L,298.8,310.0,1537,39.9,190,0,0,0,0,0,0,55612
7523,L54702,L,300.1,311.5,1334,54.0,26,0,0,0,0,0,0,54702
6400,M21259,M,300.1,309.6,1501,38.0,157,0,0,0,0,0,0,21259
2979,H32392,H,300.5,309.4,1642,36.2,103,0,0,0,0,0,0,32392
4226,L51405,L,302.1,310.7,1359,49.3,41,0,1,0,0,0,1,51405
3939,L51118,L,302.5,311.5,1603,32.4,194,0,0,0,0,0,0,51118
3968,M18827,M,302.3,311.4,1479,45.6,59,0,0,0,0,0,0,18827
9335,L56514,L,298.4,308.9,1402,44.8,201,0,0,0,0,0,0,56514
545,M15404,M,297.5,309.4,1831,26.6,105,0,0,0,0,0,0,15404
5491,L52670,L,302.6,312.1,1288,68.5,0,0,0,1,0,0,1,52670
5681,M20540,M,302.2,311.6,1386,50.5,69,0,0,0,0,0,0,20540
7668,L54847,L,300.6,311.7,1528,43.9,185,0,0,0,0,0,0,54847
5496,H34909,H,302.9,312.5,1357,55.0,12,0,0,0,0,1,0,34909
892,L48071,L,295.7,306.1,1408,47.9,117,0,0,0,0,0,0,48071
968,M15827,M,295.9,306.6,1532,38.6,104,0,0,0,0,0,0,15827
9097,L56276,L,297.2,308.1,1712,30.9,204,0,0,0,0,0,0,56276
9641,L56820,L,299.4,310.5,1514,36.1,169,0,0,0,0,0,0,56820
6158,L53337,L,301.1,311.2,1774,29.6,186,0,0,0,0,0,0,53337
1517,L48696,L,298.2,308.9,1278,54.0,18,0,0,0,0,0,0,48696
3343,L50522,L,301.5,310.8,1382,52.4,165,0,0,0,0,0,0,50522
8236,M23095,M,299.2,310.6,1443,50.9,85,0,0,0,0,0,0,23095
758,L47937,L,296.9,308.1,1555,33.7,229,0,0,0,0,0,0,47937
4742,L51921,L,303.2,311.3,1393,52.9,12,0,0,0,0,0,0,51921
7925,H37338,H,300.7,311.9,1389,46.5,186,0,0,0,0,0,0,37338
782,L47961,L,296.8,308.0,1675,29.7,46,0,0,0,0,0,0,47961
5197,H34610,H,303.9,313.0,1517,36.0,142,0,0,0,0,0,0,34610
5640,L52819,L,302.6,312.1,1668,28.7,180,0,0,0,0,1,0,52819
937,M15796,M,295.6,306.1,1418,46.2,24,0,0,0,0,0,0,15796
8829,L56008,L,297.3,308.7,1587,35.8,148,0,0,0,0,0,0,56008
5232,L52411,L,303.8,313.1,1458,42.2,25,0,0,0,0,0,0,52411
3328,M18187,M,301.5,310.6,2432,14.2,126,0,0,0,0,0,0,18187
5565,L52744,L,302.4,311.8,1416,46.1,202,0,0,0,0,0,0,52744
8112,M22971,M,300.4,311.8,1553,33.1,209,1,0,0,0,0,1,22971
4765,M19624,M,303.7,312.0,1402,48.6,76,0,0,0,0,0,0,19624
1325,M16184,M,298.8,310.1,1243,74.5,194,0,0,1,1,0,1,16184
6404,L53583,L,300.1,309.6,1649,33.6,168,0,0,0,0,0,0,53583
3545,M18404,M,301.9,310.9,1483,37.0,35,0,0,0,0,0,0,18404
2872,M17731,M,300.7,309.6,1536,37.2,19,0,0,0,0,0,0,17731
2290,L49469,L,299.4,308.7,1504,37.8,112,0,0,0,0,0,0,49469
5140,M19999,M,304.4,313.6,1510,38.9,199,0,0,0,0,0,0,19999
8444,M23303,M,298.6,309.9,1668,32.3,6,0,0,0,0,0,0,23303
8768,L55947,L,297.5,308.6,1380,53.5,192,0,0,0,0,0,0,55947
9614,L56793,L,299.0,310.2,1377,62.5,92,0,0,1,0,0,1,56793
4435,L51614,L,302.4,310.1,1556,32.9,132,0,0,0,0,0,0,51614
4610,L51789,L,303.0,311.2,1456,44.0,142,0,0,0,0,0,0,51789
6010,L53189,L,300.6,310.6,1931,22.0,24,0,0,0,0,0,0,53189
9337,L56516,L,298.5,308.9,1725,31.9,205,0,0,0,0,0,0,56516
7906,M22765,M,300.8,312.4,1465,43.7,139,0,0,0,0,0,0,22765
5944,L53123,L,300.7,310.7,1541,41.3,82,0,0,0,0,0,0,53123
2109,H31522,H,299.4,309.0,1415,51.7,62,0,0,0,0,0,0,31522
6948,M21807,M,300.7,311.3,1562,37.1,58,0,0,0,0,0,0,21807
1451,M16310,M,299.0,310.3,1447,39.9,78,0,0,0,0,0,0,16310
6732,L53911,L,301.6,310.9,1385,51.2,132,0,0,0,0,0,0,53911
9936,L57115,L,298.4,308.3,1452,48.5,73,0,0,0,0,0,0,57115
317,L47496,L,297.8,308.4,1714,33.2,177,0,0,0,0,0,0,47496
4899,H34312,H,303.6,312.4,1460,53.7,214,0,0,0,0,0,0,34312
8684,L55863,L,297.2,308.5,1447,47.9,188,0,0,0,0,0,0,55863
6662,M21521,M,301.3,310.4,1501,39.8,187,0,0,0,0,0,0,21521
714,L47893,L,297.4,308.6,1439,46.4,114,0,0,0,0,0,0,47893
7130,L54309,L,300.6,310.0,1635,31.0,107,0,0,0,0,0,0,54309
6488,H35901,H,300.6,309.8,1541,36.2,166,0,0,0,0,0,0,35901
4,L47183,L,298.2,308.6,1433,39.5,7,0,0,0,0,0,0,47183
8114,L55293,L,300.4,311.7,1459,45.6,3,0,0,0,0,0,0,55293
9326,M24185,M,298.6,309.3,1510,40.8,177,0,0,0,0,0,0,24185
7093,L54272,L,300.7,310.2,1493,35.9,10,0,0,0,0,0,0,54272
4784,L51963,L,303.7,312.5,1641,36.0,125,0,0,0,0,0,0,51963
4125,L51304,L,302.1,310.6,1385,53.6,5,0,0,0,0,0,0,51304
6889,M21748,M,300.9,311.4,1434,45.4,118,0,0,0,0,0,0,21748
5502,L52681,L,302.7,312.1,1543,37.5,33,0,0,0,0,0,0,52681
3360,L50539,L,301.5,310.6,1525,41.9,204,0,0,0,0,0,0,50539
6002,M20861,M,300.4,310.2,1380,47.3,5,0,0,0,0,0,0,20861
7020,L54199,L,300.8,310.8,1741,27.1,39,0,0,0,0,0,0,54199
3488,M18347,M,301.8,310.8,1508,38.8,96,0,0,0,0,0,0,18347
5228,L52407,L,303.9,313.1,1440,41.1,12,0,0,0,0,0,0,52407
5074,M19933,M,304.0,313.0,1454,46.8,30,0,0,0,0,0,0,19933
6027,L53206,L,300.7,311.0,1403,48.3,70,0,0,0,0,0,0,53206
5976,H35389,H,300.5,310.7,1654,28.6,161,0,0,0,0,0,0,35389
6562,L53741,L,301.5,310.7,1596,35.4,150,0,0,0,0,0,0,53741
3829,M18688,M,302.3,310.8,1762,27.8,127,0,0,0,0,0,0,18688
7572,L54751,L,300.3,311.1,1606,30.9,156,0,0,0,0,0,0,54751
6528,L53707,L,301.2,310.4,1516,44.4,53,0,0,0,0,0,0,53707
2215,H31628,H,299.7,309.2,1355,44.8,127,0,0,0,0,0,0,31628
3026,L50205,L,300.5,309.6,1366,50.2,219,0,0,0,0,0,0,50205
8983,L56162,L,297.0,307.7,1315,60.1,128,0,0,0,0,0,0,56162
4833,L52012,L,303.5,312.0,1436,45.1,32,0,0,0,0,0,0,52012
6462,L53641,L,300.6,310.0,1505,35.9,95,0,0,0,0,0,0,53641
517,L47696,L,297.5,309.3,1732,29.9,32,0,0,0,0,0,0,47696
2563,L49742,L,299.3,309.1,1551,39.1,147,0,0,0,0,0,0,49742
6487,L53666,L,300.5,309.8,1939,21.4,164,0,0,0,0,0,0,53666
6956,L54135,L,300.7,311.2,1399,47.9,80,0,0,0,0,0,0,54135
2302,M17161,M,299.2,308.6,1586,35.7,138,0,0,0,0,0,0,17161
3626,M18485,M,302.1,311.4,1467,43.4,33,0,0,0,0,0,0,18485
3888,L51067,L,302.4,311.2,1448,50.5,53,0,0,0,0,0,0,51067
6257,L53436,L,301.0,310.6,1493,37.8,206,1,0,0,0,0,1,53436
731,M15590,M,297.3,308.6,1471,50.7,157,0,0,0,0,0,0,15590
2849,M17708,M,300.3,309.3,1391,57.9,204,0,0,0,0,0,0,17708
9652,M24511,M,299.1,310.0,1580,36.0,195,0,0,0,0,0,0,24511
9513,L56692,L,299.0,310.2,1575,37.8,42,0,0,0,0,0,0,56692
4261,H33674,H,302.7,311.1,1418,43.4,130,0,0,0,0,0,0,33674
4639,L51818,L,303.1,311.3,1474,34.8,215,0,0,0,0,0,0,51818
6976,M21835,M,300.7,311.0,1378,51.6,130,0,0,0,0,0,0,21835
5106,L52285,L,304.1,313.4,1374,56.6,115,0,0,0,0,0,0,52285
59,M14918,M,298.8,309.0,1661,29.5,162,0,0,0,0,0,0,14918
4141,L51320,L,301.7,310.2,1331,61.2,47,0,1,0,0,0,1,51320
673,M15532,M,297.6,308.9,1433,43.2,206,0,0,0,0,0,0,15532
2874,H32287,H,300.6,309.4,1555,37.9,24,0,0,0,0,0,0,32287
7543,M22402,M,300.4,311.6,1401,49.9,79,0,0,0,0,0,0,22402
1278,M16137,M,298.2,309.4,1408,46.5,76,0,0,0,0,0,0,16137
2683,M17542,M,299.9,309.6,1364,44.4,20,0,0,0,0,0,0,17542
2223,L49402,L,299.7,309.0,1605,33.0,151,0,0,0,0,0,0,49402
5767,M20626,M,301.7,311.2,1413,42.6,79,0,0,0,0,0,0,20626
4656,L51835,L,303.1,311.1,1854,22.6,19,0,0,0,0,0,0,51835
2487,M17346,M,298.9,308.7,1772,28.4,177,0,0,0,0,0,0,17346
6924,L54103,L,301.2,311.7,1433,49.3,206,0,0,0,0,0,0,54103
3799,L50978,L,302.1,310.8,1786,25.7,47,0,0,0,0,0,0,50978
2753,M17612,M,299.7,309.1,1851,24.7,189,0,0,0,0,0,0,17612
2419,L49598,L,298.9,308.3,1660,34.4,9,0,0,0,0,0,0,49598
9685,H39098,H,298.9,309.9,1376,51.0,32,0,0,0,0,0,0,39098
9914,L57093,L,298.5,308.8,1589,30.6,11,0,0,0,0,0,0,57093
4757,H34170,H,303.4,311.7,1991,19.0,53,0,0,0,0,0,0,34170
9345,L56524,L,298.2,308.8,1616,33.7,16,0,0,0,0,0,0,56524
457,H29870,H,297.3,308.7,1478,47.6,98,0,0,0,0,0,0,29870
5713,L52892,L,302.2,311.7,1330,54.6,154,0,0,0,0,0,0,52892
9,M14868,M,298.3,308.7,1667,28.6,18,0,0,0,0,0,0,14868
4936,L52115,L,303.4,312.3,1479,42.8,92,0,0,0,0,0,0,52115
24,L47203,L,299.0,309.4,1758,25.7,68,0,0,0,0,0,0,47203
7592,M22451,M,300.5,311.1,1296,61.3,202,0,0,0,1,0,1,22451
9330,L56509,L,298.5,309.1,1474,41.3,189,0,0,0,0,0,0,56509
6941,H36354,H,300.8,311.4,1453,44.6,38,0,0,0,0,0,0,36354
2948,L50127,L,300.7,309.5,1592,29.0,17,0,0,0,0,0,0,50127
2910,L50089,L,300.7,309.6,1500,44.1,122,0,0,0,0,0,0,50089
7565,M22424,M,300.3,311.2,1381,65.2,136,0,0,1,0,0,1,22424
9806,L56985,L,298.4,309.2,1651,28.5,141,0,0,0,0,0,0,56985
6938,H36351,H,300.6,311.1,1452,40.2,28,0,0,0,0,0,0,36351
5152,L52331,L,304.3,313.6,1409,56.0,19,0,0,0,0,0,0,52331
6387,L53566,L,300.2,309.7,1656,34.3,120,0,0,0,0,0,0,53566
7233,M22092,M,299.9,309.9,1639,42.1,159,0,0,0,0,0,0,22092
6660,L53839,L,301.3,310.3,1626,31.3,180,0,0,0,0,0,0,53839
4797,L51976,L,303.5,312.4,1390,47.3,164,0,0,0,0,0,0,51976
1271,M16130,M,298.0,309.4,1276,65.9,50,0,0,0,0,0,0,16130
1340,M16199,M,298.6,310.2,1668,31.5,7,0,0,0,0,0,0,16199
1293,M16152,M,298.7,309.7,1868,23.8,118,0,0,0,0,0,0,16152
8083,H37496,H,300.1,311.5,1422,46.2,134,0,0,0,0,0,0,37496
8353,L55532,L,298.6,309.6,1491,36.9,192,0,0,0,0,0,0,55532
2829,M17688,M,300.4,309.4,1875,23.9,155,0,0,0,0,0,0,17688
869,M15728,M,295.8,306.5,1514,37.7,60,0,0,0,0,0,0,15728
5009,H34422,H,303.7,312.8,1488,42.8,54,0,0,0,0,0,0,34422
2598,L49777,L,299.0,308.7,1449,38.9,18,0,0,0,0,0,0,49777
4641,L51820,L,303.1,311.2,1435,40.1,219,0,0,0,0,0,0,51820
8334,M23193,M,298.8,309.7,1477,48.5,138,0,0,0,0,0,0,23193
5859,L53038,L,301.3,311.0,1348,44.5,78,0,0,0,0,0,0,53038
5344,L52523,L,303.5,312.8,1607,38.4,92,0,0,0,0,0,0,52523
5662,L52841,L,302.2,311.4,1397,53.0,17,0,0,0,0,0,0,52841
9520,L56699,L,299.0,310.1,1531,36.0,57,0,0,0,0,0,0,56699
2172,L49351,L,299.5,309.1,1502,44.6,13,0,0,0,0,0,0,49351
5235,L52414,L,303.7,312.9,1461,50.1,31,0,0,0,0,0,0,52414
3157,L50336,L,300.4,309.7,1467,36.9,131,0,0,0,0,0,0,50336
1261,L48440,L,297.6,309.0,1528,33.8,22,0,0,0,0,0,0,48440
9681,L56860,L,299.1,310.1,1894,24.2,22,0,0,0,0,0,0,56860
4158,L51337,L,302.0,310.5,1263,60.6,90,0,1,0,0,0,1,51337
1571,L48750,L,298.2,308.4,1452,43.5,158,0,0,0,0,0,0,48750
5436,M20295,M,303.0,312.5,1524,42.1,76,0,0,0,0,0,0,20295
451,M15310,M,297.6,308.7,1419,41.7,81,0,0,0,0,0,0,15310
463,L47642,L,297.4,308.7,1433,43.4,116,0,0,0,0,0,0,47642
1876,L49055,L,298.3,308.0,1363,50.1,96,0,0,0,0,0,0,49055
4342,L51521,L,301.7,309.8,1398,46.0,109,0,0,0,0,0,0,51521
2977,M17836,M,300.5,309.3,1881,25.5,98,0,0,0,0,0,0,17836
8043,L55222,L,300.8,311.9,1486,45.1,30,0,0,0,0,0,0,55222
3643,L50822,L,302.3,311.6,1309,57.6,77,0,0,0,0,0,0,50822
4911,M19770,M,303.5,312.4,1606,31.7,22,0,0,0,0,0,0,19770
6454,L53633,L,300.7,310.2,1807,24.2,77,0,0,0,0,0,0,53633
4469,L51648,L,302.7,310.5,1725,29.0,209,0,0,0,0,0,0,51648
2473,L49652,L,298.9,308.5,1429,55.1,140,0,0,0,0,0,0,49652
4497,M19356,M,302.5,310.4,1605,36.0,69,0,0,0,0,0,0,19356
911,L48090,L,295.5,306.0,1546,35.9,169,0,0,0,0,0,0,48090
8558,L55737,L,298.3,309.0,1471,48.3,91,0,0,0,0,0,0,55737
8332,M23191,M,298.8,309.7,1392,48.7,133,0,0,0,0,0,0,23191
597,M15456,M,297.6,309.6,1530,37.3,10,0,0,0,0,0,0,15456
6199,M21058,M,301.0,310.9,1554,32.7,59,0,0,0,0,0,0,21058
2218,L49397,L,299.7,309.1,1347,55.3,139,0,0,0,0,0,0,49397
3974,L51153,L,302.3,311.4,1535,41.8,77,0,0,0,0,0,0,51153
8596,M23455,M,297.5,308.2,1624,30.9,186,0,0,0,0,0,0,23455
567,M15426,M,297.6,309.7,1541,33.7,165,0,0,0,0,0,0,15426
9673,H39086,H,299.0,310.2,1744,31.5,0,0,0,0,0,0,0,39086
7397,L54576,L,299.7,310.6,1616,35.1,142,0,0,0,0,0,0,54576
9075,M23934,M,297.2,308.1,1554,41.3,147,0,0,0,0,0,0,23934
9648,L56827,L,299.2,310.2,1458,47.0,183,0,0,0,0,0,0,56827
1662,M16521,M,298.2,308.0,1411,47.2,168,0,0,0,0,0,0,16521
2486,L49665,L,298.8,308.6,1593,35.5,175,0,0,0,0,0,0,49665
6339,L53518,L,300.4,309.9,1681,28.6,206,0,0,0,0,0,0,53518
3751,L50930,L,302.3,311.1,1589,29.9,141,0,0,0,0,0,0,50930
3466,M18325,M,301.8,310.7,1383,45.7,44,0,0,0,0,0,0,18325
2859,L50038,L,300.5,309.3,1417,51.5,231,0,0,0,1,0,1,50038
8065,L55244,L,300.5,311.8,1596,34.8,87,0,0,0,0,0,0,55244
7817,L54996,L,299.8,311.2,1533,35.9,137,0,0,0,0,0,0,54996
2345,M17204,M,299.2,308.3,1755,26.4,19,0,0,0,0,0,0,17204
9968,M24827,M,298.3,307.9,1609,32.4,151,0,0,0,0,0,0,24827
7550,L54729,L,300.3,311.4,1544,41.6,97,0,0,0,0,0,0,54729
340,M15199,M,297.5,308.2,1713,32.2,17,0,0,0,0,0,0,15199
9532,L56711,L,299.2,310.5,1458,44.1,91,0,0,0,0,0,0,56711
530,L47709,L,297.6,309.5,1569,36.2,63,0,0,0,0,0,0,47709
4531,L51710,L,302.5,310.4,1487,42.0,152,0,0,0,0,0,0,51710
3499,L50678,L,301.9,311.0,1289,54.9,128,0,0,0,0,0,0,50678
4781,L51960,L,303.7,312.4,1404,46.6,119,0,0,0,0,0,0,51960
1329,M16188,M,298.8,310.1,1719,28.8,206,0,0,0,0,0,0,16188
4062,L51241,L,301.9,310.8,1906,21.7,62,0,0,0,0,0,0,51241
5588,L52767,L,302.5,311.9,1481,42.9,52,0,0,0,0,0,0,52767
7917,L55096,L,300.8,312.1,1512,37.1,169,0,0,0,0,0,0,55096
9712,H39125,H,299.1,310.1,1429,42.9,96,0,0,0,0,0,0,39125
607,L47786,L,297.9,309.8,1461,50.5,38,0,0,0,0,0,0,47786
4075,L51254,L,302.0,310.7,1453,42.7,92,0,0,0,0,0,0,51254
2962,L50141,L,300.6,309.4,1654,32.8,57,0,0,0,0,0,0,50141
163,L47342,L,298.3,308.1,1586,35.5,0,0,0,0,0,0,0,47342
3010,M17869,M,300.4,309.7,1466,39.8,184,0,0,0,0,0,0,17869
8185,L55364,L,299.8,311.1,2144,17.7,190,0,0,0,0,0,0,55364
6101,M20960,M,300.8,310.7,1886,21.1,44,0,0,0,0,0,0,20960
6489,L53668,L,300.7,309.8,1330,54.4,171,0,0,0,0,0,0,53668
6572,M21431,M,301.3,310.6,1378,49.4,173,0,0,0,0,0,0,21431
9573,M24432,M,299.7,310.8,1405,47.6,192,0,0,0,0,0,0,24432
7418,M22277,M,300.1,311.3,1495,41.0,193,0,0,0,0,0,0,22277
4666,M19525,M,303.4,311.4,1307,54.0,44,0,1,0,0,0,1,19525
1798,M16657,M,298.0,307.6,1508,41.8,89,0,0,0,0,0,0,16657
1845,M16704,M,297.6,307.1,1471,44.9,14,0,0,0,0,0,0,16704
7965,L55144,L,300.9,312.1,1423,40.2,63,0,0,0,0,0,0,55144
7113,L54292,L,300.9,310.4,1427,47.0,65,0,0,0,0,0,0,54292
4071,L51250,L,302.0,310.7,1348,58.1,83,0,0,0,0,0,0,51250
2197,M17056,M,299.7,308.9,1551,35.4,82,0,0,0,0,0,0,17056
7945,L55124,L,300.8,311.7,1414,49.0,10,0,0,0,0,0,0,55124
2935,M17794,M,300.8,309.6,1546,42.3,186,0,0,0,0,0,0,17794
6682,L53861,L,301.4,310.7,1425,45.1,7,0,0,0,0,0,0,53861
3851,M18710,M,302.3,311.0,1421,41.3,182,0,0,0,0,0,0,18710
5689,M20548,M,302.3,311.7,1423,44.6,93,0,0,0,0,0,0,20548
7354,L54533,L,299.8,310.3,1687,30.4,33,0,0,0,0,0,0,54533
6867,M21726,M,301.0,311.3,1454,41.5,57,0,0,0,0,0,0,21726
1933,M16792,M,298.1,308.0,1686,29.3,35,0,0,0,0,0,0,16792
2317,L49496,L,299.2,308.8,1542,39.2,179,0,0,0,0,0,0,49496
5395,M20254,M,302.8,312.3,1262,70.5,234,0,0,1,1,0,1,20254
4813,L51992,L,303.4,311.9,1531,37.9,203,0,0,0,0,0,0,51992
2650,M17509,M,299.9,309.5,1582,38.2,160,0,0,0,0,0,0,17509
7103,M21962,M,300.8,310.3,1494,42.2,35,0,0,0,0,0,0,21962
5770,L52949,L,301.7,311.3,1348,51.0,87,0,0,0,0,0,0,52949
8747,L55926,L,297.3,308.5,1528,44.5,140,0,0,0,0,0,0,55926
2794,L49973,L,300.3,309.6,1597,31.8,73,0,0,0,0,0,0,49973
3757,L50936,L,302.3,311.1,1546,33.1,156,0,0,0,0,0,0,50936
7768,H37181,H,300.2,311.4,1319,54.6,15,0,0,0,0,0,0,37181
1140,M15999,M,297.0,307.9,1569,33.3,141,0,0,0,0,0,0,15999
9259,H38672,H,298.3,309.0,1379,43.2,0,0,0,0,0,0,0,38672
881,M15740,M,295.8,306.3,1235,76.2,89,0,0,1,0,0,1,15740
6345,H35758,H,300.2,309.8,1374,47.7,8,0,0,0,0,0,0,35758
5567,L52746,L,302.4,312.0,1457,45.5,206,0,0,0,0,0,0,52746
6747,M21606,M,301.7,311.1,1578,40.5,174,0,0,0,0,0,0,21606
1234,M16093,M,297.2,308.5,1364,55.6,163,0,0,0,0,0,0,16093
4681,L51860,L,303.6,311.7,1491,39.8,92,0,0,0,0,0,0,51860
7591,M22450,M,300.4,311.0,1433,46.1,199,0,0,0,0,0,0,22450
5955,L53134,L,300.8,310.9,1732,25.7,109,0,0,0,0,0,0,53134
4955,L52134,L,303.7,312.6,1702,29.1,141,0,0,0,0,0,0,52134
8688,M23547,M,297.2,308.5,1604,34.9,200,0,0,0,0,0,0,23547
3389,M18248,M,301.7,310.9,1435,48.0,66,0,0,0,0,0,0,18248
3094,L50273,L,300.0,309.3,1397,51.2,173,0,0,0,0,0,0,50273
5192,L52371,L,304.0,313.2,1416,46.0,128,0,0,0,0,0,0,52371
4225,L51404,L,302.0,310.7,1698,28.1,39,0,0,0,0,0,0,51404
7609,L54788,L,300.5,311.4,1642,27.1,37,0,0,0,0,0,0,54788
2178,M17037,M,299.6,309.2,1393,47.7,28,0,0,0,0,0,0,17037
4708,L51887,L,303.5,311.8,1944,23.5,159,0,0,0,0,0,0,51887
5262,L52441,L,303.4,312.8,1513,35.8,92,0,0,0,0,0,0,52441
6908,L54087,L,300.9,311.3,1449,40.2,168,0,0,0,0,0,0,54087
5553,H34966,H,302.5,312.0,1579,35.7,167,0,0,0,0,0,0,34966
1306,L48485,L,298.8,310.0,1672,30.4,150,0,0,0,0,0,0,48485
5694,M20553,M,302.4,311.8,1453,42.1,105,0,0,0,0,0,0,20553
5134,L52313,L,304.1,313.2,1824,25.8,186,0,0,0,0,0,0,52313
9145,M24004,M,297.5,308.5,1447,41.6,118,0,0,0,0,0,0,24004
9746,L56925,L,298.8,310.0,1611,32.4,183,0,0,0,0,0,0,56925
5188,L52367,L,304.0,313.1,1648,35.7,119,0,0,0,0,0,0,52367
1674,M16533,M,298.1,307.8,1384,43.7,200,0,0,0,0,0,0,16533
9793,H39206,H,298.5,309.4,1573,36.0,97,0,0,0,0,0,0,39206
518,M15377,M,297.5,309.4,1391,58.2,34,0,0,0,0,0,0,15377
908,M15767,M,295.6,306.1,1669,29.0,161,0,0,0,0,0,0,15767
9969,L57148,L,298.4,308.0,1605,32.4,154,0,0,0,0,0,0,57148
5501,L52680,L,302.7,312.1,1601,35.2,31,0,0,0,0,0,0,52680
7785,L54964,L,300.3,311.5,1403,60.1,58,0,0,0,0,0,0,54964
2072,M16931,M,299.7,309.6,1313,60.0,186,0,0,0,0,0,0,16931
5204,M20063,M,303.7,312.6,1671,30.5,163,0,0,0,0,0,0,20063
7274,M22133,M,300.2,310.3,1704,29.2,42,0,0,0,0,0,0,22133
7479,L54658,L,300.1,311.3,1479,39.5,133,0,0,0,0,0,0,54658
9247,L56426,L,298.3,308.9,1862,27.0,172,0,0,0,0,0,0,56426
6935,L54114,L,300.8,311.4,1536,40.9,22,0,0,0,0,0,0,54114
9329,H38742,H,298.5,309.1,2051,19.0,184,0,0,0,0,0,0,38742
1076,H30489,H,296.9,307.8,1345,54.5,172,0,0,0,0,0,0,30489
7256,M22115,M,300.2,310.3,1704,29.4,221,0,0,0,0,0,0,22115
5258,L52437,L,303.5,313.0,1482,38.5,82,0,0,0,0,0,0,52437
1708,L48887,L,298.2,307.8,1439,41.6,62,0,0,0,0,0,0,48887
9701,M24560,M,298.9,309.8,1353,53.7,71,0,0,0,0,0,0,24560
9381,L56560,L,297.4,308.1,1435,45.7,110,0,0,0,0,0,0,56560
5854,L53033,L,301.2,311.0,1567,35.1,64,0,0,0,0,0,0,53033
6739,H36152,H,301.8,311.1,1463,50.1,149,0,0,0,0,0,0,36152
2544,L49723,L,299.3,309.0,1786,23.5,100,0,0,0,0,0,0,49723
8697,L55876,L,297.2,308.6,1413,49.8,12,0,0,0,0,0,0,55876
237,L47416,L,298.1,308.3,1495,38.7,188,0,0,0,0,0,0,47416
6860,M21719,M,301.1,311.3,1909,22.7,38,0,0,0,0,0,0,21719
8594,M23453,M,297.4,308.0,1601,34.6,181,0,0,0,0,0,0,23453
462,L47641,L,297.4,308.7,1402,40.2,114,0,0,0,0,0,0,47641
4323,M19182,M,301.7,310.1,1431,44.0,61,0,0,0,0,0,0,19182
1716,L48895,L,298.2,307.8,1585,34.6,78,0,0,0,0,0,0,48895
939,L48118,L,295.6,306.2,1823,25.8,29,0,0,0,0,0,0,48118
5924,M20783,M,300.4,310.3,1537,35.0,33,0,0,0,0,0,0,20783
5647,M20506,M,302.4,311.8,1644,37.2,195,0,0,0,0,0,0,20506
8338,M23197,M,298.8,309.7,1589,35.3,149,0,0,0,0,0,0,23197
1595,M16454,M,298.0,308.2,1373,51.2,215,0,0,0,0,0,0,16454
3740,M18599,M,302.2,311.2,1663,29.6,115,0,0,0,0,0,0,18599
8395,M23254,M,298.6,309.5,1566,38.1,89,0,0,0,0,0,0,23254
3654,L50833,L,302.1,311.4,1518,37.4,102,0,0,0,0,0,0,50833
7413,L54592,L,300.0,311.0,1637,33.6,181,0,0,0,0,0,0,54592
6612,H36025,H,301.5,310.5,1587,33.8,57,0,0,0,0,0,0,36025
3396,L50575,L,301.4,310.5,1647,33.3,85,0,0,0,0,0,0,50575
6540,L53719,L,301.4,310.7,1436,54.1,90,0,0,0,0,0,0,53719
9429,H38842,H,298.2,308.8,1837,28.4,34,0,0,0,0,0,0,38842
7677,L54856,L,300.6,311.7,1448,49.1,206,0,0,0,0,0,0,54856
8860,L56039,L,297.9,309.1,1457,44.4,28,0,0,0,0,0,0,56039
3673,L50852,L,302.3,311.6,1658,32.3,150,0,0,0,0,0,0,50852
3827,H33240,H,302.3,310.8,1438,43.8,119,0,0,0,0,0,0,33240
8872,M23731,M,297.9,309.1,1558,39.2,59,0,0,0,0,0,0,23731
608,M15467,M,298.0,309.9,1565,33.9,40,0,0,0,0,0,0,15467
6776,L53955,L,301.2,310.6,1670,30.0,40,0,0,0,0,0,0,53955
1114,M15973,M,296.6,307.4,1790,25.8,72,0,0,0,0,0,0,15973
6815,H36228,H,300.8,310.6,1465,44.1,136,0,0,0,0,0,0,36228
2059,M16918,M,299.5,309.3,1902,24.0,151,0,0,0,0,0,0,16918
3448,L50627,L,301.7,310.6,1624,34.5,216,0,0,0,0,0,0,50627
6218,M21077,M,301.0,310.7,1455,46.1,103,0,0,0,0,0,0,21077
9709,L56888,L,299.0,310.1,1664,29.7,89,0,0,0,0,0,0,56888
3218,L50397,L,300.6,309.5,2025,21.4,64,0,0,0,0,0,0,50397
4050,L51229,L,301.8,310.8,1505,41.2,33,0,0,0,0,0,0,51229
1181,H30594,H,297.3,308.4,1531,35.6,16,0,0,0,0,0,0,30594
7213,M22072,M,299.8,309.7,1705,28.5,103,0,0,0,0,0,0,22072
6764,M21623,M,301.4,310.8,1782,26.5,6,0,0,0,0,0,0,21623
8862,L56041,L,297.9,309.1,1619,34.7,33,0,0,0,0,0,0,56041
8360,M23219,M,298.6,309.6,1525,42.4,2,0,0,0,0,0,0,23219
347,M15206,M,297.5,308.3,1459,45.2,34,0,0,0,0,0,0,15206
196,L47375,L,298.3,308.5,1453,42.9,89,0,0,0,0,0,0,47375
3794,L50973,L,302.3,310.9,1379,49.3,34,0,1,0,0,0,1,50973
6622,M21481,M,301.7,310.7,1861,21.8,84,0,0,0,0,0,0,21481
479,L47658,L,297.4,309.0,1833,22.6,161,0,0,0,0,0,0,47658
4179,L51358,L,302.5,310.9,1624,34.4,146,0,0,0,0,0,0,51358
7214,M22073,M,299.8,309.8,1427,45.2,106,0,0,0,0,0,0,22073
7302,L54481,L,300.1,310.4,1554,39.4,115,0,0,0,0,0,0,54481
1642,M16501,M,298.0,308.0,1555,37.0,111,0,0,0,0,0,0,16501
1154,H30567,H,297.0,307.9,1448,45.6,172,0,0,0,0,0,0,30567
6179,L53358,L,301.1,310.9,1282,67.9,10,0,0,1,0,0,1,53358
7172,M22031,M,300.2,310.2,1438,51.5,7,0,0,0,0,0,0,22031
8523,H37936,H,298.3,309.4,1631,29.8,0,0,0,0,0,0,0,37936
2987,L50166,L,300.6,309.8,1455,48.0,125,0,0,0,0,0,0,50166
838,L48017,L,296.6,307.4,1465,47.8,187,0,0,0,0,0,0,48017
7744,L54923,L,300.5,311.9,1710,28.4,158,0,0,0,0,0,0,54923
2437,H31850,H,299.0,308.2,1662,30.4,55,0,0,0,0,0,0,31850
2903,M17762,M,300.6,309.4,1541,35.2,105,0,0,0,0,0,0,17762
3989,L51168,L,302.2,311.3,1554,40.2,118,0,0,0,0,0,0,51168
7682,L54861,L,300.7,311.8,1443,43.7,217,0,0,0,0,0,0,54861
1452,L48631,L,298.9,310.4,1831,25.4,81,0,0,0,0,0,0,48631
7463,L54642,L,300.0,311.3,1703,30.4,85,0,0,0,0,0,0,54642
582,L47761,L,297.8,309.7,1394,42.9,206,0,0,0,0,0,0,47761
1536,L48715,L,298.0,308.8,1581,36.1,73,0,0,0,0,0,0,48715
6315,M21174,M,301.0,310.4,1793,25.0,142,0,0,0,0,0,0,21174
4264,L51443,L,302.6,311.0,1620,36.2,139,0,0,0,0,0,0,51443
8539,L55718,L,298.5,309.4,1548,37.7,43,0,0,0,0,0,0,55718
8269,M23128,M,299.2,310.8,1502,39.8,177,0,0,0,0,0,0,23128
1074,L48253,L,297.0,307.8,1414,47.5,168,0,0,0,0,0,0,48253
4332,M19191,M,301.6,309.9,1746,31.1,83,0,0,0,0,0,0,19191
9019,L56198,L,297.3,308.1,1615,35.4,217,1,0,0,0,0,1,56198
2360,L49539,L,299.3,308.5,1413,38.5,57,0,0,0,0,0,0,49539
9062,M23921,M,297.2,308.4,1863,26.0,110,0,0,0,0,0,0,23921
5547,L52726,L,302.3,311.7,1453,41.2,147,0,0,0,0,0,0,52726
2083,H31496,H,299.4,309.2,1513,36.1,212,0,0,0,0,0,0,31496
734,M15593,M,297.1,308.4,1421,42.0,165,0,0,0,0,0,0,15593
7161,M22020,M,300.2,310.1,1485,40.5,188,0,0,0,0,0,0,22020
4410,M19269,M,302.4,310.1,1358,54.6,61,0,1,0,0,0,1,19269
4490,L51669,L,302.5,310.4,1487,40.2,48,0,0,0,0,0,0,51669
2380,H31793,H,299.1,308.2,1450,46.1,112,0,0,0,0,0,0,31793
2957,M17816,M,300.8,309.6,1404,38.7,44,0,0,0,0,0,0,17816
9775,H39188,H,298.6,309.5,1375,41.0,39,0,0,0,0,0,0,39188
3276,H32689,H,301.3,310.0,1532,36.3,2,0,0,0,0,0,0,32689
1214,M16073,M,296.8,307.8,1551,38.9,112,0,0,0,0,0,0,16073
6788,H36201,H,301.1,310.6,1388,58.5,68,0,0,0,0,0,0,36201
5072,H34485,H,304.2,313.0,1442,40.9,23,0,0,0,0,0,0,34485
8674,L55853,L,297.4,308.6,1494,42.6,161,0,0,0,0,0,0,55853
1676,L48855,L,298.0,307.7,1407,43.9,205,0,0,0,0,0,0,48855
5625,M20484,M,302.8,312.2,1469,36.9,143,0,0,0,0,0,0,20484
4801,M19660,M,303.5,312.5,1353,51.0,172,0,0,0,0,0,0,19660
2383,L49562,L,299.1,308.3,1601,31.4,121,0,0,0,0,0,0,49562
2203,M17062,M,299.9,309.2,1548,35.7,97,0,0,0,0,0,0,17062
5359,H34772,H,303.3,312.6,1827,24.2,132,0,0,0,0,0,0,34772
9682,M24541,M,299.1,310.1,1412,44.4,24,0,0,0,0,0,0,24541
4538,L51717,L,302.3,310.2,1548,35.3,170,0,0,0,0,0,0,51717
8528,L55707,L,298.4,309.3,1531,37.4,16,0,0,0,0,0,0,55707
5132,L52311,L,304.1,313.3,1452,43.9,182,0,0,0,0,0,0,52311
1930,M16789,M,298.0,307.8,1483,50.9,26,0,0,0,0,0,0,16789
2195,M17054,M,299.6,308.9,1568,35.3,77,0,0,0,0,0,0,17054
5361,L52540,L,303.3,312.6,1463,44.0,140,0,0,0,0,0,0,52540
1442,L48621,L,298.8,309.9,1550,38.8,53,0,0,0,0,0,0,48621
2184,M17043,M,299.6,309.3,1577,39.8,48,0,0,0,0,0,0,17043
8066,M22925,M,300.5,311.9,1670,26.3,89,0,0,0,0,0,0,22925
1500,M16359,M,298.1,308.8,2206,16.3,195,0,0,0,0,0,0,16359
8560,L55739,L,298.3,309.0,1519,40.0,96,0,0,0,0,0,0,55739
8869,L56048,L,297.9,309.0,1456,46.5,52,0,0,0,0,0,0,56048
2258,L49437,L,299.1,308.3,1892,25.2,34,0,0,0,0,0,0,49437
5332,L52511,L,303.7,312.8,1448,44.5,55,0,0,0,0,0,0,52511
287,L47466,L,298.2,308.3,1589,33.2,94,0,0,0,0,0,0,47466
34,L47213,L,298.9,309.3,1665,32.5,93,0,0,0,0,0,0,47213
1641,L48820,L,298.0,307.8,1567,36.4,109,0,0,0,0,0,0,48820
3259,L50438,L,301.2,309.9,1643,32.9,171,0,0,0,0,0,0,50438
3367,M18226,M,301.4,310.7,1692,32.3,5,0,0,0,0,0,0,18226
4949,M19808,M,303.8,312.7,1500,41.7,125,0,0,0,0,0,0,19808
3526,L50705,L,301.8,310.9,1609,31.7,202,0,0,0,0,0,0,50705
3297,M18156,M,301.2,310.3,1379,43.2,56,0,0,0,0,0,0,18156
1164,L48343,L,296.9,307.9,1367,47.1,204,0,0,0,0,0,0,48343
2022,L49201,L,298.7,308.5,1480,42.2,58,0,0,0,0,0,0,49201
2899,M17758,M,300.6,309.5,1550,40.2,96,0,0,0,0,0,0,17758
8317,L55496,L,298.8,309.8,1463,40.0,90,0,0,0,0,0,0,55496
480,M15339,M,297.4,308.9,1323,57.3,163,0,0,0,0,0,0,15339
2134,H31547,H,299.3,309.0,1732,29.7,141,0,0,0,0,0,0,31547
6807,L53986,L,301.1,310.8,1608,32.9,119,0,0,0,0,0,0,53986
533,L47712,L,297.5,309.4,1443,45.4,70,0,0,0,0,0,0,47712
9849,H39262,H,298.5,309.2,1568,40.6,39,0,0,0,0,0,0,39262
3875,L51054,L,302.6,311.7,1254,54.1,19,0,0,0,0,0,0,51054
6367,M21226,M,299.9,309.5,2065,18.1,62,0,0,0,0,0,0,21226
3600,H33013,H,301.7,310.5,1388,50.5,176,0,0,0,0,0,0,33013
2186,L49365,L,299.8,309.4,1630,32.4,53,0,0,0,0,0,0,49365
9821,M24680,M,298.6,309.5,1568,36.7,182,0,0,0,0,0,0,24680
5992,L53171,L,300.7,310.7,1416,40.4,214,0,0,0,0,0,0,53171
11,H29424,H,298.4,308.9,1782,23.9,24,0,0,0,0,0,0,29424
349,L47528,L,297.6,308.3,1617,31.7,39,0,0,0,0,0,0,47528
8636,L55815,L,297.4,308.3,1704,27.3,65,0,0,0,0,0,0,55815
7004,L54183,L,300.5,310.6,1540,46.7,206,0,0,0,0,0,0,54183
9117,H38530,H,297.6,308.7,1659,32.1,49,0,0,0,0,0,0,38530
4792,M19651,M,303.7,312.7,1469,48.5,147,0,0,0,0,0,0,19651
1709,L48888,L,298.2,307.8,1627,31.5,64,0,0,0,0,0,0,48888
1276,M16135,M,298.1,309.4,1362,47.6,70,0,0,0,0,0,0,16135
9509,L56688,L,299.2,310.4,1611,36.4,32,0,0,0,0,0,0,56688
6415,M21274,M,300.4,310.1,1457,35.1,193,0,0,0,0,0,0,21274
4912,L52091,L,303.5,312.3,1681,29.8,25,0,0,0,0,0,0,52091
6509,H35922,H,301.0,310.1,1756,30.7,2,0,0,0,0,0,0,35922
2089,L49268,L,299.6,309.4,1331,46.4,16,0,0,0,0,0,0,49268
6050,M20909,M,300.9,311.0,1567,34.3,130,0,0,0,0,0,0,20909
2471,L49650,L,298.9,308.5,1467,44.7,136,0,0,0,0,0,0,49650
2282,L49461,L,299.3,308.7,1536,38.9,94,0,0,0,0,0,0,49461
8816,H38229,H,297.3,308.5,1435,55.0,104,0,0,0,0,0,0,38229
3876,L51055,L,302.6,311.8,1427,50.1,21,0,0,0,0,0,0,51055
9524,L56703,L,299.0,310.2,1494,40.6,67,0,0,0,0,0,0,56703
4717,L51896,L,303.4,311.6,1712,30.1,182,0,0,0,0,0,0,51896
8844,H38257,H,297.3,308.8,1564,38.0,191,0,0,0,0,0,0,38257
8989,L56168,L,297.2,307.9,1825,24.6,142,0,0,0,0,0,0,56168
4348,H33761,H,301.9,309.8,1724,27.5,126,0,0,0,0,0,0,33761
5327,M20186,M,303.5,312.7,1420,49.1,42,0,0,0,0,0,0,20186
297,L47476,L,298.0,308.5,1395,46.2,122,0,0,0,0,0,0,47476
1784,H31197,H,298.3,308.0,1553,41.0,52,0,0,0,0,0,0,31197
5918,L53097,L,300.6,310.2,1341,52.6,21,0,0,0,0,0,0,53097
7696,L54875,L,300.6,311.7,1488,47.7,22,0,0,0,0,0,0,54875
2727,M17586,M,299.8,309.4,1423,42.9,124,0,0,0,0,0,0,17586
178,L47357,L,298.2,308.2,1988,21.4,41,0,0,0,0,0,0,47357
5202,M20061,M,303.7,312.7,1396,47.3,158,0,0,0,0,0,0,20061
2575,L49754,L,299.5,309.3,1972,19.3,177,0,0,0,0,0,0,49754
7492,L54671,L,300.4,311.8,1320,57.9,168,0,0,0,0,0,0,54671
1061,H30474,H,296.7,307.9,1424,53.8,133,0,0,0,0,0,0,30474
5687,L52866,L,302.2,311.6,1658,31.4,89,0,0,0,0,0,0,52866
2474,M17333,M,298.9,308.5,1555,37.6,142,0,0,0,0,0,0,17333
1101,H30514,H,296.8,307.5,1695,30.0,33,0,0,0,0,0,0,30514
5492,M20351,M,302.7,312.2,1350,58.6,2,0,0,0,0,0,0,20351
1416,L48595,L,298.7,309.9,1617,33.0,203,0,0,0,0,0,0,48595
8629,L55808,L,297.5,308.4,1747,31.0,45,0,0,0,0,0,0,55808
6047,L53226,L,300.9,311.0,1316,56.5,120,0,0,0,0,0,0,53226
6581,L53760,L,301.3,310.4,1507,39.1,194,0,0,0,0,0,0,53760
3603,M18462,M,301.7,310.6,1417,45.2,185,0,0,0,0,0,0,18462
5966,H35379,H,300.5,310.9,1447,46.5,137,0,0,0,0,0,0,35379
3599,L50778,L,301.7,310.5,1399,53.2,174,0,0,0,0,0,0,50778
3796,M18655,M,302.1,310.8,1409,41.3,39,0,0,0,0,0,0,18655
8676,H38089,H,297.3,308.6,1688,29.4,166,0,0,0,0,0,0,38089
2686,L49865,L,299.8,309.4,1609,32.5,27,0,0,0,0,0,0,49865
2981,L50160,L,300.4,309.5,1447,39.3,110,0,0,0,0,0,0,50160
916,M15775,M,295.4,305.8,1526,38.2,181,0,0,0,0,0,0,15775
1470,L48649,L,298.6,309.8,1497,41.6,118,0,0,0,0,0,0,48649
6244,L53423,L,301.0,310.4,2204,16.6,175,0,0,0,0,0,0,53423
5085,L52264,L,304.1,313.1,1969,20.8,59,0,0,0,0,0,0,52264
3088,M17947,M,300.0,309.1,1474,45.2,152,0,0,0,0,0,0,17947
6910,L54089,L,300.8,311.2,1376,48.1,172,0,0,0,0,0,0,54089
9491,M24350,M,299.0,309.7,1418,44.7,209,0,0,0,0,0,0,24350
7923,L55102,L,300.7,311.9,1462,39.7,181,0,0,0,0,0,0,55102
8700,M23559,M,297.3,308.7,1655,34.1,21,0,0,0,0,0,0,23559
1495,M16354,M,298.0,308.7,1377,48.5,181,0,0,0,0,0,0,16354
4073,L51252,L,301.9,310.6,1610,33.4,87,0,0,0,0,0,0,51252
6314,L53493,L,300.9,310.3,1440,47.6,140,0,0,0,0,0,0,53493
5458,M20317,M,303.0,312.5,1602,33.7,135,0,0,0,0,0,0,20317
9593,L56772,L,299.2,310.4,1379,46.8,39,0,0,0,0,0,0,56772
4985,L52164,L,303.8,313.1,1256,58.7,213,0,0,0,1,0,1,52164
8841,M23700,M,297.3,308.7,1542,37.0,184,0,0,0,0,0,0,23700
1210,H30623,H,297.0,308.1,2540,13.3,98,0,0,0,0,0,0,30623
6531,H35944,H,301.3,310.6,1605,32.5,59,0,0,0,0,0,0,35944
6592,L53771,L,301.7,310.7,2023,20.9,5,0,0,0,0,0,0,53771
7960,L55139,L,301.0,312.1,1585,32.3,50,0,0,0,0,0,0,55139
2049,L49228,L,299.3,309.2,1465,41.5,127,0,0,0,0,0,0,49228
3937,L51116,L,302.5,311.5,1985,18.8,190,0,0,0,0,0,0,51116
8198,M23057,M,299.4,310.7,1492,45.7,219,0,0,0,0,0,0,23057
3471,L50650,L,301.8,310.8,1736,26.5,56,0,0,0,0,0,0,50650
5159,L52338,L,304.1,313.3,1459,50.3,39,0,0,0,0,0,0,52338
1172,H30585,H,297.0,308.1,1517,41.4,222,0,0,0,0,0,0,30585
4108,L51287,L,302.0,310.5,1809,27.1,175,0,0,0,0,0,0,51287
6992,L54171,L,300.8,311.1,1509,33.4,172,0,0,0,0,0,0,54171
5063,L52242,L,304.0,312.9,1313,53.9,202,0,0,0,0,0,0,52242
5785,M20644,M,301.8,311.1,1399,41.8,125,0,0,0,0,0,0,20644
854,L48033,L,296.3,307.3,1444,49.0,13,0,0,0,0,0,0,48033
7842,L55021,L,300.1,311.5,1471,47.2,201,0,0,0,0,0,0,55021
4236,L51415,L,302.2,310.8,1438,41.4,66,0,0,0,0,0,0,51415
7542,M22401,M,300.3,311.5,1528,40.9,76,0,0,0,0,0,0,22401
5406,L52585,L,302.7,312.4,1444,48.7,9,0,0,0,0,0,0,52585
532,L47711,L,297.6,309.5,1549,34.9,68,0,0,0,0,0,0,47711
7717,M22576,M,300.5,311.5,1378,48.2,82,0,0,0,0,0,0,22576
1804,L48983,L,298.1,307.7,1388,40.3,109,0,0,0,0,0,0,48983
7487,L54666,L,300.3,311.7,1635,31.8,156,0,0,0,0,0,0,54666
3707,L50886,L,302.0,311.3,1567,41.1,26,0,0,0,0,0,0,50886
105,L47284,L,298.8,308.7,1450,43.4,66,0,0,0,0,0,0,47284
4314,L51493,L,301.4,310.1,1502,46.6,37,0,0,0,0,0,0,51493
5426,L52605,L,302.5,312.2,1775,27.9,56,0,0,0,0,0,0,52605
5036,M19895,M,304.0,313.2,1500,40.6,124,0,0,0,0,0,0,19895
7777,M22636,M,300.3,311.5,1445,47.3,40,0,0,0,0,0,0,22636
2984,L50163,L,300.6,309.6,1290,57.4,119,0,0,0,0,0,0,50163
5427,L52606,L,302.6,312.3,1554,42.0,58,0,0,0,0,0,0,52606
4434,H33847,H,302.4,310.2,1435,44.9,127,0,0,0,0,0,0,33847
509,L47688,L,297.7,309.3,1893,24.6,15,0,0,0,0,0,0,47688
2442,L49621,L,299.1,308.5,1676,31.0,69,0,0,0,0,0,0,49621
4159,L51338,L,301.9,310.4,1889,21.5,92,0,0,0,0,0,0,51338
742,L47921,L,296.9,308.3,1513,38.8,189,0,0,0,0,0,0,47921
1574,L48753,L,298.2,308.2,1466,42.4,164,0,0,0,0,0,0,48753
1723,M16582,M,298.2,307.7,1952,21.6,93,0,0,0,0,0,0,16582
9012,M23871,M,297.2,307.9,1530,35.9,197,0,0,0,0,0,0,23871
5282,M20141,M,303.7,313.0,1469,39.9,137,0,0,0,0,0,0,20141
3986,L51165,L,302.3,311.2,1386,50.3,110,0,0,0,0,0,0,51165
904,L48083,L,295.7,306.2,2270,14.6,149,0,0,1,0,0,1,48083
3559,L50738,L,301.7,310.6,1743,26.2,71,0,0,0,0,0,0,50738
3148,M18007,M,300.4,309.7,1440,42.8,104,0,0,0,0,0,0,18007
3921,L51100,L,302.6,311.5,1885,27.5,147,0,0,0,0,0,0,51100
2240,L49419,L,299.2,308.6,1381,50.0,193,0,0,0,0,0,0,49419
1292,M16151,M,298.6,309.7,1675,28.4,115,0,0,0,0,0,0,16151
1691,M16550,M,297.9,307.4,1435,42.9,18,0,0,0,0,0,0,16550
5136,L52315,L,304.1,313.3,1883,24.5,190,0,0,0,0,0,0,52315
2209,H31622,H,299.8,309.2,1435,42.6,111,0,0,0,0,0,0,31622
52,L47231,L,298.9,309.1,1383,54.9,145,0,0,0,0,0,0,47231
5791,M20650,M,301.7,311.2,1563,34.5,139,0,0,0,0,0,0,20650
8306,H37719,H,298.8,310.1,1380,44.0,56,0,0,0,0,0,0,37719
8224,L55403,L,299.1,310.5,1329,54.9,58,0,0,0,0,0,0,55403
2413,L49592,L,299.1,308.6,1408,46.7,196,0,0,0,0,0,0,49592
7065,M21924,M,300.8,310.5,1696,29.7,162,0,0,0,0,0,0,21924
3201,M18060,M,300.1,309.2,1454,44.4,19,0,0,0,0,0,0,18060
6770,L53949,L,301.2,310.8,1392,52.6,23,0,0,0,0,0,0,53949
3049,L50228,L,300.2,309.3,1532,43.2,53,0,0,0,0,0,0,50228
1840,L49019,L,297.7,307.1,1715,30.2,0,0,0,0,0,0,0,49019
4128,H33541,H,302.0,310.6,1438,43.2,12,0,0,0,0,0,0,33541
5665,M20524,M,302.2,311.4,1539,35.1,24,0,0,0,0,0,0,20524
6692,M21551,M,301.7,311.0,1510,47.8,27,0,0,0,0,0,0,21551
4883,L52062,L,303.7,312.5,1462,46.2,165,0,0,0,0,0,0,52062
6190,M21049,M,301.0,310.9,1910,21.9,37,0,0,0,0,0,0,21049
1217,L48396,L,296.9,308.0,1514,41.0,120,0,0,0,0,0,0,48396
8141,L55320,L,299.6,310.9,1658,28.0,76,0,0,0,0,0,0,55320
1648,L48827,L,297.8,307.8,1761,28.9,128,0,0,0,0,0,0,48827
9342,M24201,M,298.3,308.9,1363,46.1,5,0,0,0,0,0,0,24201
2691,L49870,L,300.0,309.5,1728,26.0,37,0,0,0,0,0,0,49870
9899,L57078,L,298.7,309.2,1396,44.8,178,0,0,0,0,0,0,57078
5507,L52686,L,302.9,312.2,1677,30.5,46,0,0,0,0,0,0,52686
1253,L48432,L,297.5,308.8,1533,41.5,223,0,0,0,0,0,0,48432
4356,H33769,H,302.0,309.8,1280,57.3,147,0,1,0,0,0,1,33769
575,M15434,M,297.9,310.0,1439,41.7,185,0,0,0,0,0,0,15434
930,L48109,L,295.6,306.0,1419,51.1,7,0,0,0,0,0,0,48109
3112,L50291,L,300.0,309.2,1759,27.9,5,0,0,0,0,0,0,50291
6671,L53850,L,301.5,310.6,1998,20.2,210,0,0,0,0,0,0,53850
1221,L48400,L,297.0,308.2,1577,29.4,130,0,0,0,0,0,0,48400
1614,L48793,L,297.9,308.0,1296,62.9,41,0,0,0,0,0,0,48793
3057,L50236,L,300.2,309.2,1667,29.9,75,0,0,0,0,0,0,50236
4115,L51294,L,302.0,310.6,1358,53.1,194,0,0,0,0,0,0,51294
7420,L54599,L,300.1,311.4,1572,36.2,199,0,0,0,0,0,0,54599
2922,L50101,L,300.8,309.8,1657,31.1,151,0,0,0,0,0,0,50101
6187,M21046,M,301.1,311.0,1413,46.6,30,0,0,0,0,0,0,21046
7461,L54640,L,300.0,311.5,1445,41.6,81,0,0,0,0,0,0,54640
2142,M17001,M,299.3,308.9,1577,34.9,160,0,0,0,0,0,0,17001
7926,M22785,M,300.7,311.9,1697,28.2,191,0,0,0,0,0,0,22785
3873,L51052,L,302.7,311.9,1389,46.5,15,0,0,0,0,0,0,51052
5089,L52268,L,304.0,313.1,1465,41.0,69,0,0,0,0,0,0,52268
3621,H33034,H,301.9,311.2,1474,41.8,18,0,0,0,0,0,0,33034
7022,H36435,H,300.7,310.6,1631,32.6,43,0,0,0,0,0,0,36435
333,M15192,M,297.6,308.3,1538,40.2,0,0,0,0,0,0,0,15192
7518,L54697,L,300.3,311.7,1445,47.3,15,0,0,0,0,0,0,54697
3152,L50331,L,300.5,309.8,1428,43.8,119,0,0,0,0,0,0,50331
1146,L48325,L,297.0,307.8,1553,33.3,155,0,0,0,0,0,0,48325
4559,L51738,L,302.7,310.7,1369,47.5,11,0,1,0,0,0,1,51738
7356,L54535,L,299.6,310.2,1588,34.1,38,0,0,0,0,0,0,54535
8283,M23142,M,298.9,310.7,1638,33.6,218,0,0,0,0,0,0,23142
9945,L57124,L,298.3,307.9,1399,47.8,99,0,0,0,0,0,0,57124
2869,L50048,L,300.8,309.7,1418,46.6,12,0,0,0,0,0,0,50048
9999,H39412,H,299.0,308.7,1408,48.5,25,0,0,0,0,0,0,39412
1136,L48315,L,296.9,307.9,1535,39.2,133,0,0,0,0,0,0,48315
8044,L55223,L,300.7,311.9,1486,35.8,32,0,0,0,0,0,0,55223
1593,L48772,L,298.1,308.4,1592,38.2,211,0,0,0,0,0,0,48772
1706,M16565,M,298.1,307.8,1608,32.6,57,0,0,0,0,0,0,16565
3496,M18355,M,301.9,311.0,1384,47.4,121,0,0,0,0,0,0,18355
605,L47784,L,297.9,309.9,1542,33.8,33,0,0,0,0,0,0,47784
9525,H38938,H,299.0,310.3,1658,27.6,69,0,0,0,0,0,0,38938
4280,L51459,L,302.0,310.1,1361,45.4,174,0,1,0,0,0,1,51459
2917,L50096,L,300.6,309.6,1411,41.6,140,0,0,0,0,0,0,50096
74,L47253,L,299.0,309.1,1592,35.0,200,0,0,0,0,0,0,47253
3662,M18521,M,302.3,311.7,1639,36.6,121,0,0,0,0,0,0,18521
1603,H31016,H,297.8,307.9,1600,33.5,13,0,0,0,0,0,0,31016
3364,L50543,L,301.4,310.6,1555,43.3,212,0,0,0,0,0,0,50543
128,L47307,L,298.9,308.6,1413,46.5,122,0,0,0,0,0,0,47307
1131,L48310,L,296.8,307.9,1413,46.5,121,0,0,0,0,0,0,48310
6290,L53469,L,301.0,310.5,1248,61.4,77,0,0,0,0,0,0,53469
8081,H37494,H,300.2,311.5,1432,43.6,127,0,0,0,0,0,0,37494
2908,M17767,M,300.6,309.4,1581,35.7,117,0,0,0,0,0,0,17767
541,L47720,L,297.4,309.4,1473,45.5,94,0,0,0,0,0,0,47720
8956,M23815,M,297.4,308.0,1355,55.1,63,0,0,0,0,0,0,23815
7629,L54808,L,300.5,311.7,1619,32.7,85,0,0,0,0,0,0,54808
7132,M21991,M,300.5,309.8,1410,44.4,111,0,0,0,0,0,0,21991
4056,L51235,L,302.0,311.0,1865,22.7,48,0,0,0,0,0,0,51235
8615,L55794,L,297.5,308.5,1691,33.1,9,0,0,0,0,0,0,55794
8084,L55263,L,300.1,311.4,1438,42.2,139,0,0,0,0,0,0,55263
2941,L50120,L,300.9,309.7,2355,14.4,201,0,0,0,0,0,0,50120
4754,H34167,H,303.2,311.4,1607,36.6,43,0,0,0,0,0,0,34167
3289,L50468,L,301.3,310.1,1662,31.0,37,0,0,0,0,0,0,50468
2079,M16938,M,299.4,309.3,1692,28.4,201,0,0,0,0,0,0,16938
6905,M21764,M,300.9,311.5,1704,31.3,159,0,0,0,0,0,0,21764
3365,L50544,L,301.4,310.5,1633,39.5,0,0,0,0,0,0,0,50544
5408,L52587,L,302.7,312.4,1954,24.8,13,0,0,0,0,0,0,52587
4572,L51751,L,302.8,310.9,1708,29.8,42,0,0,0,0,0,0,51751
7496,L54675,L,300.3,311.9,1609,34.0,177,0,0,0,0,0,0,54675
6899,M21758,M,301.0,311.6,1448,43.9,145,0,0,0,0,0,0,21758
4855,L52034,L,303.7,312.2,1568,33.8,96,0,0,0,0,0,0,52034
3577,L50756,L,301.6,310.4,1599,41.7,116,0,0,0,0,0,0,50756
9377,H38790,H,297.7,308.4,1738,27.7,96,0,0,0,0,0,0,38790
6826,L54005,L,301.0,310.9,1828,25.1,166,0,0,0,0,0,0,54005
9658,L56837,L,299.0,310.0,1484,39.6,212,0,0,0,0,0,0,56837
9881,L57060,L,298.8,309.8,1753,27.5,130,0,0,0,0,0,0,57060
4384,L51563,L,301.7,309.5,1298,65.5,229,0,1,0,1,0,1,51563
1735,M16594,M,298.5,308.1,1501,39.2,127,0,0,0,0,0,0,16594
6126,L53305,L,300.9,310.9,1995,20.2,105,0,0,0,0,0,0,53305
125,L47304,L,298.9,308.7,1727,29.4,116,0,0,0,0,0,0,47304
1762,L48941,L,298.1,307.6,1950,20.3,202,0,0,0,0,0,0,48941
1891,L49070,L,297.8,307.4,1512,40.8,137,0,0,0,0,0,0,49070
1737,L48916,L,298.4,307.9,1544,35.9,132,0,0,0,0,0,0,48916
1970,H31383,H,297.8,307.5,1631,31.3,124,0,0,0,0,0,0,31383
8617,L55796,L,297.6,308.6,1355,46.4,13,0,0,0,0,0,0,55796
2561,M17420,M,299.4,309.1,1326,62.0,142,0,0,0,0,0,0,17420
4706,L51885,L,303.6,311.8,1614,33.2,155,0,0,0,0,0,0,51885
3379,L50558,L,301.5,310.7,1568,33.1,38,0,0,0,0,0,0,50558
2662,M17521,M,299.9,309.4,1509,42.8,190,0,0,0,0,0,0,17521
4445,L51624,L,302.4,310.2,2224,16.0,154,0,0,0,0,0,0,51624
3623,L50802,L,302.0,311.3,1509,39.9,25,0,0,0,0,0,0,50802
8953,M23812,M,297.2,308.0,1478,42.5,56,0,0,0,0,0,0,23812
1479,L48658,L,298.3,309.4,1568,35.8,140,0,0,0,0,0,0,48658
266,L47445,L,298.0,308.1,1454,37.1,35,0,0,0,0,0,0,47445
7977,H37390,H,301.2,312.4,1395,47.8,90,0,0,0,0,0,0,37390
6051,M20910,M,300.9,311.1,1546,37.7,133,0,0,0,0,0,0,20910
200,L47379,L,298.4,308.6,1433,47.1,101,0,0,0,0,0,0,47379
8842,L56021,L,297.3,308.7,1506,39.3,187,0,0,0,0,0,0,56021
2690,L49869,L,300.0,309.5,1641,30.1,35,0,0,0,0,0,0,49869
4882,M19741,M,303.8,312.6,1406,47.1,162,0,0,0,0,0,0,19741
3149,H32562,H,300.4,309.8,1448,39.7,107,0,0,0,0,0,0,32562
8138,H37551,H,299.5,310.8,1600,32.4,67,0,0,0,0,0,0,37551
5660,M20519,M,302.3,311.5,1674,30.0,12,0,0,0,0,0,0,20519
3247,L50426,L,301.0,309.7,1468,42.0,141,0,0,0,0,0,0,50426
7260,M22119,M,300.4,310.5,1500,43.0,9,0,0,0,0,0,0,22119
6994,M21853,M,300.7,311.0,1740,25.6,176,0,0,0,0,0,0,21853
2180,L49359,L,299.6,309.2,1601,33.3,33,0,0,0,0,0,0,49359
3209,M18068,M,300.2,309.1,1406,42.2,40,0,0,0,0,0,0,18068
9529,M24388,M,299.1,310.3,1233,59.0,81,0,0,0,0,0,0,24388
8517,L55696,L,298.3,309.6,1527,30.9,189,0,0,0,0,0,0,55696
1499,L48678,L,298.0,308.8,1790,27.2,193,0,0,0,0,0,0,48678
9835,M24694,M,298.3,309.1,1632,32.7,0,0,0,0,0,0,0,24694
9474,L56653,L,298.7,309.5,1446,40.0,160,0,0,0,0,0,0,56653
2590,L49769,L,299.0,308.7,2250,16.6,208,0,0,0,0,0,0,49769
1938,L49117,L,298.2,308.0,1411,42.4,48,0,0,0,0,0,0,49117
1896,L49075,L,297.9,307.6,1344,54.3,151,0,0,0,0,0,0,49075
9264,L56443,L,298.3,309.1,1593,40.1,18,0,0,0,0,0,0,56443
849,L48028,L,296.3,307.4,1465,47.1,215,0,0,0,0,0,0,48028
3901,M18760,M,302.1,311.1,1450,51.6,86,0,0,0,0,0,0,18760
2348,L49527,L,299.2,308.3,1410,43.0,26,0,0,0,0,0,0,49527
8361,L55540,L,298.6,309.6,1540,35.8,5,0,0,0,0,0,0,55540
8529,L55708,L,298.4,309.3,1512,35.8,18,0,0,0,0,0,0,55708
3110,L50289,L,299.9,309.2,1491,44.3,214,0,0,0,0,0,0,50289
7013,L54192,L,300.4,310.4,1298,61.4,19,0,0,0,0,0,0,54192
3753,H33166,H,302.3,311.1,1455,40.3,145,0,0,0,0,0,0,33166
9204,L56383,L,297.8,308.8,1559,35.2,66,0,0,0,0,0,0,56383
5598,L52777,L,302.7,312.0,1501,37.0,77,0,0,0,0,0,0,52777
5563,L52742,L,302.3,311.7,1648,32.1,197,0,0,0,0,0,0,52742
5463,L52642,L,302.9,312.3,1889,22.8,148,0,0,0,0,0,0,52642
7333,M22192,M,299.8,310.3,1805,23.7,198,0,0,0,0,0,0,22192
4751,M19610,M,303.2,311.2,1688,31.9,33,0,0,0,0,0,0,19610
2424,M17283,M,298.9,308.2,2022,20.0,23,0,0,0,0,0,0,17283
9158,L56337,L,297.5,308.5,1462,52.3,148,0,0,0,0,0,0,56337
6991,L54170,L,300.7,311.1,2478,13.4,170,0,0,1,0,0,1,54170
3983,L51162,L,302.2,311.3,1475,48.6,104,0,0,0,0,0,0,51162
8228,M23087,M,299.1,310.4,1524,51.4,66,0,0,0,0,0,0,23087
7157,M22016,M,300.2,310.0,1664,30.7,179,0,0,0,0,0,0,22016
2838,L50017,L,300.3,309.1,1699,30.3,178,0,0,0,0,0,0,50017
4481,H33894,H,302.7,310.4,1305,55.2,20,0,1,0,0,0,1,33894
2136,L49315,L,299.3,309.0,1511,47.8,148,0,0,0,0,0,0,49315
2721,L49900,L,299.6,309.2,1559,39.1,110,0,0,0,0,0,0,49900
5718,L52897,L,302.3,312.0,1746,28.1,167,0,0,0,0,0,0,52897
2655,L49834,L,299.9,309.5,1567,35.5,171,0,0,0,0,0,0,49834
8641,L55820,L,297.6,308.6,1383,47.5,75,0,0,0,0,0,0,55820
4064,L51243,L,302.0,310.8,1948,19.7,66,0,0,0,0,0,0,51243
3294,M18153,M,301.2,310.3,1357,54.5,49,0,0,0,0,0,0,18153
8426,L55605,L,299.2,310.6,1567,38.4,172,0,0,0,0,0,0,55605
1219,M16078,M,297.0,308.2,1702,30.7,124,0,0,0,0,0,0,16078
429,M15288,M,297.6,308.6,1595,36.9,25,0,0,0,0,0,0,15288
1634,L48813,L,297.9,307.9,1476,45.2,91,0,0,0,0,0,0,48813
9057,L56236,L,297.3,308.3,1430,41.9,95,0,0,0,0,0,0,56236
1909,L49088,L,297.9,307.6,1977,20.2,182,0,0,0,0,0,0,49088
9085,L56264,L,297.2,307.9,1326,75.4,172,0,0,1,1,0,1,56264
7059,L54238,L,300.7,310.6,1520,45.9,146,0,0,0,0,0,0,54238
2080,M16939,M,299.3,309.3,1523,37.9,204,0,0,0,0,0,0,16939
2407,L49586,L,299.1,308.6,1437,41.6,183,0,0,0,0,0,0,49586
7129,L54308,L,300.6,310.0,1511,36.9,105,0,0,0,0,0,0,54308
2939,L50118,L,300.7,309.5,1479,34.5,197,0,0,0,0,0,0,50118
9544,M24403,M,299.5,310.9,1378,48.7,119,0,0,0,0,0,0,24403
6116,L53295,L,300.8,310.9,1457,47.7,82,0,0,0,0,0,0,53295
325,M15184,M,297.8,308.5,1488,41.9,196,0,0,0,0,0,0,15184
2525,M17384,M,298.8,308.7,1446,45.5,49,0,0,0,0,0,0,17384
9399,H38812,H,297.7,308.2,1526,40.1,165,0,0,0,0,0,0,38812
2883,L50062,L,300.6,309.6,1684,32.8,53,0,0,0,0,0,0,50062
1616,L48795,L,297.8,307.9,1447,48.6,46,0,0,0,0,0,0,48795
5033,M19892,M,304.0,313.1,1694,31.4,116,0,0,0,0,0,0,19892
2549,M17408,M,299.3,309.2,1440,37.5,111,0,0,0,0,0,0,17408
3788,L50967,L,302.3,310.8,1377,47.3,22,0,1,0,0,0,1,50967
2436,L49615,L,298.9,308.2,1686,30.4,53,0,0,0,0,0,0,49615
5493,M20352,M,302.9,312.4,1334,50.9,5,0,0,0,0,0,0,20352
4293,M19152,M,301.8,310.1,2372,13.9,205,0,0,1,0,0,1,19152
4738,M19597,M,303.2,311.5,1336,58.2,2,0,1,0,0,0,1,19597
3749,L50928,L,302.5,311.1,1493,39.0,137,0,0,0,0,0,0,50928
6865,L54044,L,301.1,311.3,1268,60.0,53,0,0,0,0,0,0,54044
8104,M22963,M,300.3,311.9,1429,41.6,184,0,0,0,0,0,0,22963
4398,L51577,L,302.4,310.2,1539,37.7,29,0,0,0,0,0,0,51577
6658,L53837,L,301.4,310.3,1374,47.6,176,0,0,0,0,0,0,53837
4290,M19149,M,301.8,310.0,1781,23.9,198,0,0,0,0,0,0,19149
6501,M21360,M,300.9,310.0,1416,46.6,201,0,0,0,0,0,0,21360
9819,M24678,M,298.6,309.4,1407,45.1,176,0,0,0,0,0,0,24678
8759,M23618,M,297.5,308.7,1446,53.0,168,0,0,0,0,0,0,23618
5806,M20665,M,301.4,310.9,1557,39.3,174,0,0,0,0,0,0,20665
5996,L53175,L,300.6,310.3,1920,22.3,223,0,0,0,0,0,0,53175
3165,L50344,L,300.4,309.7,1685,31.3,152,0,0,0,0,0,0,50344
8045,L55224,L,300.7,311.8,1441,38.1,34,0,0,0,0,0,0,55224
7675,L54854,L,300.5,311.6,1509,47.2,202,0,0,0,0,0,0,54854
1473,M16332,M,298.5,309.6,1438,44.5,124,0,0,0,0,0,0,16332
7952,M22811,M,300.9,311.8,1843,24.5,25,0,0,0,0,0,0,22811
572,M15431,M,297.8,309.8,1676,29.0,178,0,0,0,0,0,0,15431
3627,M18486,M,302.2,311.5,1360,53.0,36,0,0,0,0,0,0,18486
6757,L53936,L,301.8,311.2,1840,26.6,202,0,0,0,0,0,0,53936
7258,L54437,L,300.2,310.4,1518,41.8,5,0,0,0,0,0,0,54437
382,L47561,L,297.5,308.5,1546,40.4,129,0,0,0,0,0,0,47561
5498,M20357,M,302.9,312.5,1551,40.0,20,0,0,0,0,0,0,20357
3636,M18495,M,302.1,311.2,1616,35.1,57,0,0,0,0,0,0,18495
7501,L54680,L,300.2,311.8,1410,51.4,189,0,0,0,0,0,0,54680
6589,L53768,L,301.6,310.7,1457,40.4,213,0,0,0,0,0,0,53768
1157,H30570,H,297.0,307.8,1404,40.7,184,0,0,0,0,0,0,30570
7490,M22349,M,300.2,311.6,1751,28.0,162,0,0,0,0,0,0,22349
3103,L50282,L,299.9,309.1,1412,48.3,198,0,0,0,0,0,0,50282
9234,L56413,L,298.3,309.1,1403,45.1,138,0,0,0,0,0,0,56413
4237,L51416,L,302.2,310.9,1604,40.5,68,0,0,0,0,0,0,51416
4446,L51625,L,302.5,310.2,1716,29.9,156,0,0,0,0,0,0,51625
3221,M18080,M,300.7,309.6,1525,36.5,71,0,0,0,0,0,0,18080
5151,L52330,L,304.3,313.5,1590,29.8,17,0,0,0,0,0,0,52330
1399,L48578,L,299.1,310.3,1472,46.6,157,0,0,0,0,0,0,48578
2319,L49498,L,299.2,308.8,1405,51.4,183,0,0,0,0,0,0,49498
6819,M21678,M,301.0,310.7,1657,29.9,148,0,0,0,0,0,0,21678
8868,L56047,L,297.9,308.9,1566,41.9,50,0,0,0,0,0,0,56047
3895,M18754,M,302.3,311.2,1432,42.7,68,0,0,0,0,0,0,18754
7032,L54211,L,300.7,310.8,1479,49.1,71,0,0,0,0,0,0,54211
8889,M23748,M,297.7,308.9,1530,39.1,108,0,0,0,0,0,0,23748
8124,H37537,H,300.2,311.5,1515,36.8,27,0,0,0,0,0,0,37537
1433,L48612,L,298.8,309.8,1437,42.8,23,0,0,0,0,0,0,48612
7586,L54765,L,300.4,311.1,1397,50.8,189,0,0,0,0,0,0,54765
8718,L55897,L,297.1,308.7,1474,42.3,64,0,0,0,0,0,0,55897
7610,L54789,L,300.5,311.3,1490,41.8,39,0,0,0,0,0,0,54789
2265,M17124,M,299.2,308.4,1415,43.5,53,0,0,0,0,0,0,17124
4479,L51658,L,302.5,310.2,1477,41.6,16,0,0,0,0,0,0,51658
8713,L55892,L,297.2,308.6,1652,32.1,52,0,0,0,0,0,0,55892
8272,L55451,L,299.1,310.7,1309,51.1,188,0,0,0,0,0,0,55451
8971,L56150,L,297.0,307.6,1575,37.4,98,0,0,0,0,0,0,56150
688,M15547,M,297.7,309.0,1531,42.4,38,0,0,0,0,0,0,15547
4077,M18936,M,302.0,310.6,1539,37.4,96,0,0,0,0,0,0,18936
5472,L52651,L,302.7,312.3,1346,61.2,170,0,0,0,0,1,0,52651
3731,M18590,M,302.3,311.2,1405,47.7,88,0,0,0,0,0,0,18590
1993,L49172,L,298.2,307.8,1375,46.6,188,0,0,0,0,0,0,49172
636,L47815,L,298.3,310.0,1858,23.9,114,0,0,0,0,0,0,47815
2724,L49903,L,299.7,309.4,1362,51.9,117,0,0,0,0,0,0,49903
6061,L53240,L,301.0,311.1,1615,35.6,158,0,0,0,0,0,0,53240
2537,L49716,L,298.9,308.8,1281,53.9,77,0,0,0,0,0,0,49716
8098,L55277,L,300.3,311.7,1452,41.5,172,0,0,0,0,0,0,55277
9350,M24209,M,298.2,308.7,1599,36.2,28,0,0,0,0,0,0,24209
9719,L56898,L,298.9,309.9,1517,36.6,117,0,0,0,0,0,0,56898
8371,L55550,L,298.8,309.8,1634,33.6,27,0,0,0,0,0,0,55550
1835,L49014,L,297.8,307.2,1498,38.1,188,0,0,0,0,0,0,49014
6571,L53750,L,301.4,310.6,1634,31.1,171,0,0,0,0,0,0,53750
6985,M21844,M,300.7,311.0,1706,25.0,153,0,0,0,0,0,0,21844
993,L48172,L,296.1,307.1,1651,35.7,167,0,0,0,0,0,0,48172
5695,L52874,L,302.4,311.8,1508,45.7,108,0,0,0,0,0,0,52874
8585,L55764,L,297.4,307.9,1390,47.7,156,0,0,0,0,0,0,55764
506,L47685,L,297.6,309.3,1610,35.0,6,0,0,0,0,0,0,47685
342,M15201,M,297.4,308.2,1530,32.6,22,0,0,0,0,0,0,15201
6032,L53211,L,300.6,310.7,1455,40.6,82,0,0,0,0,0,0,53211
8997,L56176,L,297.2,307.9,1540,37.1,164,0,0,0,0,0,0,56176
6966,L54145,L,300.7,311.0,1312,52.1,107,0,0,0,0,0,0,54145
8343,L55522,L,298.7,309.7,1510,40.6,162,0,0,0,0,0,0,55522
5414,H34827,H,302.7,312.5,1527,36.4,26,0,0,0,0,0,0,34827
1510,L48689,L,298.0,308.5,1429,37.7,220,1,0,0,0,0,1,48689
261,M15120,M,298.2,308.3,1522,49.1,22,0,0,0,0,0,0,15120
7307,L54486,L,300.1,310.5,1356,45.8,126,0,0,0,0,0,0,54486
1212,H30625,H,296.9,308.0,1416,46.9,105,0,0,0,0,0,0,30625
3431,H32844,H,301.6,310.6,1821,26.2,171,0,0,0,0,0,0,32844
7230,L54409,L,299.8,309.8,1749,33.4,153,0,0,0,0,0,0,54409
9315,M24174,M,298.5,309.4,1565,33.7,150,0,0,0,0,0,0,24174
8631,L55810,L,297.4,308.4,1371,57.4,52,0,0,0,0,0,0,55810
3122,L50301,L,300.1,309.4,2141,17.9,33,0,0,0,0,0,0,50301
1609,L48788,L,297.8,307.7,1393,38.0,29,0,0,0,0,0,0,48788
8578,L55757,L,297.6,308.3,1502,43.2,139,0,0,0,0,0,0,55757
5105,L52284,L,304.1,313.5,1469,44.6,113,0,0,0,0,0,0,52284
7830,L55009,L,299.8,311.2,1664,28.3,173,0,0,0,0,0,0,55009
503,L47682,L,297.6,309.2,1390,43.3,221,0,0,0,0,0,0,47682
3292,M18151,M,301.2,310.1,1479,45.5,44,0,0,0,0,0,0,18151
6351,L53530,L,300.1,309.7,1362,49.1,23,0,0,0,0,0,0,53530
8157,L55336,L,299.6,310.8,1644,30.9,114,0,0,0,0,0,0,55336
490,M15349,M,297.5,309.2,1347,55.8,188,0,0,0,0,0,0,15349
7086,L54265,L,300.6,310.3,1484,41.0,213,0,0,0,0,0,0,54265
4817,L51996,L,303.4,312.0,1521,35.9,215,1,0,0,0,0,1,51996
7601,M22460,M,300.4,311.0,1595,35.4,15,0,0,0,0,0,0,22460
8423,H37836,H,298.9,310.3,1243,63.0,163,0,0,0,0,0,0,37836
2327,M17186,M,299.4,308.7,1487,52.6,205,0,0,0,0,0,0,17186
6560,H35973,H,301.5,310.6,1512,39.0,143,0,0,0,0,0,0,35973
7680,L54859,L,300.7,311.7,1635,32.4,213,0,0,0,0,0,0,54859
5298,L52477,L,303.7,313.1,1406,48.6,183,0,0,0,0,0,0,52477
2273,M17132,M,299.3,308.6,1448,52.1,71,0,0,0,0,0,0,17132
3480,M18339,M,301.8,310.8,1619,31.0,76,0,0,0,0,0,0,18339
3016,L50195,L,300.5,309.7,1589,30.5,198,0,0,0,0,0,0,50195
1316,L48495,L,299.0,310.3,1520,45.0,171,0,0,0,0,0,0,48495
8815,L55994,L,297.2,308.4,1462,51.2,102,0,0,0,0,0,0,55994
8546,L55725,L,298.4,309.3,1806,27.6,64,0,0,0,0,0,0,55725
1870,M16729,M,298.3,308.1,1630,32.7,83,0,0,0,0,0,0,16729
35,M14894,M,298.8,309.1,1559,34.7,95,0,0,0,0,0,0,14894
580,M15439,M,297.8,309.7,1700,31.3,200,0,0,0,0,0,0,15439
9430,L56609,L,298.2,308.8,1498,36.0,39,0,0,0,0,0,0,56609
3278,L50457,L,301.3,310.1,1531,41.6,9,0,0,0,0,0,0,50457
6700,M21559,M,301.7,310.8,1516,40.4,48,0,0,0,0,0,0,21559
3612,L50791,L,301.7,310.9,1405,46.4,207,1,0,0,0,1,1,50791
1323,H30736,H,298.9,310.1,1452,49.9,187,0,0,0,0,0,0,30736
1722,L48901,L,298.2,307.7,1688,32.4,91,0,0,0,0,0,0,48901
5429,L52608,L,302.7,312.4,1453,47.3,62,0,0,0,0,0,0,52608
9096,L56275,L,297.3,308.1,1458,45.7,202,0,0,0,0,0,0,56275
3121,H32534,H,300.1,309.4,1563,40.8,28,0,0,0,0,0,0,32534
2608,L49787,L,299.4,309.3,1448,48.6,44,0,0,0,0,0,0,49787
3634,M18493,M,302.2,311.3,1521,40.6,52,0,0,0,0,0,0,18493
5166,L52345,L,304.2,313.4,1421,43.4,56,0,0,0,0,0,0,52345
2907,L50086,L,300.6,309.3,1409,38.7,115,0,0,0,0,0,0,50086
8734,M23593,M,297.3,308.7,1447,44.5,105,0,0,0,0,0,0,23593
7026,H36439,H,300.6,310.6,1448,44.7,55,0,0,0,0,0,0,36439
4803,M19662,M,303.5,312.4,1318,54.2,177,0,0,0,0,0,0,19662
8247,L55426,L,299.0,310.3,1552,39.9,114,0,0,0,0,0,0,55426
3645,L50824,L,302.2,311.5,1548,32.4,81,0,0,0,0,0,0,50824
6007,M20866,M,300.6,310.5,2156,18.0,16,0,0,0,0,0,0,20866
8285,L55464,L,298.8,310.6,1651,33.3,0,0,0,0,0,0,0,55464
258,L47437,L,298.0,308.0,1615,29.5,15,0,0,0,0,0,0,47437
3181,M18040,M,300.2,309.4,1433,48.8,191,0,0,0,0,0,0,18040
9814,L56993,L,298.3,309.1,1387,52.3,160,0,0,0,0,0,0,56993
6204,L53383,L,301.0,310.9,1404,41.8,71,0,0,0,0,0,0,53383
4837,L52016,L,303.3,311.8,1315,62.0,42,0,1,0,0,0,1,52016
6673,L53852,L,301.6,310.7,1424,50.5,214,0,0,0,0,0,0,53852
2403,L49582,L,299.2,308.7,1325,51.0,171,0,0,0,0,0,0,49582
8189,M23048,M,299.6,310.9,1530,38.8,198,0,0,0,0,0,0,23048
4735,L51914,L,303.2,311.5,1507,39.2,225,0,0,0,0,0,0,51914
2740,L49919,L,299.8,309.2,1572,35.4,158,0,0,0,0,0,0,49919
7133,L54312,L,300.5,309.9,1423,47.9,114,0,0,0,0,0,0,54312
888,H30301,H,295.7,306.2,2161,16.5,105,0,0,0,0,0,0,30301
4447,L51626,L,302.5,310.3,1584,35.5,158,0,0,0,0,0,0,51626
7699,L54878,L,300.6,311.5,1419,38.6,31,0,0,0,0,0,0,54878
5988,L53167,L,300.7,310.8,1608,39.5,202,0,0,0,0,0,0,53167
3408,L50587,L,301.2,310.4,1381,49.8,115,0,0,0,0,0,0,50587
6249,L53428,L,300.8,310.1,1405,61.2,189,0,0,1,1,0,1,53428
7548,L54727,L,300.1,311.4,1430,40.9,93,0,0,0,0,0,0,54727
2113,L49292,L,299.5,309.1,1852,22.6,77,0,0,0,0,0,0,49292
7197,H36610,H,300.1,310.1,1426,42.7,64,0,0,0,0,0,0,36610
5007,M19866,M,303.7,312.8,1366,47.3,49,0,0,0,0,0,0,19866
2370,M17229,M,299.2,308.4,1856,22.7,86,0,0,0,0,0,0,17229
8468,L55647,L,298.6,309.8,1704,28.3,64,0,0,0,0,0,0,55647
3648,L50827,L,302.2,311.5,1427,43.8,88,0,0,0,0,0,0,50827
6146,M21005,M,301.1,311.1,1436,41.8,156,0,0,0,0,0,0,21005
9695,L56874,L,298.9,310.0,1559,33.4,58,0,0,0,0,0,0,56874
9060,L56239,L,297.2,308.3,1805,25.6,103,0,0,0,0,0,0,56239
5450,L52629,L,303.1,312.8,2329,15.1,113,0,0,0,0,0,0,52629
5411,M20270,M,302.7,312.5,1417,51.5,19,0,0,0,0,0,0,20270
6813,L53992,L,300.9,310.6,1350,53.8,131,0,0,0,0,0,0,53992
5230,H34643,H,303.9,313.1,1790,26.7,17,0,0,0,0,0,0,34643
3482,L50661,L,302.0,310.9,1663,31.5,81,0,0,0,0,0,0,50661
2192,L49371,L,299.6,309.0,1648,33.6,70,0,0,0,0,0,0,49371
8931,L56110,L,297.4,308.4,1571,39.4,0,0,0,0,0,0,0,56110
8445,M23304,M,298.6,309.9,1818,24.9,9,0,0,0,0,0,0,23304
5386,H34799,H,302.9,312.3,1754,26.9,209,0,0,0,0,0,0,34799
1348,L48527,L,298.7,310.2,1717,27.3,26,0,0,0,0,0,0,48527
766,L47945,L,296.9,308.0,1332,53.9,7,0,0,0,0,0,0,47945
9419,L56598,L,298.0,308.4,1432,46.2,11,0,0,0,0,0,0,56598
2298,L49477,L,299.3,308.7,1802,26.0,130,0,0,0,0,0,0,49477
8947,M23806,M,297.3,308.2,1846,24.5,41,0,0,0,0,0,0,23806
3444,L50623,L,301.5,310.5,1535,39.0,204,0,0,0,0,0,0,50623
2808,M17667,M,299.9,309.3,1452,41.9,106,0,0,0,0,0,0,17667
9279,H38692,H,298.2,308.8,1606,39.9,53,0,0,0,0,0,0,38692
1269,L48448,L,298.0,309.5,1496,45.8,46,0,0,0,0,0,0,48448
4164,L51343,L,302.1,310.5,1696,30.9,107,0,0,0,0,0,0,51343
5356,H34769,H,303.3,312.5,1328,49.8,120,0,0,0,0,0,0,34769
2008,L49187,L,298.6,308.4,1562,34.4,25,0,0,0,0,0,0,49187
9323,M24182,M,298.5,309.3,1512,38.1,170,0,0,0,0,0,0,24182
5919,L53098,L,300.6,310.1,1541,42.0,23,0,0,0,0,0,0,53098
346,L47525,L,297.5,308.3,1585,32.9,32,0,0,0,0,0,0,47525
3267,L50446,L,301.3,310.1,1269,56.8,195,0,0,0,1,0,1,50446
5809,L52988,L,301.4,311.0,1733,25.7,182,0,0,0,0,0,0,52988
4663,H34076,H,303.3,311.2,1607,31.7,34,0,0,0,0,0,0,34076
7485,M22344,M,300.3,311.6,1312,53.4,151,0,0,0,0,0,0,22344
8097,M22956,M,300.2,311.7,1555,37.4,169,0,0,0,0,0,0,22956
3405,L50584,L,301.3,310.4,1695,30.9,108,0,0,0,0,0,0,50584
7887,M22746,M,300.6,312.2,2174,18.5,95,0,0,0,0,0,0,22746
9631,L56810,L,299.0,310.1,1583,35.8,142,0,0,0,0,0,0,56810
6853,H36266,H,301.0,311.2,1602,32.7,19,0,0,0,0,0,0,36266
2949,L50128,L,300.7,309.5,1850,24.5,19,0,0,0,0,0,0,50128
4524,L51703,L,302.5,310.4,1488,48.4,134,0,0,0,0,0,0,51703
2406,L49585,L,299.1,308.7,1498,38.9,181,0,0,0,0,0,0,49585
3386,L50565,L,301.5,310.7,1466,43.6,56,0,0,0,0,0,0,50565
2663,M17522,M,299.9,309.4,1483,38.1,193,0,0,0,0,0,0,17522
6064,L53243,L,301.1,311.1,1450,43.3,168,0,0,0,0,0,0,53243
2554,L49733,L,299.3,309.1,1473,40.3,125,0,0,0,0,0,0,49733
3777,L50956,L,302.5,311.1,1538,36.8,208,0,0,0,0,0,0,50956
6900,L54079,L,300.9,311.6,1671,33.5,148,0,0,0,0,0,0,54079
9563,M24422,M,299.7,311.0,1435,50.1,168,0,0,0,0,0,0,24422
9795,L56974,L,298.5,309.3,1590,33.9,107,0,0,0,0,0,0,56974
5461,M20320,M,303.0,312.4,1526,36.1,142,0,0,0,0,0,0,20320
4871,M19730,M,303.7,312.4,1631,28.5,132,0,0,0,0,0,0,19730
5868,L53047,L,301.5,311.0,1494,45.3,99,0,0,0,0,0,0,53047
9865,M24724,M,298.9,309.9,1645,31.4,86,0,0,0,0,0,0,24724
5905,M20764,M,300.8,310.5,1330,59.0,190,0,0,0,0,0,0,20764
2112,L49291,L,299.4,309.0,1436,47.9,75,0,0,0,0,0,0,49291
624,L47803,L,298.4,310.1,1926,23.7,83,0,0,0,0,0,0,47803
5284,L52463,L,303.8,313.2,1525,41.9,145,0,0,0,0,0,0,52463
3391,H32804,H,301.5,310.7,1599,40.4,72,0,0,0,0,0,0,32804
9791,L56970,L,298.6,309.5,1483,43.2,92,0,0,0,0,0,0,56970
6341,H35754,H,300.5,309.9,1397,45.9,210,1,0,0,0,0,1,35754
7215,M22074,M,299.9,309.8,1625,41.2,109,0,0,0,0,0,0,22074
3521,L50700,L,301.9,311.0,1669,32.2,191,0,0,0,0,0,0,50700
280,L47459,L,298.0,308.1,1819,23.4,78,0,0,0,0,0,0,47459
6322,L53501,L,300.7,310.2,1286,64.9,160,0,0,0,0,0,0,53501
2763,L49942,L,299.8,309.2,1479,44.4,214,0,0,0,0,0,0,49942
1413,M16272,M,298.8,309.9,1415,53.2,194,0,0,0,0,0,0,16272
5589,M20448,M,302.5,311.8,1566,37.6,54,0,0,0,0,0,0,20448
7552,M22411,M,300.2,311.3,1491,37.3,102,0,0,0,0,0,0,22411
7728,M22587,M,300.7,311.9,1657,30.9,116,0,0,0,0,0,0,22587
1388,L48567,L,298.9,310.1,1823,26.1,131,0,0,0,0,0,0,48567
8336,M23195,M,299.0,309.8,2240,15.9,144,0,0,0,0,0,0,23195
5252,M20111,M,303.4,312.9,1307,54.3,68,0,0,0,0,0,0,20111
305,L47484,L,297.8,308.4,1737,27.5,146,0,0,0,0,0,0,47484
9276,L56455,L,298.2,308.7,1605,29.4,47,0,0,0,0,0,0,56455
4409,L51588,L,302.4,310.1,2009,18.9,59,0,0,0,0,0,0,51588
8611,L55790,L,297.4,308.3,1561,38.3,0,0,0,0,0,0,0,55790
7769,M22628,M,300.2,311.4,1960,20.9,20,0,0,0,0,0,0,22628
7903,M22762,M,300.7,312.3,1430,47.2,131,0,0,0,0,0,0,22762
1198,M16057,M,296.9,307.9,1441,47.6,60,0,0,0,0,0,0,16057
4519,L51698,L,302.4,310.3,1480,45.8,123,0,0,0,0,0,0,51698
2041,L49220,L,299.1,308.9,1686,29.6,108,0,0,0,0,0,0,49220
3705,M18564,M,302.0,311.2,1400,49.5,20,0,0,0,0,0,0,18564
4103,L51282,L,302.0,310.4,1450,46.6,165,0,0,0,0,0,0,51282
2725,M17584,M,299.8,309.3,1470,42.7,119,0,0,0,0,0,0,17584
5055,L52234,L,303.8,312.9,1619,35.7,182,0,0,0,0,0,0,52234
6787,L53966,L,301.2,310.6,1409,50.9,66,0,0,0,0,0,0,53966
1660,L48839,L,298.1,308.0,1697,31.0,164,0,0,0,0,0,0,48839
9877,H39290,H,298.8,309.7,1461,55.1,118,0,0,0,0,0,0,39290
7880,M22739,M,300.8,312.3,1535,40.3,71,0,0,0,0,0,0,22739
6231,M21090,M,301.3,311.0,1641,33.0,145,0,0,0,0,0,0,21090
8792,M23651,M,297.4,308.5,1412,45.5,49,0,0,0,0,0,0,23651
8432,H37845,H,298.9,310.1,1324,54.6,185,0,0,0,0,0,0,37845
1885,M16744,M,298.0,307.6,1792,26.0,119,0,0,0,0,0,0,16744
7099,L54278,L,300.7,310.2,1642,32.6,26,0,0,0,0,0,0,54278
7495,L54674,L,300.2,311.8,1436,48.2,175,0,0,0,0,0,0,54674
6094,L53273,L,301.0,310.8,1375,57.2,20,0,0,0,0,0,0,53273
4764,L51943,L,303.7,312.1,1443,45.9,74,0,0,0,0,0,0,51943
679,M15538,M,297.8,309.2,1295,61.2,12,0,0,0,0,0,0,15538
8070,M22929,M,300.5,311.9,1875,22.1,100,0,0,0,0,0,0,22929
8682,L55861,L,297.2,308.4,1605,30.0,183,0,0,0,0,0,0,55861
2234,L49413,L,299.5,308.7,2549,13.0,179,0,0,1,0,0,1,49413
661,M15520,M,297.7,309.2,1700,27.4,176,0,0,0,0,0,0,15520
6771,M21630,M,301.3,310.8,1509,40.1,25,0,0,0,0,0,0,21630
4763,M19622,M,303.7,312.0,2663,11.4,71,0,0,1,0,0,1,19622
8516,L55695,L,298.2,309.4,1443,45.4,187,0,0,0,0,0,0,55695
3960,M18819,M,302.2,311.4,1538,37.4,37,0,0,0,0,0,0,18819
8695,L55874,L,297.2,308.5,1766,25.8,7,0,0,0,0,0,0,55874
7669,L54848,L,300.6,311.8,1539,37.0,187,0,0,0,0,0,0,54848
3115,M17974,M,299.9,309.2,1683,30.5,13,0,0,0,0,0,0,17974
3848,M18707,M,302.3,311.0,1450,45.7,175,0,0,0,0,0,0,18707
3400,L50579,L,301.4,310.7,1605,34.2,94,0,0,0,0,0,0,50579
1943,L49122,L,298.1,308.0,1456,42.4,59,0,0,0,0,0,0,49122
794,M15653,M,296.8,307.9,1683,31.8,76,0,0,0,0,0,0,15653
831,L48010,L,296.6,307.4,1631,35.0,168,0,0,0,0,0,0,48010
6020,L53199,L,300.7,310.8,1519,43.9,55,0,0,0,0,0,0,53199
6095,M20954,M,300.9,310.8,1402,48.1,22,0,0,0,0,0,0,20954
1335,L48514,L,299.0,310.4,1365,49.1,226,0,0,0,1,0,1,48514
5302,L52481,L,303.8,313.1,1309,55.8,193,0,0,0,0,0,0,52481
4958,M19817,M,303.8,312.6,1768,23.9,149,0,0,0,0,0,0,19817
7335,L54514,L,299.8,310.4,1694,30.3,204,0,0,0,0,0,0,54514
448,M15307,M,297.6,308.7,1376,59.9,74,0,0,0,0,0,0,15307
1921,L49100,L,298.1,307.9,2161,17.5,5,0,0,0,0,0,0,49100
1015,L48194,L,296.2,307.2,1445,41.8,20,0,0,0,0,0,0,48194
7546,L54725,L,300.2,311.4,1891,22.6,86,0,0,0,0,0,0,54725
1998,L49177,L,298.3,308.1,1672,41.3,0,0,0,0,0,0,0,49177
8787,L55966,L,297.5,308.5,1306,50.7,38,0,0,0,0,0,0,55966
846,L48025,L,296.3,307.3,1439,41.5,208,0,0,0,0,0,0,48025
523,M15382,M,297.5,309.5,1448,43.7,46,0,0,0,0,0,0,15382
9179,L56358,L,297.8,309.0,1340,56.9,6,0,0,0,0,0,0,56358
9842,M24701,M,298.3,309.2,1359,51.4,21,0,0,0,0,0,0,24701
1837,L49016,L,297.7,307.2,1518,35.8,195,0,0,0,0,0,0,49016
5128,M19987,M,304.3,313.5,2245,15.1,172,0,0,0,0,0,0,19987
8442,L55621,L,298.6,309.9,1630,30.6,2,0,0,0,0,0,0,55621
1436,H30849,H,298.8,309.9,1526,42.1,30,0,0,0,0,0,0,30849
7861,L55040,L,300.5,312.0,1415,44.6,23,0,0,0,0,0,0,55040
1557,H30970,H,298.4,308.5,1398,47.1,122,0,0,0,0,0,0,30970
4149,L51328,L,301.9,310.3,1972,21.3,67,0,0,0,0,0,0,51328
9095,M23954,M,297.3,308.1,1370,58.8,199,0,0,0,0,0,0,23954
9418,H38831,H,298.1,308.4,1515,43.8,6,0,0,0,0,0,0,38831
859,M15718,M,296.2,307.0,1516,37.6,25,0,0,0,0,0,0,15718
7138,M21997,M,300.6,310.0,1486,41.2,127,0,0,0,0,0,0,21997
7634,L54813,L,300.4,311.5,1441,44.6,96,0,0,0,0,0,0,54813
6134,L53313,L,301.1,311.1,1470,40.9,125,0,0,0,0,0,0,53313
1805,L48984,L,298.1,307.7,1495,48.1,111,0,0,0,0,0,0,48984
9274,H38687,H,298.2,308.7,1520,35.7,40,0,0,0,0,0,0,38687
7544,L54723,L,300.3,311.5,1446,45.0,82,0,0,0,0,0,0,54723
962,L48141,L,295.8,306.5,1493,40.5,90,0,0,0,0,0,0,48141
6022,L53201,L,300.7,310.8,1814,21.4,59,0,0,0,0,0,0,53201
8879,L56058,L,298.1,309.2,1802,26.9,83,0,0,0,0,0,0,56058
6877,L54056,L,300.8,311.2,1430,54.4,85,0,0,0,0,0,0,54056
7228,L54407,L,299.7,309.6,1720,27.1,146,0,0,0,0,0,0,54407
6121,M20980,M,300.9,311.2,1472,40.0,93,0,0,0,0,0,0,20980
291,L47470,L,298.1,308.4,1438,45.6,105,0,0,0,0,0,0,47470
3436,L50615,L,301.5,310.5,1389,54.9,187,0,0,0,0,0,0,50615
7657,L54836,L,300.5,311.6,1541,47.8,156,0,0,0,0,0,0,54836
1007,L48186,L,296.2,307.1,1413,53.4,203,0,0,0,0,0,0,48186
3825,L51004,L,302.3,310.9,1620,30.3,112,0,0,0,0,0,0,51004
6084,L53263,L,300.9,310.7,1389,50.0,214,0,0,0,0,0,0,53263
3519,L50698,L,301.9,311.0,1376,44.9,186,0,0,0,0,0,0,50698
827,L48006,L,296.5,307.2,1481,38.2,160,0,0,0,0,0,0,48006
4039,L51218,L,302.0,310.9,1546,34.4,7,0,0,0,0,0,0,51218
618,M15477,M,298.1,310.0,1393,43.1,65,0,0,0,0,0,0,15477
4821,M19680,M,303.6,312.1,1627,32.5,7,0,0,0,0,0,0,19680
9040,M23899,M,297.3,308.3,1341,51.9,51,0,0,0,0,0,0,23899
7750,L54929,L,300.4,311.6,1674,33.0,172,0,0,0,0,0,0,54929
2896,M17755,M,300.7,309.6,1473,48.1,87,0,0,0,0,0,0,17755
4119,L51298,L,302.0,310.6,1366,47.7,206,0,0,0,0,0,0,51298
122,L47301,L,298.9,308.7,1558,41.2,110,0,0,0,0,0,0,47301
177,L47356,L,298.2,308.1,1618,34.7,39,0,0,0,0,0,0,47356
3078,L50257,L,300.1,309.3,1841,23.0,125,0,0,0,0,0,0,50257
5951,L53130,L,300.7,310.8,1689,28.9,100,0,0,0,0,0,0,53130
7589,L54768,L,300.4,311.1,2013,20.1,195,0,0,0,0,0,0,54768
6141,L53320,L,300.8,310.7,1589,34.3,144,0,0,0,0,0,0,53320
4345,H33758,H,301.8,309.9,1418,51.3,116,0,0,0,0,0,0,33758
1376,M16235,M,298.8,310.3,1528,37.1,99,0,0,0,0,0,0,16235
2770,M17629,M,300.0,309.6,1477,38.1,13,0,0,0,0,0,0,17629
7794,L54973,L,300.1,311.5,1434,40.8,80,0,0,0,0,0,0,54973
5459,L52638,L,303.1,312.6,1514,42.1,138,0,0,0,0,0,0,52638
6851,M21710,M,301.0,311.2,1521,35.8,13,0,0,0,0,0,0,21710
6887,M21746,M,300.8,311.3,1465,43.2,113,0,0,0,0,0,0,21746
5211,L52390,L,303.7,312.6,1466,42.5,183,0,0,0,0,0,0,52390
3633,L50812,L,302.1,311.3,1634,30.6,50,0,0,0,0,0,0,50812
8402,H37815,H,298.5,309.4,1671,31.8,108,0,0,0,0,0,0,37815
9981,L57160,L,298.6,308.4,1559,36.6,188,0,0,0,0,0,0,57160
7301,L54480,L,300.2,310.6,1431,42.3,113,0,0,0,0,0,0,54480
2432,M17291,M,298.9,308.2,1411,51.3,43,0,0,0,0,0,0,17291
7864,M22723,M,300.5,311.9,1511,44.5,30,0,0,0,0,0,0,22723
8001,M22860,M,300.8,312.0,1443,53.3,151,0,0,0,0,0,0,22860
7567,L54746,L,300.3,311.0,1613,34.7,142,0,0,0,0,0,0,54746
7351,L54530,L,299.7,310.2,1469,39.5,26,0,0,0,0,0,0,54530
6202,M21061,M,301.0,310.9,1510,44.5,66,0,0,0,0,0,0,21061
383,L47562,L,297.5,308.5,1335,48.0,131,0,0,0,0,0,0,47562
5273,M20132,M,303.6,313.0,1396,38.2,117,0,0,0,0,0,0,20132
2550,L49729,L,299.4,309.2,1489,42.3,114,0,0,0,0,0,0,49729
6210,L53389,L,300.7,310.6,1407,40.5,87,0,0,0,0,0,0,53389
991,L48170,L,296.2,307.0,1414,48.3,162,0,0,0,0,0,0,48170
2033,L49212,L,298.8,308.5,1444,42.2,83,0,0,0,0,0,0,49212
1556,L48735,L,298.4,308.6,1491,42.0,120,0,0,0,0,0,0,48735
6393,L53572,L,300.1,309.7,1680,33.8,140,0,0,0,0,0,0,53572
5653,L52832,L,302.4,311.8,1727,26.5,213,0,0,0,0,0,0,52832
3508,M18367,M,301.7,310.8,1502,34.4,157,0,0,0,0,0,0,18367
3540,L50719,L,302.0,311.0,1686,32.5,25,0,0,0,0,0,0,50719
8011,L55190,L,300.8,311.8,1323,61.1,178,0,0,0,0,0,0,55190
6071,L53250,L,300.9,310.9,1615,32.0,183,0,0,0,0,0,0,53250
2836,L50015,L,300.3,309.2,1572,32.0,173,0,0,0,0,0,0,50015
4599,L51778,L,303.1,311.2,1399,49.2,111,0,0,0,0,0,0,51778
1779,L48958,L,298.6,308.2,1325,54.0,41,0,0,0,0,0,0,48958
1771,H31184,H,298.4,307.9,1605,31.0,18,0,0,0,0,0,0,31184
2365,L49544,L,299.2,308.5,1366,49.7,74,0,0,0,0,0,0,49544
9619,L56798,L,299.0,310.1,1447,42.8,104,0,0,0,0,0,0,56798
3495,L50674,L,301.9,311.0,1356,45.7,119,0,0,0,0,0,0,50674
6859,L54038,L,301.0,311.2,1467,45.4,36,0,0,0,0,0,0,54038
8587,H38000,H,297.3,307.9,1461,37.5,161,0,0,0,0,0,0,38000
2230,L49409,L,299.4,308.7,1681,30.8,171,0,0,0,0,0,0,49409
9606,M24465,M,298.9,310.1,1484,37.9,73,0,0,0,0,0,0,24465
6479,L53658,L,300.5,309.8,1663,29.1,145,0,0,0,0,0,1,53658
7752,M22611,M,300.4,311.7,1398,42.6,176,0,0,0,0,0,0,22611
4996,L52175,L,303.6,312.6,1540,39.8,21,0,0,0,0,0,0,52175
3415,L50594,L,301.3,310.3,1555,41.2,131,0,0,0,0,0,0,50594
7141,L54320,L,300.5,309.9,1382,46.5,134,0,0,0,0,0,0,54320
9389,M24248,M,297.5,307.9,1544,37.9,136,0,0,0,0,0,0,24248
6483,L53662,L,300.6,309.9,1480,43.7,153,0,0,0,0,0,0,53662
5268,M20127,M,303.5,312.9,1438,42.8,106,0,0,0,0,0,0,20127
5396,L52575,L,302.8,312.4,1529,36.8,237,0,0,0,0,0,0,52575
772,H30185,H,296.8,308.0,1311,58.6,19,0,0,0,0,0,0,30185
8644,L55823,L,297.5,308.5,1448,54.3,83,0,0,0,0,0,0,55823
4851,L52030,L,303.5,312.0,1441,56.8,88,0,0,0,0,0,0,52030
4015,L51194,L,302.1,311.0,1740,30.8,182,0,0,0,0,0,0,51194
2212,M17071,M,299.6,309.0,1245,64.0,120,0,0,0,0,0,0,17071
239,L47418,L,297.9,308.1,1393,50.3,193,0,0,0,0,0,0,47418
4777,L51956,L,303.5,312.1,1522,36.4,107,0,0,0,0,0,0,51956
797,M15656,M,296.9,307.9,2010,18.9,86,0,0,0,0,0,0,15656
3790,L50969,L,302.3,310.8,1650,32.4,26,0,0,0,0,0,0,50969
6534,L53713,L,301.3,310.7,1504,47.2,74,0,0,0,0,0,0,53713
9112,L56291,L,297.6,308.6,1351,51.0,37,0,0,0,0,0,0,56291
5015,L52194,L,303.8,313.0,1452,38.6,72,0,0,0,0,0,0,52194
887,L48066,L,295.7,306.2,1458,40.6,103,0,0,0,0,0,0,48066
6926,M21785,M,301.1,311.6,1266,55.5,210,0,0,0,0,0,0,21785
3018,L50197,L,300.5,309.8,1305,51.7,202,0,0,0,0,0,0,50197
2972,M17831,M,300.7,309.5,1393,43.9,81,0,0,0,0,0,0,17831
171,M15030,M,298.4,308.2,1610,35.0,24,0,0,0,0,0,0,15030
313,L47492,L,297.9,308.6,1468,36.0,168,0,0,0,0,0,0,47492
1599,L48778,L,297.9,308.0,1501,36.7,4,0,0,0,0,0,0,48778
7829,M22688,M,299.8,311.1,1562,35.7,170,0,0,0,0,0,0,22688
5043,L52222,L,304.1,313.2,1569,35.8,146,0,0,0,0,0,0,52222
8652,M23511,M,297.4,308.4,1564,35.0,105,0,0,0,0,0,0,23511
1976,L49155,L,298.0,307.7,1422,45.6,140,0,0,0,0,0,0,49155
1796,M16655,M,298.1,307.7,1498,38.3,81,0,0,0,0,0,0,16655
1929,L49108,L,298.0,307.8,1623,29.9,24,0,0,0,0,0,0,49108
4118,L51297,L,301.9,310.5,1340,55.7,204,0,0,0,1,0,1,51297
3596,L50775,L,301.6,310.4,1517,41.1,167,0,0,0,0,0,0,50775
9676,M24535,M,299.0,310.2,1298,57.2,10,0,0,0,0,0,0,24535
7651,L54830,L,300.3,311.4,1343,57.7,142,0,0,0,0,0,0,54830
1180,L48359,L,297.3,308.4,1441,43.4,14,0,0,0,0,0,0,48359
7359,M22218,M,299.5,310.1,1659,31.5,44,0,0,0,0,0,0,22218
3079,M17938,M,300.1,309.4,1349,56.2,127,0,0,0,0,0,0,17938
242,L47421,L,298.0,308.1,1777,24.3,200,0,0,0,0,0,0,47421
5403,L52582,L,302.7,312.3,1421,48.5,0,0,0,0,0,0,0,52582
8375,L55554,L,298.8,309.7,1225,63.4,37,0,0,0,0,0,0,55554
4573,M19432,M,302.9,311.0,1556,36.5,44,0,0,0,0,0,0,19432
3054,H32467,H,300.2,309.3,1506,35.6,63,0,0,0,0,0,0,32467
3155,L50334,L,300.4,309.7,1534,42.5,127,0,0,0,0,0,0,50334
8588,M23447,M,297.4,307.9,1627,34.3,166,0,0,0,0,0,0,23447
899,L48078,L,295.6,306.2,1446,49.9,133,0,0,0,0,0,0,48078
8948,M23807,M,297.3,308.2,1452,38.2,44,0,0,0,0,0,0,23807
3458,M18317,M,301.5,310.4,2639,12.0,21,0,0,1,0,0,1,18317
8822,H38235,H,297.4,308.7,1623,33.8,127,0,0,0,0,0,0,38235
3372,L50551,L,301.4,310.7,1989,21.8,19,0,0,0,0,0,0,50551
7061,H36474,H,300.6,310.4,1479,35.6,150,0,0,0,0,0,0,36474
7537,L54716,L,300.1,311.3,2579,12.5,64,0,0,1,0,0,1,54716
1748,L48927,L,298.4,307.9,2381,14.2,164,0,0,0,0,0,0,48927
2769,L49948,L,300.0,309.5,1675,30.2,11,0,0,0,0,0,0,49948
8132,H37545,H,299.9,311.2,1364,49.6,50,0,0,0,0,0,0,37545
773,H30186,H,296.8,308.0,1453,51.0,24,0,0,0,0,0,0,30186
9252,M24111,M,298.2,309.1,1651,28.8,186,0,0,0,0,0,0,24111
1928,H31341,H,298.0,307.8,1314,47.8,19,0,0,0,0,0,0,31341
9023,L56202,L,297.4,308.3,1548,46.6,7,0,0,0,0,0,0,56202
9174,H38587,H,297.8,308.9,1650,32.2,195,0,0,0,0,0,0,38587
1777,L48956,L,298.5,308.1,1564,31.1,34,0,0,0,0,0,0,48956
6132,H35545,H,301.0,311.0,1640,37.6,118,0,0,0,0,0,0,35545
8134,L55313,L,299.8,311.1,1466,46.1,58,0,0,0,0,0,0,55313
4536,L51715,L,302.4,310.2,1503,36.2,166,0,0,0,0,0,0,51715
6831,M21690,M,301.0,310.9,1359,53.4,180,0,0,0,0,0,0,21690
2466,L49645,L,298.9,308.6,1481,40.7,124,0,0,0,0,0,0,49645
1019,L48198,L,296.3,307.2,1291,58.6,29,0,0,0,0,0,0,48198
5118,L52297,L,304.1,313.6,1611,31.4,144,0,0,0,0,0,0,52297
8257,H37670,H,299.0,310.5,1336,56.8,136,0,0,0,0,0,0,37670
6038,L53217,L,300.7,311.1,1426,46.2,97,0,0,0,0,0,0,53217
9150,M24009,M,297.5,308.6,1429,50.5,129,0,0,0,0,0,0,24009
3008,L50187,L,300.4,309.7,1314,50.2,179,0,0,0,0,0,0,50187
9883,L57062,L,298.8,309.8,1895,22.0,134,0,0,0,0,0,0,57062
7456,M22315,M,300.2,311.7,1597,39.5,68,0,0,0,0,0,0,22315
6767,M21626,M,301.4,311.0,1427,43.2,13,0,0,0,0,0,0,21626
252,M15111,M,298.0,308.2,1466,42.6,2,0,0,0,0,0,0,15111
5692,L52871,L,302.4,311.8,1320,56.4,100,0,0,0,0,0,0,52871
4553,M19412,M,302.7,310.5,1880,22.7,207,0,0,0,0,0,0,19412
3096,M17955,M,299.9,309.2,1574,36.5,177,0,0,0,0,0,0,17955
3616,M18475,M,301.8,311.1,1647,31.6,6,0,0,0,0,0,0,18475
6154,L53333,L,301.0,311.1,1236,64.4,177,0,0,0,1,0,1,53333
8562,L55741,L,298.2,308.9,1332,44.4,100,0,0,0,0,0,0,55741
7627,H37040,H,300.5,311.6,1351,53.5,78,0,0,0,0,0,0,37040
3973,L51152,L,302.3,311.4,1511,34.7,75,0,0,0,0,0,0,51152
3019,M17878,M,300.5,309.8,1566,35.9,204,0,0,0,0,0,0,17878
3336,L50515,L,301.7,310.9,1705,31.2,146,0,0,0,0,0,0,50515
9152,L56331,L,297.6,308.6,1553,40.5,135,0,0,0,0,0,0,56331
2185,L49364,L,299.8,309.4,1475,43.4,51,0,0,0,0,0,0,49364
3350,L50529,L,301.4,310.7,1673,27.8,181,0,0,0,0,0,0,50529
2342,L49521,L,299.1,308.2,1409,46.4,12,0,0,0,0,0,0,49521
7392,L54571,L,299.7,310.6,1675,31.3,129,0,0,0,0,0,0,54571
4369,L51548,L,302.0,310.0,1664,28.6,190,0,0,0,0,0,0,51548
1317,L48496,L,299.0,310.3,1507,36.7,173,0,0,0,0,0,0,48496
8769,M23628,M,297.5,308.7,1363,53.6,194,0,0,0,0,0,0,23628
7074,L54253,L,300.7,310.6,1491,43.2,187,0,0,0,0,0,0,54253
763,M15622,M,296.7,307.8,1286,60.5,0,0,0,0,0,0,0,15622
825,L48004,L,296.6,307.4,1436,42.8,156,0,0,0,0,0,0,48004
8755,L55934,L,297.4,308.6,1635,30.5,159,0,0,0,0,0,0,55934
3933,L51112,L,302.6,311.6,1953,22.4,180,0,0,0,0,0,0,51112
4549,L51728,L,302.6,310.5,1511,37.2,197,0,0,0,0,0,0,51728
982,L48161,L,296.2,306.8,1655,31.1,136,0,0,0,0,0,0,48161
9700,L56879,L,298.8,309.8,1508,36.3,69,0,0,0,0,0,0,56879
7927,L55106,L,300.7,311.9,1335,57.1,194,0,0,0,1,0,1,55106
9343,H38756,H,298.3,308.9,1706,31.8,8,0,0,0,0,0,0,38756
3293,L50472,L,301.3,310.3,1400,44.3,47,0,0,0,0,0,0,50472
4660,M19519,M,303.1,311.2,1489,44.5,27,0,0,0,0,0,0,19519
7414,M22273,M,300.1,311.1,1616,35.2,183,0,0,0,0,0,0,22273
9022,M23881,M,297.4,308.2,1536,34.6,4,0,0,0,0,0,0,23881
1150,L48329,L,297.2,308.1,1446,38.5,164,0,0,0,0,0,0,48329
6691,L53870,L,301.7,311.0,1343,49.2,25,0,0,0,0,0,0,53870
5646,M20505,M,302.5,312.0,1591,29.4,192,0,0,0,0,0,0,20505
2004,M16863,M,298.5,308.2,1564,37.5,15,0,0,0,0,0,0,16863
8050,H37463,H,300.6,311.9,1604,30.5,45,0,0,0,0,0,0,37463
1178,M16037,M,297.2,308.3,1604,39.4,9,0,0,0,0,0,0,16037
7455,L54634,L,300.2,311.6,1446,47.3,66,0,0,0,0,0,0,54634
6440,L53619,L,300.6,310.1,1656,32.7,44,0,0,0,0,0,0,53619
7296,M22155,M,300.1,310.5,1329,57.4,99,0,0,0,0,0,0,22155
4952,L52131,L,303.8,312.7,1596,36.6,134,0,0,0,0,0,0,52131
2335,L49514,L,299.2,308.4,1445,43.5,224,0,0,0,0,0,0,49514
4508,L51687,L,302.4,310.1,1709,31.8,100,0,0,0,0,0,0,51687
5580,L52759,L,302.6,312.2,1695,27.1,32,0,0,0,0,0,0,52759
3505,M18364,M,301.7,310.8,1524,41.3,147,0,0,0,0,0,0,18364
110,L47289,L,298.9,308.7,1572,34.1,80,0,0,0,0,0,0,47289
2017,L49196,L,298.5,308.3,1458,44.0,44,0,0,0,0,0,0,49196
8543,H37956,H,298.4,309.4,1512,35.3,51,0,0,0,0,0,0,37956
174,M15033,M,298.2,308.0,1591,33.7,32,0,0,0,0,0,0,15033
3690,L50869,L,302.1,311.4,1889,22.7,194,0,0,0,0,0,0,50869
8513,H37926,H,298.3,309.6,1546,36.2,177,0,0,0,0,0,0,37926
6302,M21161,M,301.2,310.6,1576,39.6,109,0,0,0,0,0,0,21161
2367,L49546,L,299.3,308.5,1485,44.7,78,0,0,0,0,0,0,49546
1079,H30492,H,296.9,307.7,1656,30.8,181,0,0,0,0,0,0,30492
751,L47930,L,296.7,308.0,1535,36.8,210,0,0,0,0,0,0,47930
4973,H34386,H,303.8,312.6,1811,24.9,183,0,0,0,0,0,0,34386
2642,H32055,H,299.8,309.5,1420,46.7,136,0,0,0,0,0,0,32055
4415,L51594,L,302.7,310.5,1520,39.3,73,0,0,0,0,0,0,51594
7384,M22243,M,299.7,310.4,1410,44.5,105,0,0,0,0,0,0,22243
778,L47957,L,296.7,307.8,1382,47.5,37,0,0,0,0,0,0,47957
9184,L56363,L,297.9,309.1,1543,36.6,20,0,0,0,0,0,0,56363
1171,M16030,M,297.1,308.1,1823,24.3,219,0,0,0,0,0,0,16030
4554,L51733,L,302.6,310.5,1461,45.4,0,0,0,0,0,0,0,51733
8690,L55869,L,297.1,308.4,1543,39.6,205,0,0,0,0,0,0,55869
3398,L50577,L,301.4,310.6,1648,30.7,90,0,0,0,0,0,0,50577
7239,L54418,L,299.8,310.0,1697,36.0,175,0,0,0,0,0,0,54418
6065,L53244,L,301.1,311.1,1889,23.8,170,0,0,0,0,0,0,53244
5108,L52287,L,303.9,313.2,1540,44.4,119,0,0,0,0,0,0,52287
3111,H32524,H,299.9,309.2,1525,33.2,0,0,0,0,0,0,0,32524
7611,M22470,M,300.5,311.3,1507,43.4,41,0,0,0,0,0,0,22470
1228,L48407,L,297.1,308.4,1422,42.1,148,0,0,0,0,0,0,48407
3192,M18051,M,300.1,309.2,1732,33.7,218,0,0,0,0,0,0,18051
2824,M17683,M,300.3,309.5,1320,62.2,142,0,0,0,0,0,0,17683
6852,M21711,M,301.0,311.2,1394,41.3,16,0,0,0,0,0,0,21711
1527,L48706,L,298.1,309.0,1787,27.6,47,0,0,0,0,0,0,48706
5977,H35390,H,300.5,310.6,1378,51.5,166,0,0,0,0,0,0,35390
8714,L55893,L,297.2,308.6,1917,24.1,54,0,0,0,0,0,0,55893
3632,M18491,M,302.1,311.4,1419,36.2,47,0,0,0,0,0,0,18491
9609,M24468,M,298.9,310.1,1513,41.5,80,0,0,0,0,0,0,24468
527,L47706,L,297.6,309.5,1373,50.6,55,0,0,0,0,0,0,47706
1819,M16678,M,298.1,307.7,1435,40.9,147,0,0,0,0,0,0,16678
2854,M17713,M,300.5,309.3,1539,39.1,216,0,0,0,0,0,0,17713
2680,L49859,L,299.8,309.5,1476,44.4,14,0,0,0,0,0,0,49859
7714,M22573,M,300.5,311.4,2072,18.8,75,0,0,0,0,0,0,22573
9219,L56398,L,297.7,308.8,1354,50.2,103,0,0,0,0,0,0,56398
1680,L48859,L,298.0,307.5,1792,27.9,217,0,0,0,0,0,0,48859
2236,M17095,M,299.4,308.6,1455,42.7,183,0,0,0,0,0,0,17095
6073,M20932,M,300.9,310.8,1695,30.2,188,0,0,0,0,0,0,20932
862,M15721,M,296.1,306.9,1951,23.3,38,0,0,0,0,0,0,15721
8990,L56169,L,297.2,307.9,1469,48.2,144,0,0,0,0,0,0,56169
4421,H33834,H,302.6,310.2,1873,21.3,87,0,0,0,0,0,0,33834
3878,H33291,H,302.6,311.7,1471,48.3,25,0,0,0,0,0,0,33291
3203,L50382,L,300.2,309.2,1430,43.4,24,0,0,0,0,0,0,50382
7896,L55075,L,300.8,312.6,1422,50.0,117,0,0,0,0,0,0,55075
1596,L48775,L,298.0,308.2,1365,52.9,218,0,0,0,1,0,1,48775
1104,M15963,M,296.7,307.4,1540,38.7,45,0,0,0,0,0,0,15963
2073,L49252,L,299.6,309.5,1570,35.5,189,0,0,0,0,1,0,49252
2536,L49715,L,299.0,308.8,1495,38.4,75,0,0,0,0,0,0,49715
6735,M21594,M,301.6,310.9,1575,40.1,139,0,0,0,0,0,0,21594
16,L47195,L,298.6,309.2,1542,48.4,42,0,0,0,0,0,0,47195
9261,L56440,L,298.2,309.0,1377,57.8,8,0,0,0,0,0,0,56440
1744,M16603,M,298.5,308.0,1713,25.8,154,0,0,0,0,0,0,16603
8960,L56139,L,297.3,308.0,1420,46.5,73,0,0,0,0,0,0,56139
5025,L52204,L,303.9,313.1,1639,29.0,95,0,0,0,0,0,0,52204
9934,L57113,L,298.3,308.3,1597,32.4,69,0,0,0,0,0,0,57113
4327,L51506,L,301.6,310.1,1362,55.8,70,0,1,0,0,0,1,51506
4492,H33905,H,302.6,310.4,1409,53.3,52,0,0,0,0,0,0,33905
770,L47949,L,296.9,308.0,1343,44.5,15,0,0,0,0,0,0,47949
901,L48080,L,295.6,306.2,1569,35.1,140,0,0,0,0,0,0,48080
2605,M17464,M,299.3,309.1,1385,45.6,34,0,0,0,0,0,0,17464
8088,L55267,L,300.1,311.4,1446,40.6,147,0,0,0,0,0,0,55267
7400,L54579,L,299.6,310.6,1642,35.1,149,0,0,0,0,0,0,54579
6268,L53447,L,300.8,310.4,1570,35.2,23,0,0,0,0,0,0,53447
5619,M20478,M,303.0,312.4,1645,29.6,129,0,0,0,0,0,0,20478
2925,L50104,L,300.8,309.7,1461,44.3,158,0,0,0,0,0,0,50104
6138,M20997,M,300.9,310.8,1988,19.7,136,0,0,0,0,0,0,20997
8309,L55488,L,298.7,310.1,1401,45.3,67,0,0,0,0,0,0,55488
63,L47242,L,298.8,309.0,1829,22.9,172,0,0,0,0,0,0,47242
9284,M24143,M,298.3,309.0,1802,27.5,71,0,0,0,0,0,0,24143
6797,M21656,M,301.3,310.7,1300,58.3,92,0,0,0,0,0,0,21656
6234,L53413,L,301.2,310.9,1467,37.1,153,0,0,0,0,0,0,53413
3502,H32915,H,301.9,311.0,1291,63.6,137,0,0,0,0,0,0,32915
3217,L50396,L,300.5,309.5,1653,27.6,62,0,0,0,0,0,0,50396
8857,M23716,M,297.7,308.9,1327,63.7,21,0,0,0,0,0,0,23716
7043,L54222,L,300.6,310.5,1642,29.9,100,0,0,0,0,0,0,54222
9650,H39063,H,299.1,310.0,1657,33.1,187,0,0,0,0,0,0,39063
293,L47472,L,298.1,308.4,1335,40.2,109,0,0,0,0,0,0,47472
3899,M18758,M,302.1,311.1,1423,36.8,80,0,0,0,0,0,0,18758
304,M15163,M,297.8,308.4,1479,43.5,143,0,0,0,0,0,0,15163
2893,L50072,L,300.7,309.6,1329,54.3,80,0,0,0,0,0,0,50072
6206,M21065,M,300.9,310.7,1696,27.3,76,0,0,0,0,0,0,21065
8223,L55402,L,299.0,310.5,1755,27.9,56,0,0,0,0,0,0,55402
1120,L48299,L,296.5,307.5,1340,59.1,89,0,0,0,0,0,0,48299
5249,M20108,M,303.5,313.0,1902,21.6,60,0,0,0,0,0,0,20108
5734,L52913,L,302.3,311.8,1487,43.2,206,0,0,0,0,0,0,52913
1597,L48776,L,298.0,308.1,1877,24.3,0,0,0,0,0,0,0,48776
5153,L52332,L,304.3,313.5,2643,12.7,21,0,0,0,0,0,0,52332
5804,L52983,L,301.5,310.9,1671,31.1,170,0,0,0,0,0,0,52983
6062,H35475,H,301.1,311.1,1618,29.5,160,0,0,0,0,0,0,35475
8491,M23350,M,298.5,309.6,1364,58.7,123,0,0,0,0,0,0,23350
8565,M23424,M,298.0,308.7,1614,30.7,106,0,0,0,0,0,0,23424
7140,L54319,L,300.6,310.1,1495,42.3,132,0,0,0,0,0,0,54319
396,L47575,L,297.4,308.3,1571,37.7,162,0,0,0,0,0,0,47575
1082,L48261,L,297.0,307.8,1521,40.2,190,0,0,0,0,0,0,48261
646,L47825,L,297.7,309.4,1392,44.1,140,0,0,0,0,0,0,47825
9711,L56890,L,299.1,310.1,1336,61.3,94,0,0,0,0,0,0,56890
9688,M24547,M,299.1,310.1,1649,31.6,41,0,0,0,0,0,0,24547
4927,L52106,L,303.4,312.3,1502,36.0,69,0,0,0,0,0,0,52106
9101,L56280,L,297.3,308.2,1446,53.5,7,0,0,0,0,0,0,56280
3317,M18176,M,301.4,310.5,1217,60.6,103,0,0,0,0,0,0,18176
1013,M15872,M,296.1,307.1,1433,38.5,14,0,0,0,0,0,0,15872
9448,M24307,M,298.1,308.9,1323,51.7,88,0,0,0,0,0,0,24307
3886,L51065,L,302.5,311.5,1677,29.2,49,0,0,0,0,0,0,51065
7653,L54832,L,300.3,311.4,1346,51.1,147,0,0,0,0,0,0,54832
2479,M17338,M,298.9,308.5,1456,50.0,156,0,0,0,0,0,0,17338
8186,L55365,L,299.7,311.1,1554,41.0,192,0,0,0,0,0,0,55365
3187,M18046,M,300.2,309.4,1456,48.8,205,0,0,0,0,0,0,18046
8840,M23699,M,297.4,308.9,1376,39.0,181,0,0,0,0,0,0,23699
2985,L50164,L,300.6,309.7,1639,30.4,121,0,0,0,0,0,0,50164
8783,L55962,L,297.5,308.7,1456,44.7,29,0,0,0,0,0,0,55962
1163,L48342,L,296.9,307.8,1400,57.1,202,0,0,0,1,0,1,48342
936,M15795,M,295.5,306.0,1641,36.6,21,0,0,0,0,0,0,15795
5775,L52954,L,301.5,311.1,1602,34.3,100,0,0,0,0,0,0,52954
5615,H35028,H,303.0,312.2,1624,28.8,117,0,0,0,0,0,0,35028
8216,L55395,L,299.1,310.5,1437,43.1,40,0,0,0,0,0,0,55395
9580,L56759,L,299.5,310.7,1589,33.5,5,0,0,0,0,0,0,56759
2280,L49459,L,299.4,308.7,1525,39.0,90,0,0,0,0,0,0,49459
1605,L48784,L,297.8,307.8,1452,39.8,21,0,0,0,0,0,0,48784
3589,M18448,M,301.7,310.6,1505,44.5,146,0,0,0,0,0,0,18448
6897,M21756,M,301.0,311.6,1454,40.0,140,0,0,0,0,0,0,21756
9833,L57012,L,298.4,309.2,2118,17.7,210,0,0,0,0,0,0,57012
8892,M23751,M,297.7,308.9,1681,28.3,116,0,0,0,0,0,0,23751
4433,L51612,L,302.4,310.2,1445,46.4,125,0,0,0,0,0,0,51612
7242,M22101,M,299.9,310.0,1484,42.1,182,0,0,0,0,0,0,22101
9803,H39216,H,298.4,309.3,1984,19.2,132,0,0,0,0,0,0,39216
7882,L55061,L,300.8,312.4,1493,39.1,79,0,0,0,0,0,0,55061
750,L47929,L,296.6,308.0,1978,22.3,208,0,0,0,0,0,0,47929
3416,L50595,L,301.4,310.4,1579,36.9,133,0,0,0,0,0,0,50595
5514,M20373,M,302.8,312.2,1452,50.3,60,0,0,0,0,0,0,20373
2294,L49473,L,299.5,308.9,1520,38.3,122,0,0,0,0,0,0,49473
279,M15138,M,298.0,308.0,1620,29.4,75,0,0,0,0,0,0,15138
6441,L53620,L,300.6,310.2,1648,31.7,46,0,0,0,0,0,0,53620
9126,L56305,L,297.4,308.5,1569,34.2,72,0,0,0,0,0,0,56305
6727,L53906,L,301.5,310.8,1500,41.0,118,0,0,0,0,0,0,53906
4825,L52004,L,303.4,311.8,1499,45.0,16,0,0,0,0,0,0,52004
9168,M24027,M,297.6,308.7,1392,41.2,178,0,0,0,0,0,0,24027
8053,L55232,L,300.5,311.9,1403,45.7,54,0,0,0,0,0,0,55232
9902,M24761,M,298.7,309.2,1423,48.9,187,0,0,0,0,0,0,24761
1145,L48324,L,297.0,307.9,1296,69.1,153,0,0,1,0,0,1,48324
7482,H36895,H,300.2,311.4,1506,36.1,141,0,0,0,0,0,0,36895
8610,L55789,L,297.4,308.3,1475,40.5,222,1,0,0,0,0,1,55789
4285,L51464,L,301.8,310.0,1493,40.3,185,0,0,0,0,0,0,51464
9380,L56559,L,297.5,308.2,1419,48.5,108,0,0,0,0,0,0,56559
4357,L51536,L,302.0,309.8,1649,31.0,152,0,0,0,0,0,0,51536
13,M14872,M,298.6,309.1,1339,51.1,34,0,0,0,0,0,0,14872
9393,L56572,L,297.6,308.1,1437,46.3,149,0,0,0,0,0,0,56572
2858,M17717,M,300.4,309.2,1528,37.2,228,0,0,0,0,0,0,17717
757,L47936,L,296.8,308.0,1584,40.4,227,0,0,0,0,0,0,47936
8417,M23276,M,298.8,310.1,1585,31.3,147,0,0,0,0,0,0,23276
2698,L49877,L,300.0,309.6,1618,28.7,53,0,0,0,0,0,0,49877
9007,L56186,L,297.3,307.9,1417,41.8,186,0,0,0,0,0,0,56186
6389,H35802,H,300.3,309.9,1509,46.6,125,0,0,0,0,0,0,35802
9165,L56344,L,297.6,308.6,2384,14.4,171,0,0,0,0,0,0,56344
4950,M19809,M,303.8,312.7,1555,33.4,128,0,0,0,0,0,0,19809
2038,H31451,H,299.0,308.7,1940,19.9,98,0,0,0,0,0,0,31451
3288,M18147,M,301.2,310.1,1558,32.6,34,0,0,0,0,0,0,18147
5911,M20770,M,300.8,310.3,1458,43.4,0,0,0,0,0,0,0,20770
4929,L52108,L,303.5,312.3,1584,35.2,74,0,0,0,0,0,0,52108
2500,M17359,M,299.1,308.9,1325,48.4,220,0,0,0,0,0,0,17359
7324,L54503,L,299.9,310.2,1479,46.3,173,0,0,0,0,0,0,54503
4068,L51247,L,301.9,310.7,1429,51.0,76,0,0,0,0,0,0,51247
3620,L50799,L,301.9,311.2,1435,44.2,16,0,0,0,0,0,0,50799
4603,M19462,M,303.0,311.0,1409,41.7,120,0,0,0,0,0,0,19462
6354,M21213,M,300.0,309.6,1491,42.0,29,0,0,0,0,0,0,21213
9848,L57027,L,298.4,309.1,1362,46.1,37,0,0,0,0,0,0,57027
6850,L54029,L,301.1,311.3,1498,37.6,11,0,0,0,0,0,0,54029
9268,L56447,L,298.2,308.8,1362,57.3,28,0,0,0,0,0,0,56447
3995,L51174,L,302.3,311.4,1434,40.3,133,0,0,0,0,0,0,51174
1138,L48317,L,296.9,307.8,1653,29.7,137,0,0,0,0,0,0,48317
8057,L55236,L,300.1,311.5,1499,43.4,65,0,0,0,0,0,0,55236
9561,L56740,L,299.6,310.9,1487,42.5,164,0,0,0,0,0,0,56740
810,L47989,L,296.9,307.6,1452,45.7,122,0,0,0,0,0,0,47989
5175,M20034,M,304.2,313.5,1390,47.8,83,0,0,0,0,0,0,20034
8586,M23445,M,297.4,307.9,1338,48.5,158,0,0,0,0,0,0,23445
5110,M19969,M,304.0,313.4,1389,45.8,123,0,0,0,0,0,0,19969
9398,M24257,M,297.7,308.2,1370,53.4,162,0,0,0,0,0,0,24257
2320,M17179,M,299.2,308.8,1700,33.5,185,0,0,0,0,0,0,17179
6917,M21776,M,300.9,311.3,1603,31.8,190,0,0,0,0,0,0,21776
259,L47438,L,298.1,308.2,1482,37.9,17,0,0,0,0,0,0,47438
4924,M19783,M,303.4,312.2,1972,23.5,59,0,0,0,0,0,0,19783
1586,L48765,L,298.2,308.3,1400,48.7,194,0,0,0,0,0,0,48765
6969,L54148,L,300.9,311.2,1789,25.5,114,0,0,0,0,0,0,54148
999,M15858,M,296.4,307.2,2071,19.4,183,0,0,0,0,0,0,15858
5375,L52554,L,302.9,312.3,1515,40.8,183,0,0,0,0,0,0,52554
3699,H33112,H,302.2,311.3,1758,26.4,4,0,0,0,0,0,0,33112
5338,M20197,M,303.3,312.6,1482,44.4,73,0,0,0,0,0,0,20197
344,L47523,L,297.5,308.3,1388,48.6,27,0,0,0,0,0,0,47523
9654,L56833,L,299.0,309.9,1373,55.7,201,0,0,0,1,0,1,56833
6742,M21601,M,301.7,311.1,1506,39.5,158,0,0,0,0,0,0,21601
5774,H35187,H,301.6,311.2,1395,46.8,95,0,0,0,0,0,0,35187
817,L47996,L,296.8,307.6,1434,48.3,138,0,0,0,0,0,0,47996
2569,L49748,L,299.6,309.2,1450,43.1,160,0,0,0,0,0,0,49748
6189,L53368,L,301.0,310.9,1450,45.9,35,0,0,0,0,0,0,53368
117,L47296,L,298.9,308.7,1564,34.1,99,0,0,0,0,0,0,47296
793,L47972,L,296.8,307.8,1373,42.9,74,0,0,0,0,0,0,47972
5439,L52618,L,302.9,312.5,1683,32.1,85,0,0,0,0,0,0,52618
9918,M24777,M,298.5,308.8,1557,36.0,21,0,0,0,0,0,0,24777
5370,H34783,H,303.0,312.5,1507,37.9,163,0,0,0,0,0,0,34783
2464,L49643,L,298.9,308.5,1580,39.1,119,0,0,0,0,0,0,49643
3220,M18079,M,300.6,309.6,1503,38.4,68,0,0,0,0,0,0,18079
9536,M24395,M,299.3,310.6,1609,31.4,99,0,0,0,0,0,0,24395
4954,L52133,L,303.7,312.5,1670,26.1,139,0,0,0,0,0,0,52133
1464,L48643,L,298.8,310.1,1607,39.5,105,0,0,0,0,0,0,48643
415,L47594,L,297.4,308.4,1588,32.5,207,0,0,0,0,0,0,47594
1994,M16853,M,298.3,308.0,1463,42.5,190,0,0,0,0,0,0,16853
2313,M17172,M,299.1,308.6,1441,36.2,169,0,0,0,0,0,0,17172
6334,M21193,M,300.4,309.9,1415,31.8,192,0,0,0,0,0,0,21193
9716,L56895,L,299.1,310.1,1373,55.6,108,0,0,0,0,0,0,56895
2058,L49237,L,299.5,309.3,1520,42.3,149,0,0,0,0,0,0,49237
6321,M21180,M,300.8,310.2,1304,52.5,157,0,0,0,0,0,0,21180
8074,L55253,L,300.5,312.0,1558,36.7,113,0,0,0,0,0,0,55253
3237,M18096,M,300.8,309.4,1342,62.4,113,0,1,0,0,0,1,18096
5995,L53174,L,300.6,310.4,1608,39.2,221,0,0,0,0,0,0,53174
7277,M22136,M,300.1,310.3,1350,48.8,50,0,0,0,0,0,0,22136
8413,M23272,M,298.6,309.7,1314,49.7,136,0,0,0,0,0,0,23272
6693,M21552,M,301.8,311.0,1839,23.6,30,0,0,0,0,0,0,21552
8725,M23584,M,297.2,308.6,1513,39.0,78,0,0,0,0,0,0,23584
9045,L56224,L,297.4,308.4,1378,39.9,63,0,0,0,0,0,0,56224
9754,L56933,L,298.5,309.8,1593,35.1,203,0,0,0,0,0,0,56933
4978,L52157,L,303.7,312.7,1540,44.8,196,0,0,0,0,0,0,52157
5213,L52392,L,303.7,312.5,1397,45.7,187,0,0,0,0,0,0,52392
6175,L53354,L,300.9,310.7,1573,31.2,2,0,0,0,0,0,0,53354
4820,L51999,L,303.6,312.2,1696,30.7,5,0,0,0,0,0,0,51999
5766,L52945,L,301.7,311.3,1708,30.5,77,0,0,0,0,0,0,52945
3446,M18305,M,301.6,310.6,1599,36.1,208,0,0,0,0,0,0,18305
3651,L50830,L,302.1,311.4,1446,39.7,95,0,0,0,0,0,0,50830
4262,L51441,L,302.7,311.1,1730,28.1,135,0,0,0,0,0,0,51441
2582,L49761,L,299.2,309.1,1345,60.7,191,0,0,0,1,0,1,49761
4337,H33750,H,301.6,309.9,1423,53.6,95,0,0,0,0,0,0,33750
5048,M19907,M,304.1,313.3,1680,29.3,158,0,0,0,0,0,0,19907
306,L47485,L,297.8,308.4,2129,19.2,148,0,0,0,0,0,0,47485
8348,L55527,L,298.7,309.6,1665,31.1,178,0,0,0,0,0,0,55527
6026,L53205,L,300.7,311.0,1336,53.3,68,0,0,0,0,0,0,53205
5029,M19888,M,303.9,313.2,1630,29.3,104,0,0,0,0,0,0,19888
5371,H34784,H,303.0,312.4,1627,37.1,168,0,0,0,0,0,0,34784
5341,L52520,L,303.5,312.7,1393,49.3,82,0,0,0,0,0,0,52520
8659,L55838,L,297.4,308.5,1496,36.4,126,0,0,0,0,0,0,55838
5710,L52889,L,302.2,311.7,1556,38.6,145,0,0,0,0,0,0,52889
4856,L52035,L,303.7,312.3,1375,46.2,98,0,0,0,0,0,0,52035
4822,L52001,L,303.5,311.9,1405,45.6,10,0,0,0,0,0,0,52001
9965,L57144,L,298.3,307.9,1766,26.5,145,0,0,0,0,0,0,57144
4046,M18905,M,301.8,310.9,1881,20.9,23,0,0,0,0,0,0,18905
8877,M23736,M,298.1,309.3,1752,25.2,77,0,0,0,0,0,0,23736
5181,L52360,L,304.0,313.2,1584,38.7,104,0,0,0,0,0,0,52360
6997,M21856,M,300.5,310.6,1621,32.0,184,0,0,0,0,0,0,21856
7585,L54764,L,300.4,311.2,1472,37.3,187,0,0,0,0,0,0,54764
5832,L53011,L,301.3,311.3,1474,50.7,10,0,0,0,0,0,0,53011
4609,M19468,M,303.0,311.2,1519,38.0,139,0,0,0,0,0,0,19468
7002,L54181,L,300.5,310.5,1564,38.2,199,0,0,0,0,0,0,54181
9923,H39336,H,298.6,308.8,1566,39.1,36,0,0,0,0,0,0,39336
4366,L51545,L,302.0,310.0,1449,48.8,181,0,0,0,0,0,0,51545
5604,L52783,L,302.9,312.2,1340,57.8,90,0,0,0,0,0,0,52783
8920,L56099,L,297.2,308.3,1693,28.0,188,0,0,0,0,0,0,56099
3756,L50935,L,302.3,311.0,1329,51.5,154,0,0,0,0,0,0,50935
6891,M21750,M,300.9,311.4,1532,41.5,126,0,0,0,0,0,0,21750
850,H30263,H,296.4,307.4,1586,35.5,0,0,0,0,0,0,0,30263
6459,M21318,M,300.6,310.0,1302,62.9,87,0,0,0,0,0,0,21318
9048,L56227,L,297.3,308.4,1488,37.4,69,0,0,0,0,0,0,56227
9759,L56938,L,298.6,309.8,2271,16.2,218,1,0,0,0,0,1,56938
7068,M21927,M,300.8,310.7,1386,42.1,170,0,0,0,0,0,0,21927
7162,L54341,L,300.2,310.2,1440,42.9,191,0,0,0,0,0,0,54341
1356,M16215,M,298.6,310.0,1681,35.5,44,0,0,0,0,0,0,16215
6350,L53529,L,300.1,309.8,1506,35.2,21,0,0,0,0,0,0,53529
4057,L51236,L,301.9,310.9,1597,36.9,50,0,0,0,0,0,0,51236
4607,L51786,L,302.9,311.1,1556,45.3,135,0,0,0,0,0,0,51786
7216,L54395,L,299.9,309.8,1477,47.7,112,0,0,0,0,0,0,54395
2400,M17259,M,299.2,308.5,1594,35.8,160,0,0,0,0,0,0,17259
955,H30368,H,295.6,306.2,1414,42.5,69,0,0,0,0,0,0,30368
752,M15611,M,296.8,308.1,1843,24.2,212,0,0,0,0,0,0,15611
5756,L52935,L,302.1,311.4,1391,49.2,52,0,0,0,0,0,0,52935
1111,L48290,L,296.5,307.4,1292,52.5,62,0,0,0,0,0,0,48290
5649,L52828,L,302.5,311.9,1401,44.9,203,0,0,0,0,0,0,52828
7709,L54888,L,300.5,311.4,1709,32.3,64,0,0,0,0,0,0,54888
8795,M23654,M,297.4,308.5,1497,36.4,56,0,0,0,0,0,0,23654
5070,M19929,M,304.2,313.2,1380,48.7,17,0,0,0,0,0,0,19929
296,M15155,M,298.1,308.6,1716,30.7,119,0,0,0,0,0,0,15155
8593,M23452,M,297.5,308.0,1430,44.5,178,0,0,0,0,0,0,23452
2029,M16888,M,298.7,308.3,1349,46.6,74,0,0,0,0,0,0,16888
3640,L50819,L,302.4,311.6,1622,35.0,68,0,0,0,0,0,0,50819
1830,L49009,L,297.8,307.2,1880,23.0,176,0,0,0,0,0,0,49009
8364,L55543,L,298.8,309.7,1582,45.0,11,0,0,0,0,0,0,55543
7997,M22856,M,301.0,312.2,1499,41.5,140,0,0,0,0,0,0,22856
4847,M19706,M,303.3,311.8,1548,33.5,75,0,0,0,0,0,0,19706
7596,H37009,H,300.5,311.2,1397,45.2,2,0,0,0,0,0,0,37009
3076,M17935,M,300.1,309.2,1385,46.1,120,0,0,0,0,0,0,17935
6411,L53590,L,300.4,310.1,1544,41.9,184,0,0,0,0,0,0,53590
2171,M17030,M,299.4,309.1,1500,43.3,10,0,0,0,0,0,0,17030
5751,L52930,L,302.2,311.8,1981,21.8,36,0,0,0,0,0,0,52930
1002,L48181,L,296.3,307.1,1662,32.9,190,0,0,0,0,0,0,48181
5858,L53037,L,301.3,310.9,1760,23.9,76,0,0,0,0,0,0,53037
3368,H32781,H,301.5,310.7,1790,26.2,8,0,0,0,0,0,0,32781
1761,L48940,L,298.1,307.5,1684,33.1,200,0,0,0,0,0,0,48940
2093,L49272,L,299.4,309.2,1444,48.2,24,0,0,0,0,0,0,49272
2506,L49685,L,299.2,309.1,1387,48.7,4,0,0,0,0,0,0,49685
3639,M18498,M,302.3,311.5,1445,44.8,65,0,0,0,0,0,0,18498
6378,L53557,L,300.1,309.6,1541,37.0,96,0,0,0,0,0,0,53557
4317,L51496,L,301.5,310.1,1639,33.4,47,0,0,0,0,0,0,51496
4007,L51186,L,302.1,311.2,1492,45.0,162,0,0,0,0,0,0,51186
3325,L50504,L,301.5,310.6,1578,34.1,120,0,0,0,0,0,0,50504
3694,L50873,L,302.1,311.3,1521,31.5,202,0,0,0,0,0,0,50873
8123,M22982,M,300.2,311.6,1533,46.4,24,0,0,0,0,0,0,22982
9501,L56680,L,299.2,310.2,1697,30.6,12,0,0,0,0,0,0,56680
3306,M18165,M,301.3,310.4,1577,48.3,78,0,0,0,0,0,0,18165
5741,M20600,M,302.3,311.7,1535,38.3,5,0,0,0,0,0,0,20600
3355,L50534,L,301.6,310.9,1559,40.2,191,0,0,0,0,0,0,50534
8553,L55732,L,298.2,309.1,1467,44.5,80,0,0,0,0,0,0,55732
99,L47278,L,298.9,308.8,1529,32.7,53,0,0,0,0,0,0,47278
300,M15159,M,297.8,308.3,1567,35.6,131,0,0,0,0,0,0,15159
921,M15780,M,295.5,305.9,1518,44.1,194,0,0,0,0,0,0,15780
7705,M22564,M,300.6,311.6,1630,31.8,52,0,0,0,0,0,0,22564
2065,L49244,L,299.6,309.5,1453,41.4,168,0,0,0,0,0,0,49244
2629,H32042,H,299.9,309.6,1410,51.2,98,0,0,0,0,0,0,32042
1439,L48618,L,298.8,309.9,1482,39.1,45,0,0,0,0,0,0,48618
3362,L50541,L,301.5,310.6,1519,40.7,208,0,0,0,0,0,0,50541
3045,L50224,L,300.2,309.4,1981,21.4,44,0,0,0,0,0,0,50224
9801,H39214,H,298.5,309.3,1421,50.3,124,0,0,0,0,0,0,39214
2666,L49845,L,299.8,309.4,2256,15.9,201,0,0,0,0,0,0,49845
7328,M22187,M,299.9,310.5,1576,39.4,183,0,0,0,0,0,0,22187
8911,L56090,L,297.1,308.4,1550,37.0,167,0,0,0,0,0,0,56090
1566,L48745,L,298.0,308.2,1459,42.1,146,0,0,0,0,0,0,48745
6226,M21085,M,301.2,311.0,1424,41.4,131,0,0,0,0,0,0,21085
3141,H32554,H,300.4,309.9,2563,12.8,81,0,0,1,0,0,1,32554
7168,L54347,L,300.3,310.3,1362,60.3,206,0,0,0,1,0,1,54347
2975,M17834,M,300.6,309.4,1521,37.2,90,0,0,0,0,0,0,17834
5894,M20753,M,301.3,311.0,1410,52.7,161,0,0,0,0,0,0,20753
5124,M19983,M,304.2,313.5,1532,41.3,161,0,0,0,0,0,0,19983
6172,L53351,L,300.8,310.6,1416,42.2,225,0,0,0,0,0,0,53351
7888,L55067,L,300.7,312.4,1590,37.9,98,0,0,0,0,0,0,55067
2970,L50149,L,300.6,309.4,1468,44.1,76,0,0,0,0,0,0,50149
4916,H34329,H,303.5,312.3,1386,49.0,35,0,0,0,0,0,0,34329
7831,H37244,H,299.9,311.2,1495,35.8,175,0,0,0,0,0,0,37244
25,M14884,M,299.0,309.4,1561,37.3,70,0,0,0,0,0,0,14884
1246,M16105,M,297.1,308.4,1588,33.4,204,0,0,0,0,0,0,16105
8356,L55535,L,298.7,309.6,1502,46.7,198,0,0,0,0,0,0,55535
3994,L51173,L,302.3,311.3,1324,47.8,131,0,0,0,0,0,0,51173
8867,H38280,H,297.9,308.9,1416,39.6,45,0,0,0,0,0,0,38280
1286,M16145,M,298.5,309.6,1492,41.7,100,0,0,0,0,0,0,16145
561,L47740,L,297.5,309.4,1318,58.2,146,0,0,0,0,0,0,47740
7376,M22235,M,299.4,309.9,1567,40.6,87,0,0,0,0,0,0,22235
115,L47294,L,298.8,308.6,1680,29.4,95,0,0,0,0,0,0,47294
8711,L55890,L,297.1,308.5,1712,32.1,48,0,0,0,0,0,0,55890
8719,L55898,L,297.2,308.7,1509,39.3,66,0,0,0,0,0,0,55898
1017,M15876,M,296.3,307.2,1319,68.3,24,0,0,1,0,0,1,15876
1142,L48321,L,297.0,307.9,1635,31.6,147,0,0,0,0,0,0,48321
2452,L49631,L,299.2,308.7,1650,30.5,93,0,0,0,0,0,0,49631
3020,L50199,L,300.5,309.8,1379,54.2,207,0,0,0,1,0,1,50199
5610,M20469,M,303.1,312.4,1378,50.1,104,0,0,0,0,0,0,20469
3922,L51101,L,302.7,311.5,1494,41.4,149,0,0,0,0,0,0,51101
6394,L53573,L,300.2,309.7,1678,30.5,142,0,0,0,0,0,0,53573
6595,L53774,L,301.6,310.6,2103,19.7,12,0,0,0,0,0,0,53774
9832,L57011,L,298.4,309.3,1542,35.4,208,0,0,0,0,0,0,57011
1480,L48659,L,298.2,309.3,1355,43.8,142,0,0,0,0,0,0,48659
19,H29432,H,298.8,309.2,1306,54.5,50,0,0,0,0,0,0,29432
4548,M19407,M,302.5,310.4,1451,53.6,194,0,0,0,0,0,0,19407
6056,L53235,L,300.7,310.8,1475,42.0,147,0,0,0,0,0,0,53235
7508,L54687,L,300.5,311.9,1750,28.3,207,0,0,0,0,0,0,54687
7633,L54812,L,300.5,311.6,1744,26.8,94,0,0,0,0,0,0,54812
2392,L49571,L,299.2,308.4,1580,32.6,142,0,0,0,0,0,0,49571
5216,M20075,M,303.7,312.7,1532,42.7,194,0,0,0,0,0,0,20075
4808,L51987,L,303.5,312.4,1503,36.5,191,0,0,0,0,0,0,51987
9440,M24299,M,298.1,308.8,1433,48.2,62,0,0,0,0,0,0,24299
7790,L54969,L,300.2,311.5,1495,38.5,69,0,0,0,0,0,0,54969
7237,M22096,M,299.8,310.0,1460,37.1,169,0,0,0,0,0,0,22096
781,M15640,M,296.9,308.0,1409,50.7,43,0,0,0,0,0,0,15640
1343,M16202,M,298.6,310.1,1596,33.0,15,0,0,0,0,0,0,16202
1980,H31393,H,298.0,307.6,1420,45.8,150,0,0,0,0,0,0,31393
732,M15591,M,297.3,308.6,1431,53.0,160,0,0,0,0,0,0,15591
2756,L49935,L,299.7,309.2,1478,38.8,199,0,0,0,0,0,0,49935
2190,H31603,H,299.7,309.2,1554,41.6,62,0,0,0,0,0,0,31603
3100,M17959,M,299.9,309.1,1513,43.8,188,0,0,0,0,0,0,17959
142,L47321,L,298.7,308.5,1544,35.2,159,0,0,0,0,0,0,47321
254,L47433,L,298.0,308.2,1357,48.2,7,0,0,0,0,0,0,47433
4718,M19577,M,303.4,311.6,1425,45.4,184,0,0,0,0,0,0,19577
2943,L50122,L,300.7,309.5,1461,49.9,0,0,0,0,0,0,0,50122
2350,M17209,M,299.3,308.5,1386,42.2,30,0,0,0,0,0,0,17209
6639,L53818,L,301.5,310.5,1453,44.2,129,0,0,0,0,0,0,53818
9484,H38897,H,298.9,309.6,1546,35.3,190,0,0,0,0,0,0,38897
124,L47303,L,298.9,308.7,1546,43.4,114,0,0,0,0,0,0,47303
5147,L52326,L,304.4,313.6,1585,38.9,9,0,0,0,0,0,0,52326
1006,L48185,L,296.2,307.2,1382,52.0,201,0,0,0,0,0,0,48185
7560,M22419,M,300.4,311.4,1355,56.2,122,0,0,0,0,0,0,22419
8742,L55921,L,297.4,308.8,1538,41.2,126,0,0,0,0,0,0,55921
7106,L54285,L,300.9,310.4,1536,34.2,45,0,0,0,0,0,0,54285
3226,L50405,L,300.6,309.4,1474,40.7,87,0,0,0,0,0,0,50405
9671,L56850,L,299.0,310.2,1690,30.7,244,0,0,0,0,0,0,56850
1045,L48224,L,296.5,307.6,1512,43.6,92,0,0,0,0,0,0,48224
6005,L53184,L,300.5,310.4,1761,26.5,12,0,0,0,0,0,0,53184
9454,H38867,H,298.2,309.0,1360,56.8,107,0,0,0,0,0,0,38867
1780,M16639,M,298.6,308.2,1488,44.0,43,0,0,0,0,0,0,16639
3663,M18522,M,302.3,311.7,1517,37.6,124,0,0,0,0,0,0,18522
2159,M17018,M,299.5,309.0,1399,49.7,207,0,0,0,0,0,0,17018
2757,L49936,L,299.7,309.2,1781,29.6,201,0,0,0,0,0,0,49936
609,L47788,L,298.0,309.9,1403,47.7,43,0,0,0,0,0,0,47788
4901,L52080,L,303.6,312.4,1388,41.9,221,0,0,0,0,0,0,52080
6811,L53990,L,301.0,310.7,1727,34.5,127,0,0,0,0,0,0,53990
981,L48160,L,296.1,306.7,1409,42.8,134,0,0,0,0,0,0,48160
4267,L51446,L,302.7,311.1,1440,39.5,146,0,0,0,0,0,0,51446
7773,H37186,H,300.3,311.5,1464,41.0,29,0,0,0,0,0,0,37186
5781,L52960,L,301.7,311.2,1517,42.4,113,0,0,0,0,0,0,52960
1425,L48604,L,298.7,309.7,1462,46.8,4,0,0,0,0,0,0,48604
